ID,Edad,Sexo,Fecha de ingreso,Fecha de egreso,Dias estancia,Hipertension arterial,Diabetes mellitus,Dislipidemia,Obesidad Sobrepeso,Falla cardiaca,Fibrilacion auricular,Enfermedad coronaria,Accidente cerebrovascular,Valvulopatia,Estenosis valvular Ninguna,Estenosis valvular Tricuspide,Estenosis valvular Aortica,Estenosis valvular Pulmonar,Estenosis valvular Mitral,Estenosis valvular No information,Insuficiencia valvular Ninguna,Insuficiencia valvular Tricuspide,Insuficiencia valvular Aortica,Insuficiencia valvular Pulmonar,Insuficiencia valvular Mitral,Insuficiencia valvular No information,Reemplazo valvular,Cirugia cardiaca no valvular,Dispositivo cardiaco No,Dispositivo cardiaco CDI,Dispositivo cardiaco TRC,Dispositivo cardiaco Marcapasos,Dispositivo cardiaco No information,Enfermedad cardiaca reumatica,Abuso de alcohol,Cancer,Inmunosupresion o enfermedad autoinmune No,Inmunosupresion o enfermedad autoinmune Trasplantado,Inmunosupresion o enfermedad autoinmune Enfermedad autoinmune,Inmunosupresion o enfermedad autoinmune Uso de esteroides,Inmunosupresion o enfermedad autoinmune VIH,Inmunosupresion o enfermedad autoinmune Otro,Inmunosupresion o enfermedad autoinmune No information,Enfermedad hepatica cirrosis,Enfermedad renal,Enfermedad pulmonar obstructiva cronica,Enfermedad tiroidea,Cardiopatia congenita,Cateter permanente,Cirugia o procedimiento endoscopico previo,Endocarditis previa,Procedimiento odontologico previo,Presencia de inflamacion infeccion odontologica,Uso de drogas IV,Otro factor predisponente,Fecha de inicio de los sintomas,Fiebre,Disnea,Astenia adinamia,Sintomas neurologicos,Tos,Eventos vasculares No,Eventos vasculares Lesion de Janeway,Eventos vasculares Hemorragia en astilla,Eventos vasculares Embolismo,Eventos vasculares Hemorragia conjuntival,Eventos vasculares ACV hemorragico,Eventos vasculares ACV isquemico,Eventos vasculares No information,Hematuria,Manifestacion inmunologica No,Manifestacion inmunologica Nodulo de Osler,Manifestacion inmunologica Manchas de Roth,Manifestacion inmunologica Glomerulonefritis,Manifestacion inmunologica No information,Descompensacion de falla cardiaca,Sepsis Shock Septico,Peso,Talla,IMC,Presion arterial sistolica,Presion arterial diastolica,Presion arterial media,Frecuencia cardiaca,Frecuencia respiratoria,Esplenomegalia,Hepatomegalia,Soplo cardiaco de novo,Exacerbacion  soplo cardiaco preexistente,Edema en miembros inferiores,Leucocitos,Linfocitos,Neutrofilos,Hemoglobina,Plaquetas,Velocidad eritrosedimentacion,Proteina C reactiva,Factor reumatoideo,Creatinina,Nitrogeno ureico,NT proBNP BNP,Troponina I ultrasensible,Troponina T,Procalcitonina,Potasio,Sodio,AST,ALT,Hemocultivo,Staphylococcus aureus,Staphylococcus coagulasa negativo,Streptococcus,Enterococcus spp,HACEK,Bacteria gram negativa,Hongos,Polimicrobiano,Otro patogeno,Aislamiento positivo,Ecocardiograma,Fecha ecocardiograma,FEVI_ecocardiograma,Valvulopatia_ecocardiograma,Estenosis valvular No),Estenosis valvular Aortica),Estenosis valvular Mitral),Estenosis valvular Pulmonar),Estenosis valvular Tricuspidea),Estenosis valvular No information),Insuficiencia valvular No),Insuficiencia valvular Aortica),Insuficiencia valvular Mitral),Insuficiencia valvular Pulmonar),Insuficiencia valvular Tricuspidea),Insuficiencia valvular No information),VegetacionesNo),VegetacionesAortica),VegetacionesMitral),VegetacionesPulmonar),VegetacionesTricuspidea),VegetacionesDispositivo),VegetacionesOtro),VegetacionesNo information),Otro sitio anatomico para vegetacion,Fecha del diagnostico,Sospecha clinica,Confirmacion con imagen,Tipo de endocarditis,Tipo de endocarditis (temporalidad),Diagnostico con criterios de Duke,Evento embolico,Evento cerebrovascular,Falla cardiaca descompensada,Hemocultivo  positivo persistente,ArritmiaNo),ArritmiaVentricular),ArritmiaSupraventricular),ArritmiaNo information),Shock septico,Espondilitis,Fiebre persistente,Aneurisma micotico,Trombocitopenia,Glomerulonefritis,Absceso,Hemodialisis,Mediastinitis,Antibiotico,Antibiotico  recibidoCeftriaxona),Antibiotico  recibidoVancomicina),Antibiotico  recibidoCeftazidima avibactam),Antibiotico  recibidoMeropenem),Antibiotico  recibidoGentamicina),Antibiotico  recibidoRifampicina),Antibiotico  recibidoAmoxicilina),Antibiotico  recibidoCefepime),Antibiotico  recibidoDoxiciclina),Antibiotico  recibidoPenicilina benzatinica),Antibiotico  recibidoFlucloxacilina),Antibiotico  recibidoCeftarolina),Antibiotico  recibidoDaptomicina),Antibiotico  recibidoPiperacilina Tazobactam),Antibiotico  recibidoOxacilina),Antibiotico  recibidoAmpicilina),Antibiotico  recibidoMoxifloxacino),Antibiotico  recibidoOtro),Antibiotico  recibidoNo information),Otro antibiotico,Dias antibiotico,Intervencion quirurgica,Tipo de cirugia,Procedimiento valvular,Procedimiento concomitante,Requerimiento de Retiro de  algun dispositivo,Complicacion postoperatoriaNinguna),Complicacion postoperatoriaACV),Complicacion postoperatoriaDialisis),Complicacion postoperatoriaAlteracion de la conduccion),Complicacion postoperatoriaDispositivo cardiaco),Complicacion postoperatoriaReintervencion por sangrado),Complicacion postoperatoriaISO),Complicacion postoperatoriaNo information),Requerimiento de UCI,Dias de estancia en UCI,Requerimiento de inotropicos,Requerimiento de vasoactivos,Requerimiento de VMI,Estado vital al  finalizar hospitalizacion,Causa de muerte,Mortalidad
1,60,Hombre,2022-10-25,2022-11-18,24,No,No,No,No,No,No,No,No,No,No seleccionados,No seleccionados,No seleccionados,No seleccionados,No seleccionados,No seleccionados,No seleccionados,No seleccionados,No seleccionados,No seleccionados,No seleccionados,No seleccionados,,No,Seleccionados,No seleccionados,No seleccionados,No seleccionados,No seleccionados,No,No,No,Seleccionados,No seleccionados,No seleccionados,No seleccionados,No seleccionados,No seleccionados,No seleccionados,No,No,No,No,Si,No,No,No,No,No information,No,infeccion urinaria y artritis septica,2022-09-21,No,Si,Si,No,Si,Seleccionados,No seleccionados,No seleccionados,No seleccionados,No seleccionados,No seleccionados,No seleccionados,No seleccionados,No,Seleccionados,No seleccionados,No seleccionados,No seleccionados,No seleccionados,Stevenson B,No,"59,1",169,"20,7",150.0,65.0,93,108.0,19.0,No,No,No,No,No,9120.0,1210,6840,"11,4",195000.0,67,"9,7",No information,"0,99","8,7",1782,188,No information,"0,062","4,1",138,11,16,Negativo,No,No,No,No,No,No,No,No,No information,No,Si,2022-10-26,35.0,Si,Seleccionados,No seleccionados,No seleccionados,No seleccionados,No seleccionados,No seleccionados,No seleccionados,Seleccionados,No seleccionados,No seleccionados,No seleccionados,No seleccionados,No seleccionados,Seleccionados,No seleccionados,No seleccionados,No seleccionados,No seleccionados,No seleccionados,No seleccionados,No information,2022-10-28,Si,Si,Nativa,Aguda,Definitivo,no,No,Si,No,No seleccionados,No seleccionados,Seleccionados,No seleccionados,No,No,No,No,No,No,No,No,No,Si,No seleccionados,No seleccionados,No seleccionados,No seleccionados,No seleccionados,No seleccionados,No seleccionados,No seleccionados,No seleccionados,No seleccionados,No seleccionados,Seleccionados,Seleccionados,Seleccionados,No seleccionados,No seleccionados,No seleccionados,No seleccionados,No seleccionados,No information,23.0,Si,Abierta,Protesis mecanica,Ninguno,No,No seleccionados,No seleccionados,No seleccionados,Seleccionados,No seleccionados,No seleccionados,No seleccionados,No seleccionados,Si,13,No,No,No,Vivo,,0
2,75,Hombre,2022-10-25,2022-11-29,35,Si,No,No,No,No,No,Si,No,Si,Seleccionados,No seleccionados,No seleccionados,No seleccionados,No seleccionados,No seleccionados,Seleccionados,No seleccionados,No seleccionados,No seleccionados,No seleccionados,No seleccionados,Si,No,Seleccionados,No seleccionados,No seleccionados,No seleccionados,No seleccionados,No,No,No,Seleccionados,No seleccionados,No seleccionados,No seleccionados,No seleccionados,No seleccionados,No seleccionados,No,No,No,No,No,No,No,No,No,No,No,No information,2022-10-13,Si,No,Si,Si,No,Seleccionados,No seleccionados,No seleccionados,No seleccionados,No seleccionados,No seleccionados,No seleccionados,No seleccionados,No,Seleccionados,No seleccionados,No seleccionados,No seleccionados,No seleccionados,No aplica,Shock  septico,62,170,"21,5",75.0,37.0,"49,67",110.0,26.0,No,No,No,No,No,10040.0,1060,6930,"10,5",14600.0,No information,"7,02",No information,"0,69","17,3",No information,No information,No information,No information,"3,3",135,No information,No information,Positivo,"Si, meticilino sensible",No,No,No,No,No,No,No,No information,Si,Si,2022-11-10,64.0,Si,No seleccionados,No seleccionados,Seleccionados,No seleccionados,No seleccionados,No seleccionados,Seleccionados,No seleccionados,No seleccionados,No seleccionados,No seleccionados,No seleccionados,Seleccionados,No seleccionados,No seleccionados,No seleccionados,No seleccionados,No seleccionados,No seleccionados,No seleccionados,No information,2022-10-29,Si,Si,Protesica,Aguda,Definitivo,no,No,No,No,Seleccionados,No seleccionados,No seleccionados,No seleccionados,Si,No,No,No,No,No,No,No,No,Si,No seleccionados,Seleccionados,No seleccionados,Seleccionados,No seleccionados,No seleccionados,No seleccionados,No seleccionados,No seleccionados,No seleccionados,No seleccionados,No seleccionados,No seleccionados,No seleccionados,Seleccionados,No seleccionados,No seleccionados,No seleccionados,No seleccionados,No information,40.0,Si,Endovascular,Protesis biologica,Extraccion de masa,No,No seleccionados,No seleccionados,No seleccionados,Seleccionados,No seleccionados,No seleccionados,No seleccionados,No seleccionados,Si,27,Si,Si,No,Vivo,,0
3,2,Mujer,2016-12-13,2017-03-22,99,No,No,No,No,No,No,No,No,No,No seleccionados,No seleccionados,No seleccionados,No seleccionados,No seleccionados,No seleccionados,No seleccionados,No seleccionados,No seleccionados,No seleccionados,No seleccionados,No seleccionados,,No,Seleccionados,No seleccionados,No seleccionados,No seleccionados,No seleccionados,No,No,No,Seleccionados,No seleccionados,No seleccionados,No seleccionados,No seleccionados,No seleccionados,No seleccionados,No,No,No,Hipotiroidismo,No,Si,Gastrointestinal,No,No,No,No,Vacunacion incompleta,2016-11-10,Si,No,No,Si,Si,Seleccionados,No seleccionados,No seleccionados,No seleccionados,No seleccionados,No seleccionados,No seleccionados,No seleccionados,No,Seleccionados,No seleccionados,No seleccionados,No seleccionados,No seleccionados,No aplica,No,10,85,"13,8",94.0,56.0,68,91.0,24.0,No,No,No,No,No,8970.0,3100,4280,"9,3",132000.0,No information,"2,31",No information,"0,34",34,No information,No information,No information,No information,"3,44",141,435,441,Positivo,"Si, meticilino resistente",S. epidermidis,No,No,No,No,No,Si,Staphylococcushaemolyticus,Si,Si,2016-12-13,68.0,No,No seleccionados,No seleccionados,No seleccionados,No seleccionados,No seleccionados,No seleccionados,No seleccionados,No seleccionados,No seleccionados,No seleccionados,No seleccionados,No seleccionados,No seleccionados,No seleccionados,No seleccionados,No seleccionados,Seleccionados,No seleccionados,No seleccionados,No seleccionados,No information,2016-12-09,Si,Si,Nativa,Aguda,Definitivo,no,No,No,No,Seleccionados,No seleccionados,No seleccionados,No seleccionados,No,No,No,No,Si,No,No,No,No,Si,No seleccionados,Seleccionados,No seleccionados,No seleccionados,No seleccionados,No seleccionados,No seleccionados,No seleccionados,No seleccionados,No seleccionados,No seleccionados,No seleccionados,No seleccionados,No seleccionados,No seleccionados,No seleccionados,No seleccionados,No seleccionados,No seleccionados,No information,42.0,No,,,,,No seleccionados,No seleccionados,No seleccionados,No seleccionados,No seleccionados,No seleccionados,No seleccionados,No seleccionados,No,0,No,No,No,Vivo,,0
4,62,Hombre,2017-02-15,2017-04-17,61,Si,No,Si,Sobrepeso (>=25-29.9 IMC),Si,No,No,No,Si,No seleccionados,No seleccionados,Seleccionados,No seleccionados,No seleccionados,No seleccionados,No seleccionados,No seleccionados,No seleccionados,No seleccionados,Seleccionados,No seleccionados,No,No,Seleccionados,No seleccionados,No seleccionados,No seleccionados,No seleccionados,No,No,Si,Seleccionados,No seleccionados,No seleccionados,No seleccionados,No seleccionados,No seleccionados,No seleccionados,No,No,Si,No,No,No,No,No,No,No,No,No information,2017-02-15,No,Si,Si,No,Si,Seleccionados,No seleccionados,No seleccionados,No seleccionados,No seleccionados,No seleccionados,No seleccionados,No seleccionados,No,Seleccionados,No seleccionados,No seleccionados,No seleccionados,No seleccionados,No aplica,No,52,165,"19,1",105.0,62.0,76,104.0,19.0,No,No,No,Si,No,9010.0,1530,5750,"7,2",332000.0,No information,"16,59",No information,"0,85","18,9",No information,"24,1",No information,"5,78","4,33",136,"51,4","64,5",Negativo,No,No,No,No,No,No,No,No,No information,No,Si,2017-02-16,54.0,Si,No seleccionados,Seleccionados,No seleccionados,No seleccionados,No seleccionados,No seleccionados,No seleccionados,No seleccionados,Seleccionados,No seleccionados,No seleccionados,No seleccionados,Seleccionados,No seleccionados,No seleccionados,No seleccionados,No seleccionados,No seleccionados,No seleccionados,No seleccionados,No information,2017-03-06,Si,Si,Nativa,Aguda,Definitivo,no,No,No,No,Seleccionados,No seleccionados,No seleccionados,No seleccionados,No,No,Si,No,No,No,Si,No,Si,Si,Seleccionados,Seleccionados,No seleccionados,Seleccionados,No seleccionados,No seleccionados,No seleccionados,No seleccionados,No seleccionados,No seleccionados,No seleccionados,No seleccionados,No seleccionados,No seleccionados,No seleccionados,No seleccionados,No seleccionados,No seleccionados,No seleccionados,No information,60.0,Si,Abierta,Protesis biologica,RVM,No,No seleccionados,No seleccionados,No seleccionados,No seleccionados,No seleccionados,No seleccionados,Seleccionados,No seleccionados,Si,35,Si,No,No,Vivo,,0
5,72,Mujer,2016-12-30,2017-02-09,41,Si,No,No,Sobrepeso (>=25-29.9 IMC),No,No,No,No,No,No seleccionados,No seleccionados,No seleccionados,No seleccionados,No seleccionados,No seleccionados,No seleccionados,No seleccionados,No seleccionados,No seleccionados,No seleccionados,No seleccionados,,No,Seleccionados,No seleccionados,No seleccionados,No seleccionados,No seleccionados,No,No,No,Seleccionados,No seleccionados,No seleccionados,No seleccionados,No seleccionados,No seleccionados,No seleccionados,No,No,Si,No,No,No,No,No,No,No,No,No information,2016-12-30,No,No,No,Si,No,Seleccionados,No seleccionados,No seleccionados,No seleccionados,No seleccionados,No seleccionados,No seleccionados,No seleccionados,No,Seleccionados,No seleccionados,No seleccionados,No seleccionados,No seleccionados,No aplica,No,75,160,"29,3",147.0,62.0,90,102.0,16.0,No,No,No,No,No,19290.0,610,17880,"11,2",317000.0,No information,"47,6",No information,"0,86","17,1",No information,No information,No information,No information,"4,44",147,"40,3","59,4",Positivo,No,No,S. pneumoniae,No,No,No,No,No,No information,Si,Si,2017-01-06,75.0,No,No seleccionados,No seleccionados,No seleccionados,No seleccionados,No seleccionados,No seleccionados,No seleccionados,No seleccionados,No seleccionados,No seleccionados,No seleccionados,No seleccionados,No seleccionados,No seleccionados,Seleccionados,No seleccionados,No seleccionados,No seleccionados,No seleccionados,No seleccionados,No information,2017-01-06,Si,Si,Nativa,Aguda,Definitivo,Otro,No,No,No,No seleccionados,No seleccionados,Seleccionados,No seleccionados,No,No,No,No,No,No,Si,No,No,Si,Seleccionados,Seleccionados,No seleccionados,No seleccionados,No seleccionados,No seleccionados,No seleccionados,No seleccionados,No seleccionados,No seleccionados,No seleccionados,No seleccionados,No seleccionados,No seleccionados,No seleccionados,No seleccionados,No seleccionados,No seleccionados,No seleccionados,No information,42.0,No,,,,,No seleccionados,No seleccionados,No seleccionados,No seleccionados,No seleccionados,No seleccionados,No seleccionados,No seleccionados,Si,1,No,Si,No,Vivo,,0
6,7,Mujer,2017-01-20,2017-02-22,33,No,No,No,No,No,No,No,No,Si,Seleccionados,No seleccionados,No seleccionados,No seleccionados,No seleccionados,No seleccionados,No seleccionados,No seleccionados,No seleccionados,No seleccionados,Seleccionados,No seleccionados,No,Si,Seleccionados,No seleccionados,No seleccionados,No seleccionados,No seleccionados,No,No,No,Seleccionados,No seleccionados,No seleccionados,No seleccionados,No seleccionados,No seleccionados,No seleccionados,No,No,No,No,Si,No,No,No,No,No,No,Desnutricion,2017-01-08,Si,No,No,No,No,No seleccionados,No seleccionados,No seleccionados,Seleccionados,No seleccionados,No seleccionados,No seleccionados,No seleccionados,No,Seleccionados,No seleccionados,No seleccionados,No seleccionados,No seleccionados,No aplica,No,"14,2",125,"9,1",111.0,74.0,86,75.0,38.0,No,Si,Si,No,No,18020.0,1750,14190,"9,9",213000.0,No information,"14,52",No information,"0,33","13,4",4206,No information,No information,No information,"4,72",138,34,"37,4",Negativo,No,No,No,No,No,No,No,No,No information,No,Si,2017-01-21,48.0,Si,Seleccionados,No seleccionados,No seleccionados,No seleccionados,No seleccionados,No seleccionados,No seleccionados,No seleccionados,Seleccionados,No seleccionados,No seleccionados,No seleccionados,Seleccionados,No seleccionados,No seleccionados,No seleccionados,No seleccionados,No seleccionados,No seleccionados,No seleccionados,No information,2017-01-18,No,Si,Nativa,Aguda,Posible,Otro,ACV hemorragico,Si,No,Seleccionados,No seleccionados,No seleccionados,No seleccionados,No,No,No,No,No,No,Si,No,No,Si,Seleccionados,Seleccionados,No seleccionados,No seleccionados,No seleccionados,No seleccionados,No seleccionados,No seleccionados,No seleccionados,No seleccionados,No seleccionados,No seleccionados,No seleccionados,No seleccionados,No seleccionados,No seleccionados,No seleccionados,Seleccionados,No seleccionados,Metronidazol,28.0,No,,,,,No seleccionados,No seleccionados,No seleccionados,No seleccionados,No seleccionados,No seleccionados,No seleccionados,No seleccionados,Si,6,Si,No,No,Vivo,,0
7,14,Mujer,2017-01-29,2017-03-01,31,No,No,No,No,Si,No,No,Si,Si,No seleccionados,No seleccionados,No seleccionados,No seleccionados,Seleccionados,No seleccionados,No seleccionados,Seleccionados,No seleccionados,No seleccionados,No seleccionados,No seleccionados,Si,No,Seleccionados,No seleccionados,No seleccionados,No seleccionados,No seleccionados,No,No,No,Seleccionados,No seleccionados,No seleccionados,No seleccionados,No seleccionados,No seleccionados,No seleccionados,No,No,No,No,No,No,No,No,No,No,No,No information,2017-01-22,Si,Si,Si,Si,Si,No seleccionados,No seleccionados,No seleccionados,No seleccionados,No seleccionados,No seleccionados,Seleccionados,No seleccionados,No,Seleccionados,No seleccionados,No seleccionados,No seleccionados,No seleccionados,Stevenson A,No,"29,8",150,"13,2",93.0,57.0,69,105.0,25.0,No,No,No,No,Si,5810.0,770,4190,"10,9",295000.0,No information,"0,89",No information,"0,66","9,4",6651,No information,No information,No information,"3,89",138,31,"20,4",Negativo,No,No,No,No,No,No,No,No,No information,No,Si,2017-01-29,30.0,Si,No seleccionados,No seleccionados,Seleccionados,No seleccionados,No seleccionados,No seleccionados,No seleccionados,No seleccionados,No seleccionados,Seleccionados,Seleccionados,No seleccionados,Seleccionados,No seleccionados,No seleccionados,No seleccionados,No seleccionados,No seleccionados,No seleccionados,No seleccionados,No information,2017-02-07,Si,No,Nativa,Aguda,Improbable,Coronarias,ACV isquemico,Si,No,Seleccionados,No seleccionados,No seleccionados,No seleccionados,No,No,No,No,No,No,Si,No,No,Si,No seleccionados,Seleccionados,No seleccionados,No seleccionados,No seleccionados,Seleccionados,No seleccionados,Seleccionados,No seleccionados,No seleccionados,No seleccionados,No seleccionados,No seleccionados,No seleccionados,No seleccionados,No seleccionados,No seleccionados,No seleccionados,No seleccionados,Metronidazol,28.0,No,,,,,No seleccionados,No seleccionados,No seleccionados,No seleccionados,No seleccionados,No seleccionados,No seleccionados,No seleccionados,Si,5,No,No,No,Vivo,,0
8,17,Mujer,2017-08-04,2017-08-18,14,No,No,No,No,No,No,No,No,No,No seleccionados,No seleccionados,No seleccionados,No seleccionados,No seleccionados,No seleccionados,No seleccionados,No seleccionados,No seleccionados,No seleccionados,No seleccionados,No seleccionados,,No,Seleccionados,No seleccionados,No seleccionados,No seleccionados,No seleccionados,No,No,No,Seleccionados,No seleccionados,No seleccionados,No seleccionados,No seleccionados,No seleccionados,No seleccionados,No,No,No,No,Si,No,No,No,No,No,No,No information,2017-06-04,Si,No,Si,No,No,No seleccionados,No seleccionados,No seleccionados,Seleccionados,No seleccionados,No seleccionados,No seleccionados,No seleccionados,No,Seleccionados,No seleccionados,No seleccionados,No seleccionados,No seleccionados,No aplica,No,58,160,"22,7",107.0,77.0,87,84.0,18.0,Si,Si,No,Si,No,6990.0,1810,6840,"11,2",355000.0,22,"2,43",No information,"0,58","5,4",No information,No information,No information,No information,"4,59",143,"14,2","14,1",Positivo,No,No,S. viridans,No,No,No,No,No,No information,Si,Si,2017-08-10,60.0,No,No seleccionados,No seleccionados,No seleccionados,No seleccionados,No seleccionados,No seleccionados,No seleccionados,No seleccionados,No seleccionados,No seleccionados,No seleccionados,No seleccionados,Seleccionados,No seleccionados,No seleccionados,No seleccionados,No seleccionados,No seleccionados,No seleccionados,No seleccionados,No information,2017-08-11,Si,No,Protesica,Subaguda,Definitivo,Pulmon,No,No,No,Seleccionados,No seleccionados,No seleccionados,No seleccionados,No,No,No,No,No,No,No,No,No,Si,Seleccionados,Seleccionados,No seleccionados,No seleccionados,No seleccionados,No seleccionados,No seleccionados,No seleccionados,No seleccionados,No seleccionados,No seleccionados,No seleccionados,No seleccionados,No seleccionados,No seleccionados,No seleccionados,No seleccionados,No seleccionados,No seleccionados,No information,28.0,No,,,,,No seleccionados,No seleccionados,No seleccionados,No seleccionados,No seleccionados,No seleccionados,No seleccionados,No seleccionados,No,0,No,No,No,Vivo,,0
9,52,Hombre,2017-03-12,2017-05-02,51,Si,No,No,No,No,No,No,No,No,No seleccionados,No seleccionados,No seleccionados,No seleccionados,No seleccionados,No seleccionados,No seleccionados,No seleccionados,No seleccionados,No seleccionados,No seleccionados,No seleccionados,,No,Seleccionados,No seleccionados,No seleccionados,No seleccionados,No seleccionados,No,Si,No,No seleccionados,No seleccionados,Seleccionados,No seleccionados,No seleccionados,No seleccionados,No seleccionados,No,No,No,No,No,No,No,No,No,No,No,No information,2017-03-27,Si,No,Si,Si,No,No seleccionados,No seleccionados,No seleccionados,Seleccionados,No seleccionados,No seleccionados,Seleccionados,No seleccionados,No,Seleccionados,No seleccionados,No seleccionados,No seleccionados,No seleccionados,No aplica,Shock  septico,70,170,"24,2",146.0,62.0,90,86.0,16.0,No,No,Si,No,No,10820.0,950,8490,"6,1",276000.0,No information,"2,72",No information,"1,39","27,1",No information,No information,No information,No information,"4,08",138,"30,7","29,2",Positivo,"Si, meticilino resistente",No,No,No,No,No,No,No,No information,Si,Si,2017-04-03,60.0,No,No seleccionados,No seleccionados,No seleccionados,No seleccionados,No seleccionados,No seleccionados,No seleccionados,No seleccionados,No seleccionados,No seleccionados,No seleccionados,No seleccionados,No seleccionados,Seleccionados,No seleccionados,No seleccionados,No seleccionados,No seleccionados,No seleccionados,No seleccionados,No information,2017-04-04,Si,Si,Nativa,Aguda,Definitivo,Pulmon,ACV isquemico,No,No,Seleccionados,No seleccionados,No seleccionados,No seleccionados,Si,No,No,No,No,No,No,No,No,Si,No seleccionados,Seleccionados,No seleccionados,No seleccionados,No seleccionados,No seleccionados,No seleccionados,No seleccionados,No seleccionados,No seleccionados,No seleccionados,Seleccionados,No seleccionados,No seleccionados,Seleccionados,No seleccionados,Seleccionados,No seleccionados,No seleccionados,No information,60.0,No,,,,,No seleccionados,No seleccionados,No seleccionados,No seleccionados,No seleccionados,No seleccionados,No seleccionados,No seleccionados,Si,28,No,Si,Si,Vivo,,0
10,35,Hombre,2017-06-02,2017-07-14,42,Si,No,No,Sobrepeso (>=25-29.9 IMC),No,No,No,No,No,No seleccionados,No seleccionados,No seleccionados,No seleccionados,No seleccionados,No seleccionados,No seleccionados,No seleccionados,No seleccionados,No seleccionados,No seleccionados,No seleccionados,,No,Seleccionados,No seleccionados,No seleccionados,No seleccionados,No seleccionados,No,No,No,Seleccionados,No seleccionados,No seleccionados,No seleccionados,No seleccionados,No seleccionados,No seleccionados,No,"Si, con hemodialisis",No,No,No,Si,No,No,No,No,No,No information,2017-06-02,Si,No,Si,No,No,Seleccionados,No seleccionados,No seleccionados,No seleccionados,No seleccionados,No seleccionados,No seleccionados,No seleccionados,No,Seleccionados,No seleccionados,No seleccionados,No seleccionados,No seleccionados,No aplica,No,85,172,"28,7",128.0,65.0,86,122.0,20.0,No,No,Si,No,No,8380.0,800,7070,"4,7",71000.0,31,"7,83",246,"5,94","47,6",No information,No information,No information,No information,"4,64",131,No information,No information,Positivo,"Si, meticilino sensible",No,No,No,No,Serratia marcescens,No,Si,No information,Si,Si,2017-06-12,65.0,Si,Seleccionados,No seleccionados,No seleccionados,No seleccionados,No seleccionados,No seleccionados,No seleccionados,No seleccionados,Seleccionados,No seleccionados,Seleccionados,No seleccionados,No seleccionados,No seleccionados,No seleccionados,No seleccionados,Seleccionados,No seleccionados,No seleccionados,No seleccionados,No information,2017-06-13,Si,Si,Nativa,Aguda,Definitivo,no,No,No,No,Seleccionados,No seleccionados,No seleccionados,No seleccionados,No,No,No,No,Si,No,No,No,No,Si,No seleccionados,No seleccionados,No seleccionados,Seleccionados,No seleccionados,No seleccionados,No seleccionados,No seleccionados,No seleccionados,No seleccionados,No seleccionados,No seleccionados,No seleccionados,No seleccionados,Seleccionados,No seleccionados,No seleccionados,No seleccionados,No seleccionados,No information,31.0,Si,Abierta,Reparo valvular,Extraccion de masa,No,Seleccionados,No seleccionados,No seleccionados,No seleccionados,No seleccionados,No seleccionados,No seleccionados,No seleccionados,No,0,No,No,No,Vivo,,0
11,21,Hombre,2017-08-27,2017-10-09,43,No,No,No,No,No,No,No,No,No,No seleccionados,No seleccionados,No seleccionados,No seleccionados,No seleccionados,No seleccionados,No seleccionados,No seleccionados,No seleccionados,No seleccionados,No seleccionados,No seleccionados,,No,Seleccionados,No seleccionados,No seleccionados,No seleccionados,No seleccionados,No,No,No,Seleccionados,No seleccionados,No seleccionados,No seleccionados,No seleccionados,No seleccionados,No seleccionados,No,"Si, con hemodialisis",No,No,No,Si,Urologico,No,No,No,No,Mielomeningocele,2017-08-17,Si,Si,Si,No,Si,Seleccionados,No seleccionados,No seleccionados,No seleccionados,No seleccionados,No seleccionados,No seleccionados,No seleccionados,Si,Seleccionados,No seleccionados,No seleccionados,No seleccionados,No seleccionados,Stevenson B,Sepsis,52,170,"17,99",76.0,38.0,"50,7",100.0,22.0,No,No,Si,No,Si,27150.0,1800,24110,"7,6",397000.0,No information,"15,3","13,3","7,4",62,No information,No information,No information,No information,"5,1","140,2","24,4","13,5",Positivo,No,S. epidermidis,No,No,No,No,No,No,No information,Si,Si,2017-08-28,60.0,Si,Seleccionados,No seleccionados,No seleccionados,No seleccionados,No seleccionados,No seleccionados,No seleccionados,No seleccionados,Seleccionados,No seleccionados,No seleccionados,No seleccionados,No seleccionados,No seleccionados,Seleccionados,No seleccionados,No seleccionados,No seleccionados,No seleccionados,No seleccionados,No information,2017-08-17,No,Si,Nativa,Aguda,Definitivo,no,No,Si,No,Seleccionados,No seleccionados,No seleccionados,No seleccionados,No,No,No,No,No,No,No,No,No,Si,Seleccionados,Seleccionados,No seleccionados,Seleccionados,No seleccionados,No seleccionados,No seleccionados,No seleccionados,No seleccionados,No seleccionados,No seleccionados,No seleccionados,Seleccionados,No seleccionados,No seleccionados,No seleccionados,No seleccionados,No seleccionados,No seleccionados,No information,42.0,Si,Abierta,Protesis biologica,Extraccion de masa,No,Seleccionados,No seleccionados,No seleccionados,No seleccionados,No seleccionados,No seleccionados,No seleccionados,No seleccionados,Si,7,Si,Si,Si,Vivo,,0
12,41,Hombre,2017-05-19,2017-06-09,21,No,No,No,No,Si,Si,No,No,Si,Seleccionados,No seleccionados,No seleccionados,No seleccionados,No seleccionados,No seleccionados,No seleccionados,Seleccionados,No seleccionados,No seleccionados,Seleccionados,No seleccionados,Si,Si,Seleccionados,No seleccionados,No seleccionados,No seleccionados,No seleccionados,No,No,No,Seleccionados,No seleccionados,No seleccionados,No seleccionados,No seleccionados,No seleccionados,No seleccionados,No,No,No,No,No,No,Gastrointestinal,No,No,No,No,No information,2017-04-28,Si,No,No,Si,No,No seleccionados,No seleccionados,No seleccionados,Seleccionados,No seleccionados,Seleccionados,Seleccionados,No seleccionados,No,Seleccionados,No seleccionados,No seleccionados,No seleccionados,No seleccionados,No aplica,Sepsis,60,176,"19,4",125.0,76.0,"92,3",71.0,20.0,No,No,Si,No,No,6390.0,1260,4010,"9,5",290000.0,No information,"1,27",No information,"0,61","14,1",No information,No information,No information,No information,"4,42",133,No information,No information,Positivo,No,S. capitis,No,No,No,No,No,No,No information,Si,Si,2017-05-19,60.0,Si,Seleccionados,No seleccionados,No seleccionados,No seleccionados,No seleccionados,No seleccionados,Seleccionados,No seleccionados,No seleccionados,No seleccionados,No seleccionados,No seleccionados,No seleccionados,No seleccionados,Seleccionados,No seleccionados,No seleccionados,No seleccionados,No seleccionados,No seleccionados,No information,2017-05-21,Si,Si,Protesica,Subaguda,Definitivo,Otro,ACV isquemico,No,No,Seleccionados,No seleccionados,No seleccionados,No seleccionados,No,No,No,No,Si,No,No,No,No,Si,Seleccionados,Seleccionados,No seleccionados,No seleccionados,No seleccionados,No seleccionados,No seleccionados,No seleccionados,No seleccionados,No seleccionados,No seleccionados,No seleccionados,No seleccionados,No seleccionados,No seleccionados,No seleccionados,No seleccionados,No seleccionados,No seleccionados,No information,42.0,Si,Abierta,Protesis biologica,Ninguno,No,Seleccionados,No seleccionados,No seleccionados,No seleccionados,No seleccionados,No seleccionados,No seleccionados,No seleccionados,Si,6,Si,Si,Si,Vivo,,0
14,43,Hombre,2017-09-25,2017-10-17,22,No,No,No,No,No,No,No,No,Si,Seleccionados,No seleccionados,No seleccionados,No seleccionados,No seleccionados,No seleccionados,No seleccionados,No seleccionados,Seleccionados,No seleccionados,No seleccionados,No seleccionados,No,No,Seleccionados,No seleccionados,No seleccionados,No seleccionados,No seleccionados,No,Si,No,Seleccionados,No seleccionados,No seleccionados,No seleccionados,No seleccionados,No seleccionados,No seleccionados,No,No,No,No,No,No,No,Si,No,Si,No,No information,2017-08-26,Si,Si,Si,No,No,Seleccionados,No seleccionados,No seleccionados,No seleccionados,No seleccionados,No seleccionados,No seleccionados,No seleccionados,No,Seleccionados,No seleccionados,No seleccionados,No seleccionados,No seleccionados,No information,Shock  septico,65,No information,No information,99.0,47.0,"64,3",110.0,19.0,No,Si,Si,No,No,9510.0,2070,5960,13,308000.0,No information,"2,42",10,"0,99","11,9",2823,No information,No information,"0,147","3,57",140,"57,3","47,9",Negativo,No,No,No,No,No,No,No,No,No information,No,Si,2017-08-27,55.0,Si,Seleccionados,No seleccionados,No seleccionados,No seleccionados,No seleccionados,No seleccionados,No seleccionados,Seleccionados,Seleccionados,No seleccionados,No seleccionados,No seleccionados,No seleccionados,Seleccionados,No seleccionados,No seleccionados,No seleccionados,No seleccionados,No seleccionados,No seleccionados,No information,2017-09-20,Si,Si,Nativa,Aguda,Definitivo,no,No,Si,No,Seleccionados,No seleccionados,No seleccionados,No seleccionados,Si,No,No,No,No,No,No,No,No,Si,Seleccionados,Seleccionados,No seleccionados,No seleccionados,No seleccionados,No seleccionados,No seleccionados,No seleccionados,No seleccionados,No seleccionados,No seleccionados,No seleccionados,No seleccionados,No seleccionados,No seleccionados,No seleccionados,No seleccionados,No seleccionados,No seleccionados,No information,26.0,Si,Abierta,Protesis mecanica,Ninguno,No,Seleccionados,No seleccionados,No seleccionados,No seleccionados,No seleccionados,No seleccionados,No seleccionados,No seleccionados,Si,8,Si,Si,Si,Vivo,,0
15,63,Hombre,2018-02-16,2018-03-17,29,Si,No,No,No,Si,No,No,No,Si,No seleccionados,No seleccionados,Seleccionados,No seleccionados,No seleccionados,No seleccionados,No seleccionados,No seleccionados,No seleccionados,No seleccionados,Seleccionados,No seleccionados,No,Si,No seleccionados,Seleccionados,No seleccionados,No seleccionados,No seleccionados,No,Si,No,Seleccionados,No seleccionados,No seleccionados,No seleccionados,No seleccionados,No seleccionados,No seleccionados,No,"Si, sin dialisis",No,Hipotiroidismo,No,No,No,No,No,No,No,No information,2017-12-10,Si,No information,No information,No,No information,Seleccionados,No seleccionados,No seleccionados,No seleccionados,No seleccionados,No seleccionados,No seleccionados,No seleccionados,No,Seleccionados,No seleccionados,No seleccionados,No seleccionados,No seleccionados,No information,No,"74,5",175,"24,3",125.0,71.0,89,56.0,16.0,No,No,No,No,No,7910.0,1700,5480,"13,8",188000.0,No information,"2,65",No information,"1,11","18,7",No information,No information,No information,No information,"3,25",139,"17,3","11,1",Negativo,No,No,No,No,No,No,No,No,No information,No,Si,2018-01-02,30.0,Si,No seleccionados,No seleccionados,Seleccionados,No seleccionados,No seleccionados,No seleccionados,No seleccionados,Seleccionados,No seleccionados,No seleccionados,No seleccionados,No seleccionados,Seleccionados,No seleccionados,No seleccionados,No seleccionados,No seleccionados,Seleccionados,No seleccionados,No seleccionados,No information,2018-01-02,Si,Si,Asociada a Dispositvo cardiaco,Subaguda,Definitivo,no,No,No,No,Seleccionados,No seleccionados,No seleccionados,No seleccionados,No,No,No,No,No,No,No,No,No,Si,No seleccionados,Seleccionados,No seleccionados,Seleccionados,No seleccionados,Seleccionados,No seleccionados,No seleccionados,No seleccionados,No seleccionados,No seleccionados,No seleccionados,No seleccionados,No seleccionados,No seleccionados,No seleccionados,No seleccionados,No seleccionados,No seleccionados,No information,86.0,Si,Abierta,Protesis biologica,Extraccion de masa,Retiro percutaneo,Seleccionados,No seleccionados,No seleccionados,No seleccionados,No seleccionados,No seleccionados,No seleccionados,No seleccionados,Si,22,No,Si,No,Vivo,,0
16,38,Hombre,2018-02-18,2018-03-08,18,No,No,No,No,No,No,No,No,Si,No seleccionados,No seleccionados,Seleccionados,No seleccionados,No seleccionados,No seleccionados,Seleccionados,No seleccionados,No seleccionados,No seleccionados,No seleccionados,No seleccionados,No,No,Seleccionados,No seleccionados,No seleccionados,No seleccionados,No seleccionados,No,No,No,Seleccionados,No seleccionados,No seleccionados,No seleccionados,No seleccionados,No seleccionados,No seleccionados,No,No,No,No,Si,No,No,No,No,No,No,No information,2018-01-18,Si,Si,No,No,Si,Seleccionados,No seleccionados,No seleccionados,No seleccionados,No seleccionados,No seleccionados,No seleccionados,No seleccionados,No,Seleccionados,No seleccionados,No seleccionados,No seleccionados,No seleccionados,No aplica,No,51,150,"22,7",78.0,58.0,64,83.0,16.0,No,No,No,Si,No,10870.0,940,9000,"8,6",291000.0,No information,"21,66","17,8","0,58",7,No information,No information,No information,No information,"3,73",134,"11,3",7,Positivo,No,No,No,No,Aggregatibacter spp,No,No,No,No information,Si,Si,2018-02-19,70.0,Si,No seleccionados,Seleccionados,No seleccionados,No seleccionados,No seleccionados,No seleccionados,No seleccionados,Seleccionados,No seleccionados,No seleccionados,No seleccionados,No seleccionados,Seleccionados,No seleccionados,No seleccionados,No seleccionados,No seleccionados,No seleccionados,No seleccionados,No seleccionados,No information,2018-02-15,Si,Si,Nativa,Subaguda,Definitivo,no,No,No,No,Seleccionados,No seleccionados,No seleccionados,No seleccionados,No,No,No,No,No,No,No,No,No,Si,Seleccionados,Seleccionados,No seleccionados,No seleccionados,Seleccionados,No seleccionados,No seleccionados,No seleccionados,No seleccionados,No seleccionados,No seleccionados,No seleccionados,No seleccionados,No seleccionados,No seleccionados,No seleccionados,No seleccionados,No seleccionados,No seleccionados,No information,28.0,Si,Abierta,Protesis biologica,Ninguno,No,Seleccionados,No seleccionados,No seleccionados,No seleccionados,No seleccionados,No seleccionados,No seleccionados,No seleccionados,Si,4,Si,Si,Si,Vivo,,0
17,63,Mujer,2018-03-10,2018-04-24,45,No,Si,Si,Sobrepeso (>=25-29.9 IMC),No,No,No,No,No,No seleccionados,No seleccionados,No seleccionados,No seleccionados,No seleccionados,No seleccionados,No seleccionados,No seleccionados,No seleccionados,No seleccionados,No seleccionados,No seleccionados,,No,Seleccionados,No seleccionados,No seleccionados,No seleccionados,No seleccionados,No,No,No,Seleccionados,No seleccionados,No seleccionados,No seleccionados,No seleccionados,No seleccionados,No seleccionados,No,No,No,No,No,No,No,No,No,Si,No,No information,2018-03-07,Si,Si,Si,Si,No,Seleccionados,No seleccionados,No seleccionados,No seleccionados,No seleccionados,No seleccionados,No seleccionados,No seleccionados,No,Seleccionados,No seleccionados,No seleccionados,No seleccionados,No seleccionados,No aplica,Shock  septico,60,145,"28,5",80.0,40.0,"53,3",124.0,20.0,No,No,No,No,No,17320.0,1200,14850,"9,1",8000.0,58,"43,89",No information,"1,13","30,8",No information,No information,No information,No information,"3,92",139,346,"49,9",Positivo,No,No,No,No,No,Klebsiella spp,No,No,No information,Si,Si,2018-03-14,60.0,No,No seleccionados,No seleccionados,No seleccionados,No seleccionados,No seleccionados,No seleccionados,No seleccionados,No seleccionados,No seleccionados,No seleccionados,No seleccionados,No seleccionados,No seleccionados,Seleccionados,No seleccionados,No seleccionados,No seleccionados,No seleccionados,No seleccionados,No seleccionados,No information,2018-03-14,Si,Si,Nativa,Aguda,Definitivo,Bazo,No,No,No,Seleccionados,No seleccionados,No seleccionados,No seleccionados,Si,No,No,No,Si,No,Si,Si,No,Si,Seleccionados,No seleccionados,No seleccionados,No seleccionados,No seleccionados,No seleccionados,No seleccionados,Seleccionados,No seleccionados,No seleccionados,No seleccionados,No seleccionados,No seleccionados,Seleccionados,No seleccionados,No seleccionados,Seleccionados,No seleccionados,No seleccionados,No information,39.0,No,,,,,No seleccionados,No seleccionados,No seleccionados,No seleccionados,No seleccionados,No seleccionados,No seleccionados,No seleccionados,Si,24,Si,Si,Si,Vivo,,0
18,65,Hombre,2018-03-16,2018-03-22,6,Si,No,No,No,No,No,No,No,Si,Seleccionados,No seleccionados,No seleccionados,No seleccionados,No seleccionados,No seleccionados,No seleccionados,No seleccionados,No seleccionados,No seleccionados,Seleccionados,No seleccionados,No,No,Seleccionados,No seleccionados,No seleccionados,No seleccionados,No seleccionados,No,No,No,Seleccionados,No seleccionados,No seleccionados,No seleccionados,No seleccionados,No seleccionados,No seleccionados,No,No,No,No,No,No,No,No,Si,Si,No,No information,2018-03-09,Si,No,No,No,No,Seleccionados,No seleccionados,No seleccionados,No seleccionados,No seleccionados,No seleccionados,No seleccionados,No seleccionados,No,Seleccionados,No seleccionados,No seleccionados,No seleccionados,No seleccionados,No aplica,No,64,164,"23,8",112.0,80.0,"90,7",90.0,18.0,No,No,No,No,No,11520.0,2460,7910,"15,7",247000.0,2,"9,9",No information,"0,86","9,3",No information,No information,No information,No information,"4,65",139,"31,7","40,6",Positivo,No,No,S. viridans,No,No,No,No,No,No information,Si,Si,2018-03-03,70.0,Si,Seleccionados,No seleccionados,No seleccionados,No seleccionados,No seleccionados,No seleccionados,No seleccionados,No seleccionados,Seleccionados,No seleccionados,No seleccionados,No seleccionados,No seleccionados,No seleccionados,Seleccionados,No seleccionados,No seleccionados,No seleccionados,No seleccionados,No seleccionados,No information,2018-03-16,Si,No,Nativa,Aguda,Definitivo,no,No,No,No,Seleccionados,No seleccionados,No seleccionados,No seleccionados,No,No,No,No,No,No,No,No,No,Si,Seleccionados,No seleccionados,No seleccionados,No seleccionados,No seleccionados,No seleccionados,No seleccionados,No seleccionados,No seleccionados,No seleccionados,No seleccionados,No seleccionados,Seleccionados,No seleccionados,No seleccionados,No seleccionados,No seleccionados,No seleccionados,No seleccionados,No information,25.0,No,,,,,No seleccionados,No seleccionados,No seleccionados,No seleccionados,No seleccionados,No seleccionados,No seleccionados,No seleccionados,No,0,No,No,No,Vivo,,0
21,65,Hombre,2018-06-11,2018-06-29,18,Si,No,No,Obesidad (>=30 IMC),Si,No,Si,No,No,No seleccionados,No seleccionados,No seleccionados,No seleccionados,No seleccionados,No seleccionados,No seleccionados,No seleccionados,No seleccionados,No seleccionados,No seleccionados,No seleccionados,,No,No seleccionados,No seleccionados,Seleccionados,No seleccionados,No seleccionados,No,No,No,Seleccionados,No seleccionados,No seleccionados,No seleccionados,No seleccionados,No seleccionados,No seleccionados,No,No,No,No,No,No,No,No,No,No,No,No information,2018-06-04,Si,Si,Si,Si,Si,Seleccionados,No seleccionados,No seleccionados,No seleccionados,No seleccionados,No seleccionados,No seleccionados,No seleccionados,No,Seleccionados,No seleccionados,No seleccionados,No seleccionados,No seleccionados,Stevenson L,No,98,178,32,83.0,53.0,63,92.0,19.0,No,No,No,No,Si,14530.0,"145,3",13512,"12,8",130000.0,No information,"27,88",No information,"1,95",37,No information,"0,0053",No information,No information,"4,45",138,No information,No information,Positivo,"Si, meticilino sensible",No,No,No,No,No,No,No,No information,Si,Si,2018-06-12,36.0,No,No seleccionados,No seleccionados,No seleccionados,No seleccionados,No seleccionados,No seleccionados,No seleccionados,No seleccionados,No seleccionados,No seleccionados,No seleccionados,No seleccionados,No seleccionados,No seleccionados,No seleccionados,No seleccionados,Seleccionados,No seleccionados,No seleccionados,No seleccionados,No information,2018-06-14,Si,Si,Nativa,Aguda,Definitivo,no,No,Si,No,Seleccionados,No seleccionados,No seleccionados,No seleccionados,No,No,No,No,Si,No,No,No,No,Si,Seleccionados,Seleccionados,No seleccionados,No seleccionados,No seleccionados,No seleccionados,No seleccionados,No seleccionados,No seleccionados,No seleccionados,No seleccionados,No seleccionados,No seleccionados,No seleccionados,Seleccionados,No seleccionados,No seleccionados,No seleccionados,No seleccionados,No information,30.0,Si,Abierta,Reparo valvular,Ninguno,Retiro percutaneo,Seleccionados,No seleccionados,No seleccionados,No seleccionados,No seleccionados,No seleccionados,No seleccionados,No seleccionados,Si,3,Si,Si,No,Vivo,,0
22,70,Hombre,2018-07-25,2018-08-27,33,Si,No,No,No,Si,No,No,No,Si,No seleccionados,No seleccionados,No seleccionados,No seleccionados,Seleccionados,No seleccionados,No seleccionados,No seleccionados,Seleccionados,No seleccionados,Seleccionados,No seleccionados,No,No,Seleccionados,No seleccionados,No seleccionados,No seleccionados,No seleccionados,No,No,No,Seleccionados,No seleccionados,No seleccionados,No seleccionados,No seleccionados,No seleccionados,No seleccionados,No,No,No,No,Si,No,No,No,No,No,No,No information,2018-05-25,No,Si,Si,No,No,Seleccionados,No seleccionados,No seleccionados,No seleccionados,No seleccionados,No seleccionados,No seleccionados,No seleccionados,No,Seleccionados,No seleccionados,No seleccionados,No seleccionados,No seleccionados,Stevenson B,No,74,175,"24,2",121.0,55.0,77,109.0,17.0,No,No,No,No,Si,10850.0,1380,8060,"12,7",149000.0,No information,"3,5",No information,"0,92","30,6",12325,No information,No information,No information,"4,17",136,"46,9","28,5",Positivo,No,No,S. gallolyticus  (bovis),No,No,No,No,No,No information,Si,Si,2018-07-28,60.0,Si,Seleccionados,No seleccionados,No seleccionados,No seleccionados,No seleccionados,No seleccionados,No seleccionados,Seleccionados,Seleccionados,No seleccionados,No seleccionados,No seleccionados,No seleccionados,Seleccionados,Seleccionados,No seleccionados,No seleccionados,No seleccionados,No seleccionados,No seleccionados,No information,2018-07-28,Si,Si,Nativa,Aguda,Definitivo,no,No,Si,No,No seleccionados,No seleccionados,Seleccionados,No seleccionados,No,No,No,No,Si,No,No,No,No,Si,Seleccionados,Seleccionados,No seleccionados,No seleccionados,No seleccionados,No seleccionados,No seleccionados,No seleccionados,No seleccionados,No seleccionados,No seleccionados,No seleccionados,No seleccionados,No seleccionados,Seleccionados,No seleccionados,No seleccionados,No seleccionados,No seleccionados,Penicilinacristalina,30.0,Si,Abierta,Protesis biologica,Cierre de CIA,No,No seleccionados,No seleccionados,No seleccionados,No seleccionados,Seleccionados,No seleccionados,No seleccionados,No seleccionados,Si,15,Si,Si,Si,Vivo,,0
23,2,Mujer,2018-07-12,2018-08-17,36,No,No,No,No,Si,No,No,No,Si,Seleccionados,No seleccionados,No seleccionados,No seleccionados,No seleccionados,No seleccionados,No seleccionados,Seleccionados,No seleccionados,No seleccionados,No seleccionados,No seleccionados,Si,Si,No seleccionados,No seleccionados,No seleccionados,Seleccionados,No seleccionados,No,No,No,Seleccionados,No seleccionados,No seleccionados,No seleccionados,No seleccionados,No seleccionados,No seleccionados,No,No,No,No,Si,No,No,No,No,No,No,Sindrome de Down con Tetralogia de Fallot,2018-06-22,Si,Si,Si,No,Si,Seleccionados,No seleccionados,No seleccionados,No seleccionados,No seleccionados,No seleccionados,No seleccionados,No seleccionados,No,Seleccionados,No seleccionados,No seleccionados,No seleccionados,No seleccionados,Stevenson B,No,"13,5","90,5","16,5",99.0,61.0,"73,7",126.0,24.0,No,Si,Si,No,No,11640.0,1850,8740,"9,7",385000.0,No information,"15,25",No information,"0,36","27,2",No information,No information,No information,No information,"3,43",144,"33,6","16,8",Positivo,No,S. haemolyticus,No,E. faecalis,No,No,No,Si,No information,Si,Si,2018-08-13,56.0,Si,No seleccionados,No seleccionados,No seleccionados,Seleccionados,No seleccionados,No seleccionados,No seleccionados,No seleccionados,No seleccionados,Seleccionados,Seleccionados,No seleccionados,No seleccionados,No seleccionados,No seleccionados,Seleccionados,No seleccionados,No seleccionados,No seleccionados,No seleccionados,No information,2018-08-19,Si,Si,Protesica,Subaguda,Definitivo,no,No,Si,No,Seleccionados,No seleccionados,No seleccionados,No seleccionados,No,No,No,No,Si,No,No,No,No,Si,No seleccionados,Seleccionados,No seleccionados,No seleccionados,Seleccionados,No seleccionados,No seleccionados,Seleccionados,No seleccionados,No seleccionados,No seleccionados,No seleccionados,No seleccionados,No seleccionados,No seleccionados,No seleccionados,No seleccionados,No seleccionados,No seleccionados,Amikacina,28.0,Si,Abierta,Protesis biologica,Ninguno,No,Seleccionados,No seleccionados,No seleccionados,No seleccionados,No seleccionados,No seleccionados,No seleccionados,No seleccionados,Si,12,Si,Si,Si,Vivo,,0
24,28,Mujer,2018-07-12,2018-10-10,90,No,Si,No,Sobrepeso (>=25-29.9 IMC),No,No,No,No,Si,Seleccionados,No seleccionados,No seleccionados,No seleccionados,No seleccionados,No seleccionados,No seleccionados,Seleccionados,No seleccionados,No seleccionados,No seleccionados,No seleccionados,Si,Si,No seleccionados,No seleccionados,No seleccionados,Seleccionados,No seleccionados,No,No,No,Seleccionados,No seleccionados,No seleccionados,No seleccionados,No seleccionados,No seleccionados,No seleccionados,No,"Si, sin dialisis",No,No,No,No,No,No,No,No,No,No information,2018-06-23,Si,No,Si,Si,No,Seleccionados,No seleccionados,No seleccionados,No seleccionados,No seleccionados,No seleccionados,No seleccionados,No seleccionados,No,Seleccionados,No seleccionados,No seleccionados,No seleccionados,No seleccionados,No aplica,No,85,170,"29,4",119.0,79.0,"92,3",97.0,18.0,No,No,No,No,No,13350.0,2420,9660,"9,7",342000.0,No information,"19,22",No information,"0,57","2,6",No information,No information,No information,No information,"3,55",139,"70,3","37,9",Positivo,"Si, meticilino sensible",No,No,No,No,No,No,No,No information,Si,Si,2018-07-12,60.0,Si,No seleccionados,No seleccionados,No seleccionados,Seleccionados,No seleccionados,No seleccionados,No seleccionados,No seleccionados,No seleccionados,No seleccionados,Seleccionados,No seleccionados,No seleccionados,No seleccionados,No seleccionados,Seleccionados,Seleccionados,No seleccionados,No seleccionados,No seleccionados,No information,2018-07-12,Si,Si,Nativa,Subaguda,Definitivo,Pulmon,No,No,No,Seleccionados,No seleccionados,No seleccionados,No seleccionados,No,No,No,No,No,No,No,No,No,Si,No seleccionados,Seleccionados,No seleccionados,No seleccionados,Seleccionados,Seleccionados,No seleccionados,Seleccionados,No seleccionados,No seleccionados,No seleccionados,No seleccionados,No seleccionados,Seleccionados,Seleccionados,No seleccionados,No seleccionados,Seleccionados,No seleccionados,Amikacina,28.0,Si,Abierta,Protesis biologica,Extraccion de masa,No,Seleccionados,No seleccionados,No seleccionados,No seleccionados,No seleccionados,No seleccionados,No seleccionados,No seleccionados,Si,12,Si,Si,Si,Vivo,,0
25,62,Hombre,2018-09-22,2018-10-29,37,Si,Si,Si,No,Si,No,No,No,Si,Seleccionados,No seleccionados,No seleccionados,No seleccionados,No seleccionados,No seleccionados,No seleccionados,No seleccionados,Seleccionados,No seleccionados,No seleccionados,No seleccionados,Si,No,Seleccionados,No seleccionados,No seleccionados,No seleccionados,No seleccionados,No,Si,No,Seleccionados,No seleccionados,No seleccionados,No seleccionados,No seleccionados,No seleccionados,No seleccionados,No,No,No,No,No,No,Urologico,No,No,No,No,Reciente choque septico de origen urinario,2018-08-13,Si,No,Si,No,No,Seleccionados,No seleccionados,No seleccionados,No seleccionados,No seleccionados,No seleccionados,No seleccionados,No seleccionados,Si,Seleccionados,No seleccionados,No seleccionados,No seleccionados,No seleccionados,Stevenson B,Shock  septico,56,156,23,115.0,83.0,"93,7",92.0,18.0,No,No,No,No,No,4201.4,970,500,9,212000.0,No information,"6,44",No information,"0,77","165,2",No information,No information,No information,No information,"3,83",135,"12,6","16,8",Positivo,No,S. haemolyticus,No,No,No,Klebsiella spp,No,Si,No information,Si,Si,2018-08-25,40.0,Si,Seleccionados,No seleccionados,No seleccionados,No seleccionados,No seleccionados,No seleccionados,No seleccionados,Seleccionados,No seleccionados,No seleccionados,No seleccionados,No seleccionados,No seleccionados,Seleccionados,No seleccionados,No seleccionados,No seleccionados,No seleccionados,No seleccionados,No seleccionados,No information,2018-08-16,Si,Si,Protesica,Subaguda,Definitivo,Bazo,No,No,No,No seleccionados,No seleccionados,Seleccionados,No seleccionados,Si,No,No,No,No,No,Si,No,No,Si,Seleccionados,Seleccionados,No seleccionados,No seleccionados,No seleccionados,No seleccionados,No seleccionados,Seleccionados,No seleccionados,No seleccionados,No seleccionados,No seleccionados,No seleccionados,No seleccionados,No seleccionados,Seleccionados,No seleccionados,No seleccionados,No seleccionados,No information,42.0,Si,Endovascular,Protesis biologica,Ninguno,No,No seleccionados,No seleccionados,No seleccionados,No seleccionados,Seleccionados,No seleccionados,No seleccionados,No seleccionados,Si,8,Si,No,No,Vivo,,0
26,61,Hombre,2018-11-28,2019-01-08,41,No,No,No,Obesidad (>=30 IMC),No,No,No,No,No,No seleccionados,No seleccionados,No seleccionados,No seleccionados,No seleccionados,No seleccionados,No seleccionados,No seleccionados,No seleccionados,No seleccionados,No seleccionados,No seleccionados,,No,Seleccionados,No seleccionados,No seleccionados,No seleccionados,No seleccionados,No,Si,No,Seleccionados,No seleccionados,No seleccionados,No seleccionados,No seleccionados,No seleccionados,No seleccionados,No,No,No,No,No,No,No,No,No,No,No,No information,2018-11-25,Si,No,Si,Si,No,Seleccionados,No seleccionados,No seleccionados,No seleccionados,No seleccionados,No seleccionados,No seleccionados,No seleccionados,No,Seleccionados,No seleccionados,No seleccionados,No seleccionados,No seleccionados,No aplica,Shock  septico,105,150,"46,7",124.0,91.0,102,121.0,19.0,No,No,Si,No,No,12760.0,790,11130,"14,8",124000.0,No information,"20,46",No information,"0,75","18,7",No information,No information,No information,No information,"3,51","132,6","21,9","20,5",Positivo,"Si, meticilino sensible",No,No,No,No,No,No,No,No information,Si,Si,2018-11-29,70.0,Si,Seleccionados,No seleccionados,No seleccionados,No seleccionados,No seleccionados,No seleccionados,No seleccionados,Seleccionados,No seleccionados,No seleccionados,No seleccionados,No seleccionados,No seleccionados,Seleccionados,No seleccionados,No seleccionados,No seleccionados,No seleccionados,No seleccionados,No seleccionados,No information,2018-11-29,Si,Si,Nativa,Aguda,Definitivo,no,No,No,Si,Seleccionados,No seleccionados,No seleccionados,No seleccionados,Si,No,Si,No,Si,No,No,No,No,Si,Seleccionados,Seleccionados,No seleccionados,Seleccionados,No seleccionados,No seleccionados,No seleccionados,No seleccionados,No seleccionados,No seleccionados,No seleccionados,No seleccionados,Seleccionados,No seleccionados,Seleccionados,No seleccionados,No seleccionados,No seleccionados,No seleccionados,No information,32.0,Si,Abierta,Protesis biologica,Ninguno,No,Seleccionados,No seleccionados,No seleccionados,No seleccionados,No seleccionados,No seleccionados,No seleccionados,No seleccionados,Si,22,Si,Si,Si,Vivo,,0
27,88,Hombre,2018-12-30,2019-02-06,38,Si,Si,No,Sobrepeso (>=25-29.9 IMC),No,No,No information,No,No,No seleccionados,No seleccionados,No seleccionados,No seleccionados,No seleccionados,No seleccionados,No seleccionados,No seleccionados,No seleccionados,No seleccionados,No seleccionados,No seleccionados,,Si,No seleccionados,No seleccionados,No seleccionados,Seleccionados,No seleccionados,No,No,No,No seleccionados,No seleccionados,No seleccionados,No seleccionados,No seleccionados,Seleccionados,No seleccionados,No,"Si, sin dialisis",Si,Hipotiroidismo,No,No,No,No,No,No,No,Colocacion reciente de marcapasos,2018-12-27,Si,No,Si,Si,No,Seleccionados,No seleccionados,No seleccionados,No seleccionados,No seleccionados,No seleccionados,No seleccionados,No seleccionados,No,Seleccionados,No seleccionados,No seleccionados,No seleccionados,No seleccionados,No aplica,No,60,155,25,172.0,56.0,"94,7",60.0,12.0,No,No,No,No,Si,35259.8,3050,28900,"10,5",405000.0,No information,"17,79",No information,"2,58","49,3",No information,No information,No information,No information,"4,58",138,No information,No information,Positivo,"Si, meticilino resistente",No,No,No,No,No,No,No,No information,Si,Si,2018-12-30,55.0,Si,Seleccionados,No seleccionados,No seleccionados,No seleccionados,No seleccionados,No seleccionados,No seleccionados,No seleccionados,No seleccionados,No seleccionados,Seleccionados,No seleccionados,No seleccionados,No seleccionados,No seleccionados,No seleccionados,No seleccionados,Seleccionados,Seleccionados,No seleccionados,Electrodo de marcapasos en cavidad derecha,2018-12-30,Si,Si,Asociada a cateter,Aguda,Definitivo,no,No,No,No,Seleccionados,No seleccionados,No seleccionados,No seleccionados,No,No,No,No,No,No,No,No,No,Si,No seleccionados,Seleccionados,No seleccionados,No seleccionados,No seleccionados,No seleccionados,No seleccionados,No seleccionados,No seleccionados,No seleccionados,No seleccionados,No seleccionados,Seleccionados,No seleccionados,Seleccionados,No seleccionados,No seleccionados,Seleccionados,No seleccionados,Trimetoprimsulfametoxazol,42.0,Si,Endovascular,Reparo valvular,Extraccion de masa,Retiro percutaneo,Seleccionados,No seleccionados,No seleccionados,No seleccionados,No seleccionados,No seleccionados,No seleccionados,No seleccionados,Si,5,Si,No,No,Vivo,,0
28,78,Hombre,2019-01-04,2019-05-01,117,Si,No,No,Sobrepeso (>=25-29.9 IMC),Si,Si,No,No,Si,No seleccionados,No seleccionados,Seleccionados,No seleccionados,No seleccionados,No seleccionados,Seleccionados,No seleccionados,No seleccionados,No seleccionados,No seleccionados,No seleccionados,Si,No,Seleccionados,No seleccionados,No seleccionados,No seleccionados,No seleccionados,No,No,Si,No seleccionados,No seleccionados,No seleccionados,No seleccionados,No seleccionados,Seleccionados,No seleccionados,No,No,No,No,No,No,No,No,No,No,No,No information,2018-12-21,Si,No,Si,No,No,Seleccionados,No seleccionados,No seleccionados,No seleccionados,No seleccionados,No seleccionados,No seleccionados,No seleccionados,No,Seleccionados,No seleccionados,No seleccionados,No seleccionados,No seleccionados,No aplica,No,68,165,25,114.0,57.0,76,75.0,16.0,No,No,No,No,No,18550.0,270,17090,"12,4",172000.0,No information,"16,35",No information,"1,02","31,8",No information,No information,No information,"1,08","3,23","136,5","33,7",39,Positivo,No,No,S. agalactiae,No,No,No,No,No,No information,Si,Si,2019-01-05,65.0,Si,No seleccionados,Seleccionados,No seleccionados,No seleccionados,No seleccionados,No seleccionados,No seleccionados,Seleccionados,No seleccionados,No seleccionados,No seleccionados,No seleccionados,No seleccionados,Seleccionados,No seleccionados,No seleccionados,No seleccionados,No seleccionados,No seleccionados,No seleccionados,No information,2019-01-06,Si,Si,Protesica,Aguda,Definitivo,Bazo,No,No,No,Seleccionados,No seleccionados,No seleccionados,No seleccionados,No,No,No,No,No,No,Si,No,No,Si,Seleccionados,Seleccionados,No seleccionados,Seleccionados,Seleccionados,No seleccionados,No seleccionados,No seleccionados,No seleccionados,No seleccionados,No seleccionados,No seleccionados,No seleccionados,No seleccionados,No seleccionados,No seleccionados,No seleccionados,No seleccionados,No seleccionados,No information,46.0,Si,Abierta,Protesis biologica,Ninguno,No,Seleccionados,No seleccionados,No seleccionados,No seleccionados,No seleccionados,No seleccionados,No seleccionados,No seleccionados,Si,5,Si,Si,Si,Vivo,,0
29,63,Hombre,2017-08-20,2017-10-04,45,Si,Si,Si,Sobrepeso (>=25-29.9 IMC),Si,No,Si,No,No,No seleccionados,No seleccionados,No seleccionados,No seleccionados,No seleccionados,No seleccionados,No seleccionados,No seleccionados,No seleccionados,No seleccionados,No seleccionados,No seleccionados,,No,Seleccionados,No seleccionados,No seleccionados,No seleccionados,No seleccionados,No,No,No,Seleccionados,No seleccionados,No seleccionados,No seleccionados,No seleccionados,No seleccionados,No seleccionados,No,"Si, sin dialisis",No,No,No,Si,Gastrointestinal,No,No,No,No,EAOC con amputaciones y ulceras infectadas,2017-08-20,Si,No,Si,Si,Si,Seleccionados,No seleccionados,No seleccionados,No seleccionados,No seleccionados,No seleccionados,No seleccionados,No seleccionados,No,Seleccionados,No seleccionados,No seleccionados,No seleccionados,No seleccionados,Stevenson B,No,70,160,"27,3",133.0,86.0,102,100.0,22.0,No,No,No,No,Si,5330.0,1120,4040,"10,1",269000.0,No information,"0,82",No information,"1,82","33,3",No information,1000,No information,No information,"5,1",134,"15,9","9,7",Positivo,"Si, meticilino resistente",No,No,No,No,No,No,No,No information,Si,Si,2017-08-22,50.0,Si,Seleccionados,No seleccionados,No seleccionados,No seleccionados,No seleccionados,No seleccionados,No seleccionados,Seleccionados,No seleccionados,No seleccionados,No seleccionados,No seleccionados,No seleccionados,Seleccionados,No seleccionados,No seleccionados,No seleccionados,No seleccionados,Seleccionados,No seleccionados,Masa bilobulada desembocadura vena cava superior,2017-08-23,Si,Si,Nativa,Aguda,Definitivo,no,No,Si,No,Seleccionados,No seleccionados,No seleccionados,No seleccionados,No,No,Si,No,No,No,No,No,No,Si,No seleccionados,Seleccionados,No seleccionados,Seleccionados,No seleccionados,No seleccionados,No seleccionados,No seleccionados,No seleccionados,No seleccionados,No seleccionados,No seleccionados,No seleccionados,No seleccionados,Seleccionados,No seleccionados,No seleccionados,No seleccionados,No seleccionados,No information,42.0,No,,,,,No seleccionados,No seleccionados,No seleccionados,No seleccionados,No seleccionados,No seleccionados,No seleccionados,No seleccionados,Si,8,No,No,No,Vivo,,0
30,45,Hombre,2019-01-12,2019-02-07,26,Si,No,No,Sobrepeso (>=25-29.9 IMC),No,No,No,No,No,No seleccionados,No seleccionados,No seleccionados,No seleccionados,No seleccionados,No seleccionados,No seleccionados,No seleccionados,No seleccionados,No seleccionados,No seleccionados,No seleccionados,,No,Seleccionados,No seleccionados,No seleccionados,No seleccionados,No seleccionados,No,No,No,No seleccionados,No seleccionados,No seleccionados,No seleccionados,No seleccionados,Seleccionados,No seleccionados,No,"Si, con hemodialisis",No,No,No,Si,No,No,No,No,No,No information,2019-01-07,Si,No,Si,No,No,Seleccionados,No seleccionados,No seleccionados,No seleccionados,No seleccionados,No seleccionados,No seleccionados,No seleccionados,No,Seleccionados,No seleccionados,No seleccionados,No seleccionados,No seleccionados,No aplica,No,84,173,"28,1",119.0,78.0,"91,7",131.0,18.0,No,No,Si,No,No,13070.0,1360,11120,"10,1",247000.0,No information,"4,29",No information,"6,8","36,8",No information,No information,No information,No information,"5,41","135,8","17,8","24,6",Positivo,"Si, meticilino resistente",No,No,No,No,No,No,No,No information,Si,Si,2019-01-15,60.0,No,No seleccionados,No seleccionados,No seleccionados,No seleccionados,No seleccionados,No seleccionados,No seleccionados,No seleccionados,No seleccionados,No seleccionados,No seleccionados,No seleccionados,No seleccionados,No seleccionados,No seleccionados,No seleccionados,No seleccionados,No seleccionados,Seleccionados,No seleccionados,Masa movil en desembocadura de vena cava superior ,2019-01-16,Si,Si,Nativa,Aguda,Definitivo,no,No,No,No,Seleccionados,No seleccionados,No seleccionados,No seleccionados,No,No,No,No,No,No,No,Si,No,Si,No seleccionados,No seleccionados,No seleccionados,No seleccionados,No seleccionados,No seleccionados,No seleccionados,No seleccionados,No seleccionados,No seleccionados,No seleccionados,Seleccionados,Seleccionados,No seleccionados,Seleccionados,No seleccionados,No seleccionados,No seleccionados,No seleccionados,No information,30.0,No,,,,,No seleccionados,No seleccionados,No seleccionados,No seleccionados,No seleccionados,No seleccionados,No seleccionados,No seleccionados,Si,4,Si,No,No,Vivo,,0
31,41,Mujer,2019-03-07,2019-04-19,43,Si,No,No,Obesidad (>=30 IMC),Si,No,No,No,No,No seleccionados,No seleccionados,No seleccionados,No seleccionados,No seleccionados,No seleccionados,No seleccionados,No seleccionados,No seleccionados,No seleccionados,No seleccionados,No seleccionados,,No,Seleccionados,No seleccionados,No seleccionados,No seleccionados,No seleccionados,No,No,No,Seleccionados,No seleccionados,No seleccionados,No seleccionados,No seleccionados,No seleccionados,No seleccionados,No,No,No,No,No,No,No,No,No,No,No,POP cesarea shock septico y cardiogenico por bacteremia MSSA,2019-03-06,Si,Si,Si,No,No,Seleccionados,No seleccionados,No seleccionados,No seleccionados,No seleccionados,No seleccionados,No seleccionados,No seleccionados,No,Seleccionados,No seleccionados,No seleccionados,No seleccionados,No seleccionados,Stevenson A,Shock  septico,80,161,"30,9",118.0,69.0,"85,3",118.0,24.0,No,No,No,No,Si,24880.0,590,23110,"11,2",267000.0,No information,"2,15",No information,"0,6","11,2",No information,No information,No information,"0,05","3,45","137,1",29,"16,5",Positivo,"Si, meticilino sensible",S. hominis,No,No,No,Pseudomonas spp,No,Si,No information,Si,Si,2019-03-15,65.0,Si,Seleccionados,No seleccionados,No seleccionados,No seleccionados,No seleccionados,No seleccionados,No seleccionados,Seleccionados,No seleccionados,No seleccionados,No seleccionados,No seleccionados,No seleccionados,Seleccionados,No seleccionados,No seleccionados,No seleccionados,No seleccionados,No seleccionados,No seleccionados,No information,2019-03-15,No,Si,Nativa,Aguda,Definitivo,no,No,Si,No,Seleccionados,No seleccionados,No seleccionados,No seleccionados,Si,No,No,No,No,No,No,No,No,Si,No seleccionados,Seleccionados,No seleccionados,Seleccionados,No seleccionados,No seleccionados,No seleccionados,No seleccionados,No seleccionados,No seleccionados,No seleccionados,No seleccionados,No seleccionados,No seleccionados,Seleccionados,No seleccionados,No seleccionados,No seleccionados,No seleccionados,No information,48.0,Si,Endovascular,Protesis mecanica,Ninguno,No,Seleccionados,No seleccionados,No seleccionados,No seleccionados,No seleccionados,No seleccionados,No seleccionados,No seleccionados,Si,20,Si,Si,No,Vivo,,0
32,40,Hombre,2019-03-14,2019-04-22,39,No,No,No,No,Si,No,No,No,Si,Seleccionados,No seleccionados,No seleccionados,No seleccionados,No seleccionados,No seleccionados,No seleccionados,Seleccionados,No seleccionados,No seleccionados,Seleccionados,No seleccionados,Si,Si,No seleccionados,No seleccionados,Seleccionados,Seleccionados,No seleccionados,No,No,No,Seleccionados,No seleccionados,No seleccionados,No seleccionados,No seleccionados,No seleccionados,No seleccionados,No,No,No,No,Si,No,No,Si,No,No,No,No information,2019-02-14,No,No,No,No,No,Seleccionados,No seleccionados,No seleccionados,No seleccionados,No seleccionados,No seleccionados,No seleccionados,No seleccionados,No,Seleccionados,No seleccionados,No seleccionados,No seleccionados,No seleccionados,No aplica,No,63,170,"21,8",110.0,50.0,70,47.06,16.0,No,No,No,No,No,8530.0,1790,6050,"16,1",228000.0,No information,"1,83",No information,"1,13","17,4",No information,No information,No information,No information,"3,5",141,"47,7",23,Positivo,No,S. epidermidis,No,No,No,No,No,No,No information,Si,Si,2019-03-15,60.0,No,No seleccionados,No seleccionados,No seleccionados,No seleccionados,No seleccionados,No seleccionados,No seleccionados,No seleccionados,No seleccionados,No seleccionados,No seleccionados,No seleccionados,No seleccionados,No seleccionados,Seleccionados,No seleccionados,No seleccionados,Seleccionados,Seleccionados,No seleccionados,Vena cava inferior,2019-03-15,Si,Si,Protesica,Subaguda,Definitivo,no,No,No,No,Seleccionados,No seleccionados,No seleccionados,No seleccionados,No,No,No,No,No,No,No,No,No,Si,No seleccionados,Seleccionados,No seleccionados,Seleccionados,No seleccionados,No seleccionados,No seleccionados,No seleccionados,No seleccionados,No seleccionados,No seleccionados,No seleccionados,No seleccionados,No seleccionados,No seleccionados,No seleccionados,No seleccionados,No seleccionados,No seleccionados,No information,14.0,Si,Abierta,Protesis mecanica,Ninguno,Retiro quirurgico,Seleccionados,No seleccionados,No seleccionados,No seleccionados,No seleccionados,No seleccionados,No seleccionados,No seleccionados,Si,8,Si,Si,Si,Vivo,,0
33,69,Hombre,2019-04-08,2019-05-23,45,No,No,No,Sobrepeso (>=25-29.9 IMC),No,No,No,No,Si,Seleccionados,No seleccionados,No seleccionados,No seleccionados,No seleccionados,No seleccionados,No seleccionados,No seleccionados,Seleccionados,No seleccionados,Seleccionados,No seleccionados,No,No,Seleccionados,No seleccionados,No seleccionados,No seleccionados,No seleccionados,No,Si,No,Seleccionados,No seleccionados,No seleccionados,No seleccionados,No seleccionados,No seleccionados,No seleccionados,No,No,No,No,No,No,No,No,No,No,No,No information,2019-04-01,Si,Si,No,No,No,No seleccionados,Seleccionados,No seleccionados,No seleccionados,No seleccionados,Seleccionados,No seleccionados,No seleccionados,No,Seleccionados,No seleccionados,No seleccionados,No seleccionados,No seleccionados,No aplica,Shock  septico,75,165,"27,6",90.0,48.0,62,126.0,22.0,No,No,Si,No,No,13140.0,1010,11220,"11,1",64000.0,No information,"24,96",No information,"2,7","101,4",No information,No information,No information,No information,"5,37","149,3","39,6",26,Positivo,"Si, meticilino sensible",No,No,No,No,Klebsiella spp,No,Si,No information,Si,Si,2019-04-09,60.0,No,No seleccionados,No seleccionados,No seleccionados,No seleccionados,No seleccionados,No seleccionados,No seleccionados,No seleccionados,No seleccionados,No seleccionados,No seleccionados,No seleccionados,No seleccionados,Seleccionados,Seleccionados,No seleccionados,No seleccionados,No seleccionados,No seleccionados,No seleccionados,No information,2019-04-09,Si,Si,Nativa,Subaguda,Definitivo,Periferico,ACV hemorragico,No,No,Seleccionados,No seleccionados,No seleccionados,No seleccionados,Si,No,No,No,No,No,Si,Si,No,Si,No seleccionados,No seleccionados,No seleccionados,Seleccionados,No seleccionados,No seleccionados,No seleccionados,No seleccionados,No seleccionados,No seleccionados,No seleccionados,No seleccionados,No seleccionados,No seleccionados,Seleccionados,No seleccionados,No seleccionados,No seleccionados,No seleccionados,No information,42.0,Si,Abierta,Protesis biologica,Extraccion de masa,No,No seleccionados,No seleccionados,No seleccionados,No seleccionados,No seleccionados,Seleccionados,No seleccionados,No seleccionados,Si,33,No,Si,Si,Vivo,,0
34,29,Hombre,2019-04-10,2019-05-28,48,Si,No,No,No,Si,No,No,No,No,No seleccionados,No seleccionados,No seleccionados,No seleccionados,No seleccionados,No seleccionados,No seleccionados,No seleccionados,No seleccionados,No seleccionados,No seleccionados,No seleccionados,,No,Seleccionados,No seleccionados,No seleccionados,No seleccionados,No seleccionados,No,No,No,No seleccionados,No seleccionados,No seleccionados,No seleccionados,No seleccionados,Seleccionados,No seleccionados,No,"Si, con hemodialisis",No,No,No,Si,Urologico,No,No,No,No,No information,2019-03-10,Si,No,Si,No,No,No seleccionados,Seleccionados,No seleccionados,No seleccionados,No seleccionados,No seleccionados,No seleccionados,No seleccionados,No,Seleccionados,No seleccionados,No seleccionados,No seleccionados,No seleccionados,Stevenson B,No,"60,1",170,"20,8",143.0,72.0,"95,7",81.0,18.0,No,No,Si,No,No,11000.0,1740,7640,"8,2",134000.0,No information,"12,42",No information,"4,5","44,2",No information,No information,No information,No information,"5,01","138,1","7,5","7,2",Positivo,"Si, meticilino resistente",No,No,No,No,No,No,No,No information,Si,Si,2019-03-28,60.0,No,No seleccionados,No seleccionados,No seleccionados,No seleccionados,No seleccionados,No seleccionados,No seleccionados,No seleccionados,No seleccionados,No seleccionados,No seleccionados,No seleccionados,No seleccionados,No seleccionados,No seleccionados,No seleccionados,Seleccionados,No seleccionados,No seleccionados,No seleccionados,No information,2019-03-28,Si,Si,Nativa,Aguda,Definitivo,Periferico,No,No,No,Seleccionados,No seleccionados,No seleccionados,No seleccionados,No,No,No,No,Si,No,Si,No,No,Si,No seleccionados,Seleccionados,No seleccionados,No seleccionados,No seleccionados,No seleccionados,No seleccionados,No seleccionados,No seleccionados,No seleccionados,No seleccionados,No seleccionados,No seleccionados,No seleccionados,Seleccionados,No seleccionados,No seleccionados,No seleccionados,No seleccionados,No information,21.0,Si,Abierta,Ninguno,Extraccion de masa,No,Seleccionados,No seleccionados,No seleccionados,No seleccionados,No seleccionados,No seleccionados,No seleccionados,No seleccionados,Si,7,No,Si,No,Vivo,,0
36,64,Hombre,2019-04-24,2019-06-23,60,No,No,No,Sobrepeso (>=25-29.9 IMC),No,No,No,No,Si,Seleccionados,No seleccionados,No seleccionados,No seleccionados,No seleccionados,No seleccionados,No seleccionados,No seleccionados,Seleccionados,No seleccionados,No seleccionados,No seleccionados,No,No,Seleccionados,No seleccionados,No seleccionados,No seleccionados,No seleccionados,No,Si,Si,No seleccionados,Seleccionados,Seleccionados,Seleccionados,No seleccionados,No seleccionados,No seleccionados,No,No,No,No,No,No,Gastrointestinal,No,No,No,No,No information,2019-05-06,Si,No,Si,No,No,Seleccionados,No seleccionados,No seleccionados,No seleccionados,No seleccionados,No seleccionados,No seleccionados,No seleccionados,No,Seleccionados,No seleccionados,No seleccionados,No seleccionados,No seleccionados,No aplica,No,78,175,"25,5",103.0,70.0,81,82.0,18.0,No,No,No,No,No,6350.0,1070,3140,"11,1",78000.0,No information,"4,05",No information,"0,89",5,No information,No information,No information,No information,"4,44","142,9","10,7","6,4",Positivo,No,S. epidermidis,No,No,No,No,No,No,No information,Si,Si,2019-06-06,50.0,No,No seleccionados,No seleccionados,No seleccionados,No seleccionados,No seleccionados,No seleccionados,No seleccionados,No seleccionados,No seleccionados,No seleccionados,No seleccionados,No seleccionados,No seleccionados,No seleccionados,No seleccionados,No seleccionados,Seleccionados,No seleccionados,No seleccionados,No seleccionados,No information,2019-06-07,Si,Si,Nativa,Subaguda,Definitivo,no,No,No,No,Seleccionados,No seleccionados,No seleccionados,No seleccionados,No,No,Si,No,Si,No,No,No,No,Si,No seleccionados,Seleccionados,No seleccionados,No seleccionados,No seleccionados,No seleccionados,No seleccionados,Seleccionados,No seleccionados,No seleccionados,No seleccionados,No seleccionados,No seleccionados,No seleccionados,No seleccionados,No seleccionados,No seleccionados,No seleccionados,No seleccionados,No information,42.0,No,,,,,No seleccionados,No seleccionados,No seleccionados,No seleccionados,No seleccionados,No seleccionados,No seleccionados,No seleccionados,No,No information,No,No,No,Vivo,,0
37,45,Mujer,2019-05-15,2019-06-30,46,Si,No,No,No,Si,No,No,No,Si,Seleccionados,No seleccionados,No seleccionados,No seleccionados,No seleccionados,No seleccionados,No seleccionados,No seleccionados,No seleccionados,No seleccionados,Seleccionados,No seleccionados,No,No,Seleccionados,No seleccionados,No seleccionados,No seleccionados,No seleccionados,No,No,No,Seleccionados,No seleccionados,No seleccionados,No seleccionados,No seleccionados,No seleccionados,No seleccionados,No,No,No,No,No,No,No,No,No,No,No,No information,2019-05-08,Si,Si,Si,No,No,Seleccionados,No seleccionados,No seleccionados,No seleccionados,No seleccionados,No seleccionados,No seleccionados,No seleccionados,No,Seleccionados,No seleccionados,No seleccionados,No seleccionados,No seleccionados,Stevenson C,No,43,144,"20,7",85.0,57.0,"66,3",91.0,17.0,No,Si,Si,No,Si,7860.0,1030,5910,9,143000.0,No information,"3,82",No information,"4,59","98,4",No information,No information,No information,No information,"3,74","130,9","226,4","595,7",Positivo,"Si, meticilino sensible",No,No,No,No,No,No,No,No information,Si,Si,2019-05-22,20.0,Si,Seleccionados,No seleccionados,No seleccionados,No seleccionados,No seleccionados,No seleccionados,No seleccionados,No seleccionados,Seleccionados,No seleccionados,Seleccionados,No seleccionados,No seleccionados,No seleccionados,Seleccionados,No seleccionados,No seleccionados,No seleccionados,No seleccionados,No seleccionados,No information,2019-05-28,No,Si,Nativa,Aguda,Definitivo,no,No,No,No,No seleccionados,No seleccionados,Seleccionados,No seleccionados,No,No,No,No,Si,No,No,Si,No,Si,Seleccionados,No seleccionados,No seleccionados,No seleccionados,No seleccionados,No seleccionados,No seleccionados,No seleccionados,No seleccionados,No seleccionados,No seleccionados,No seleccionados,No seleccionados,No seleccionados,Seleccionados,No seleccionados,No seleccionados,No seleccionados,No seleccionados,No information,42.0,No,,,,,No seleccionados,No seleccionados,No seleccionados,No seleccionados,No seleccionados,No seleccionados,No seleccionados,No seleccionados,Si,33,Si,Si,No,Vivo,,0
38,23,Hombre,2019-05-17,2019-06-04,18,No,No,No,No,No,No,No,Si,No,No seleccionados,No seleccionados,No seleccionados,No seleccionados,No seleccionados,No seleccionados,No seleccionados,No seleccionados,No seleccionados,No seleccionados,No seleccionados,No seleccionados,,No,Seleccionados,No seleccionados,No seleccionados,No seleccionados,No seleccionados,No,No,No,Seleccionados,No seleccionados,No seleccionados,No seleccionados,No seleccionados,No seleccionados,No seleccionados,No,No,No,No,No,No,No,No,No,No,Si,Presidiario,2019-02-14,Si,No,Si,Si,No,No seleccionados,No seleccionados,No seleccionados,No seleccionados,No seleccionados,Seleccionados,No seleccionados,No seleccionados,No,Seleccionados,No seleccionados,No seleccionados,No seleccionados,No seleccionados,No aplica,Sepsis,52,157,"21,1",126.0,81.0,96,126.0,16.0,No,No,Si,No,No,8890.0,3280,3290,"12,6",324000.0,No information,No information,No information,"0,96","15,2",No information,No information,No information,No information,"5,02","142,7",No information,No information,Positivo,No,S. epidermidis,No,No,No,Pseudomonas spp,No,Si,No information,Si,Si,2019-05-20,45.0,Si,Seleccionados,No seleccionados,No seleccionados,No seleccionados,No seleccionados,No seleccionados,No seleccionados,Seleccionados,Seleccionados,No seleccionados,Seleccionados,No seleccionados,No seleccionados,Seleccionados,Seleccionados,No seleccionados,No seleccionados,No seleccionados,No seleccionados,No seleccionados,No information,2019-05-20,Si,Si,Nativa,Cronica,Definitivo,Otro,ACV isquemico,Si,No,Seleccionados,No seleccionados,No seleccionados,No seleccionados,No,No,Si,No,No,No,No,No,No,Si,No seleccionados,Seleccionados,No seleccionados,Seleccionados,No seleccionados,No seleccionados,No seleccionados,No seleccionados,No seleccionados,No seleccionados,No seleccionados,No seleccionados,No seleccionados,No seleccionados,Seleccionados,No seleccionados,No seleccionados,No seleccionados,No seleccionados,No information,42.0,Si,Endovascular,Protesis biologica,Ninguno,No,Seleccionados,No seleccionados,No seleccionados,No seleccionados,No seleccionados,No seleccionados,No seleccionados,No seleccionados,Si,10,Si,No,Si,Vivo,,0
39,61,Mujer,2019-08-02,2019-08-20,18,No,No,No,No,No,No,No,No,No,No seleccionados,No seleccionados,No seleccionados,No seleccionados,No seleccionados,No seleccionados,No seleccionados,No seleccionados,No seleccionados,No seleccionados,No seleccionados,No seleccionados,,No,Seleccionados,No seleccionados,No seleccionados,No seleccionados,No seleccionados,No,No,Si,No seleccionados,No seleccionados,No seleccionados,No seleccionados,No seleccionados,Seleccionados,No seleccionados,No,No,No,No,No,No,No information,No,Si,Si,No,Neumonia nosocomial severa con necesidad de soporte ventilatorio,2019-07-29,Si,Si,No,No,Si,Seleccionados,No seleccionados,No seleccionados,No seleccionados,No seleccionados,No seleccionados,No seleccionados,No seleccionados,No,Seleccionados,No seleccionados,No seleccionados,No seleccionados,No seleccionados,No aplica,Shock  septico,58,154,"24,5",82.0,48.0,"59,3",102.0,28.0,No,No,No,No,No,7600.0,2330,3930,"7,2",121000.0,No information,"46,26",No information,"1,85","41,1",No information,No information,No information,No information,"4,2","135,1","43,8","44,8",Positivo,No,No,S. pneumoniae,No,No,No,No,No,No information,Si,Si,2019-08-15,40.0,No,No seleccionados,No seleccionados,No seleccionados,No seleccionados,No seleccionados,No seleccionados,No seleccionados,No seleccionados,No seleccionados,No seleccionados,No seleccionados,No seleccionados,No seleccionados,Seleccionados,No seleccionados,No seleccionados,No seleccionados,No seleccionados,Seleccionados,No seleccionados,Atrio derecho en desembocadura de vena cava inferior,2019-08-16,Si,Si,Nativa,Subaguda,Definitivo,no,No,No,No,Seleccionados,No seleccionados,No seleccionados,No seleccionados,Si,No,Si,No,Si,No,No,No,No,Si,Seleccionados,Seleccionados,No seleccionados,Seleccionados,No seleccionados,No seleccionados,No seleccionados,Seleccionados,No seleccionados,No seleccionados,No seleccionados,No seleccionados,No seleccionados,No seleccionados,No seleccionados,No seleccionados,No seleccionados,No seleccionados,No seleccionados,No information,30.0,No,,,,,No seleccionados,No seleccionados,No seleccionados,No seleccionados,No seleccionados,No seleccionados,No seleccionados,No seleccionados,Si,10,No,Si,Si,Vivo,,0
40,0,Hombre,2019-08-23,2019-12-06,105,No,No,No,No,No,No,No,No,No,No seleccionados,No seleccionados,No seleccionados,No seleccionados,No seleccionados,No seleccionados,No seleccionados,No seleccionados,No seleccionados,No seleccionados,No seleccionados,No seleccionados,,Si,Seleccionados,No seleccionados,No seleccionados,No seleccionados,No seleccionados,No,No,No,Seleccionados,No seleccionados,No seleccionados,No seleccionados,No seleccionados,No seleccionados,No seleccionados,No,No,No,No,Si,No,No,No,No,No,No,Previa cirugia de correccion de transposicion de grandes vasos,2019-09-20,Si,No information,No information,No,No,Seleccionados,No seleccionados,No seleccionados,No seleccionados,No seleccionados,No seleccionados,No seleccionados,No seleccionados,No,Seleccionados,No seleccionados,No seleccionados,No seleccionados,No seleccionados,No aplica,Sepsis,3,50,12,74.51,50.0,58,152.0,35.0,No,No,No,No,No,35250.0,3610,29260,"12,4",315000.0,No information,"3,39",No information,"0,21","25,3",No information,"8,063",No information,No information,"3,3","133,6","85,2","62,6",Positivo,"Si, meticilino sensible",No,No,No,No,Klebsiella spp,No,Si,No information,Si,Si,2019-10-25,50.0,Si,Seleccionados,No seleccionados,No seleccionados,No seleccionados,No seleccionados,No seleccionados,No seleccionados,Seleccionados,No seleccionados,Seleccionados,No seleccionados,No seleccionados,No seleccionados,No seleccionados,No seleccionados,No seleccionados,No seleccionados,No seleccionados,Seleccionados,No seleccionados,Vegetation de la auricula izquierda a la derecha en relacion al parche de CIA,2019-10-25,No,Si,Asociada a Dispositvo cardiaco,Subaguda,Definitivo,no,No,No,No,Seleccionados,No seleccionados,No seleccionados,No seleccionados,No,No,Si,No,No,No,Si,No,No,Si,No seleccionados,Seleccionados,No seleccionados,Seleccionados,Seleccionados,Seleccionados,No seleccionados,Seleccionados,No seleccionados,No seleccionados,No seleccionados,No seleccionados,No seleccionados,No seleccionados,Seleccionados,No seleccionados,No seleccionados,No seleccionados,No seleccionados,No information,84.0,Si,Abierta,Ninguno,Extraccion de masa,No,No seleccionados,No seleccionados,No seleccionados,Seleccionados,No seleccionados,No seleccionados,No seleccionados,No seleccionados,Si,60,Si,Si,Si,Vivo,,0
41,12,Hombre,2019-10-01,2019-10-22,21,Si,No,No,No,No,No,No,No,Si,No seleccionados,No seleccionados,No seleccionados,No seleccionados,Seleccionados,No seleccionados,Seleccionados,No seleccionados,No seleccionados,No seleccionados,No seleccionados,No seleccionados,Si,Si,No seleccionados,No seleccionados,No seleccionados,Seleccionados,No seleccionados,No,No,No,Seleccionados,No seleccionados,No seleccionados,No seleccionados,No seleccionados,No seleccionados,No seleccionados,No,No,No,No,Si,No,No,No,No,No,No,No information,2019-10-01,Si,Si,No,No,No,Seleccionados,No seleccionados,No seleccionados,No seleccionados,No seleccionados,No seleccionados,No seleccionados,No seleccionados,No,Seleccionados,No seleccionados,No seleccionados,No seleccionados,No seleccionados,No aplica,No,34,153,"14,7",106.0,66.0,"79,3",66.0,19.0,No,No,No,No,No,9960.0,3090,5550,"13,5",235000.0,5,"0,75",No information,"0,65","13,2",No information,No information,No information,No information,"4,63","136,7","14,4","15,1",Positivo,"Si, meticilino resistente",No,No,No,No,No,No,No,No information,Si,Si,2019-10-08,50.0,Si,No seleccionados,No seleccionados,Seleccionados,No seleccionados,No seleccionados,No seleccionados,Seleccionados,No seleccionados,No seleccionados,No seleccionados,No seleccionados,No seleccionados,No seleccionados,No seleccionados,Seleccionados,No seleccionados,No seleccionados,No seleccionados,No seleccionados,No seleccionados,No information,2019-10-08,No,Si,Protesica,Aguda,Definitivo,no,No,No,No,Seleccionados,No seleccionados,No seleccionados,No seleccionados,No,Si,No,No,No,No,No,No,No,Si,No seleccionados,Seleccionados,No seleccionados,No seleccionados,Seleccionados,Seleccionados,No seleccionados,No seleccionados,No seleccionados,No seleccionados,No seleccionados,No seleccionados,No seleccionados,No seleccionados,No seleccionados,No seleccionados,No seleccionados,No seleccionados,No seleccionados,No information,42.0,Si,Abierta,Protesis mecanica,Ninguno,No,Seleccionados,No seleccionados,No seleccionados,No seleccionados,No seleccionados,No seleccionados,No seleccionados,No seleccionados,Si,13,Si,Si,Si,Vivo,,0
44,68,Mujer,2019-12-12,2019-12-23,11,No,No,No,No,No,No,No,No,No,No seleccionados,No seleccionados,No seleccionados,No seleccionados,No seleccionados,No seleccionados,No seleccionados,No seleccionados,No seleccionados,No seleccionados,No seleccionados,No seleccionados,,No,Seleccionados,No seleccionados,No seleccionados,No seleccionados,No seleccionados,No,No,No,No seleccionados,Seleccionados,No seleccionados,No seleccionados,No seleccionados,No seleccionados,No seleccionados,No,"Si, con hemodialisis",No,No,No,Si,No,No,No,No,No,Resection de tiroides y paratiroides,2019-12-09,Si,No,No,No,No,No seleccionados,No seleccionados,No seleccionados,Seleccionados,No seleccionados,No seleccionados,No seleccionados,No seleccionados,No,Seleccionados,No seleccionados,No seleccionados,No seleccionados,No seleccionados,No aplica,No,54,159,"21,4",155.0,71.0,99,75.0,16.0,No,No,No,No,Si,6740.0,550,4610,"10,3",435000.0,No information,"7,25",No information,"0,8","20,4",No information,No information,No information,No information,"4,78",No information,No information,No information,Negativo,No,No,No,No,No,No,No,No,No information,No,Si,2019-12-14,65.0,Si,Seleccionados,No seleccionados,No seleccionados,No seleccionados,No seleccionados,No seleccionados,No seleccionados,No seleccionados,Seleccionados,No seleccionados,No seleccionados,No seleccionados,No seleccionados,No seleccionados,Seleccionados,No seleccionados,No seleccionados,No seleccionados,No seleccionados,No seleccionados,No information,2019-12-14,No,Si,Nativa,Aguda,Definitivo,no,No,No,No,Seleccionados,No seleccionados,No seleccionados,No seleccionados,No,No,No,No,No,No,No,No,No,Si,No seleccionados,No seleccionados,No seleccionados,No seleccionados,No seleccionados,No seleccionados,No seleccionados,Seleccionados,No seleccionados,No seleccionados,No seleccionados,No seleccionados,Seleccionados,No seleccionados,No seleccionados,No seleccionados,No seleccionados,No seleccionados,No seleccionados,No information,30.0,No,,,,,No seleccionados,No seleccionados,No seleccionados,No seleccionados,No seleccionados,No seleccionados,No seleccionados,No seleccionados,No,0,No,No,No,Vivo,,0
46,76,Hombre,2020-03-19,2020-04-10,22,Si,No,No,Sobrepeso (>=25-29.9 IMC),No,No,Si,No,Si,No seleccionados,No seleccionados,Seleccionados,No seleccionados,No seleccionados,No seleccionados,Seleccionados,No seleccionados,No seleccionados,No seleccionados,No seleccionados,No seleccionados,Si,Si,Seleccionados,No seleccionados,No seleccionados,No seleccionados,No seleccionados,No,No,No,No seleccionados,No seleccionados,No seleccionados,No seleccionados,No seleccionados,Seleccionados,No seleccionados,No,"Si, sin dialisis",No,Hipotiroidismo,No,No,No,No,Si,Si,No,No information,2020-03-16,Si,Si,Si,No,No,Seleccionados,No seleccionados,No seleccionados,No seleccionados,No seleccionados,No seleccionados,No seleccionados,No seleccionados,No,Seleccionados,No seleccionados,No seleccionados,No seleccionados,No seleccionados,Stevenson A,Shock  septico,86,175,"28,1",81.0,46.0,"57,7",97.0,24.0,No,No,No,Si,Si,6220.0,180,5850,"13,2",39000.0,No information,"21,78",No information,"1,7","31,3",12380,"1,12",No information,"42,6","3,06","140,5","30,5","37,2",Positivo,No,No,No,No,Haemophilus spp,No,No,No,No information,Si,Si,2020-03-20,65.0,Si,No seleccionados,Seleccionados,No seleccionados,No seleccionados,No seleccionados,No seleccionados,No seleccionados,Seleccionados,Seleccionados,No seleccionados,No seleccionados,No seleccionados,No seleccionados,Seleccionados,No seleccionados,No seleccionados,No seleccionados,No seleccionados,No seleccionados,No seleccionados,No information,2020-03-20,Si,Si,Protesica,Aguda,Definitivo,no,No,Si,No,Seleccionados,No seleccionados,No seleccionados,No seleccionados,Si,No,No,No,Si,No,No,No,No,Si,Seleccionados,No seleccionados,No seleccionados,Seleccionados,No seleccionados,No seleccionados,Seleccionados,No seleccionados,No seleccionados,No seleccionados,No seleccionados,No seleccionados,No seleccionados,No seleccionados,No seleccionados,No seleccionados,Seleccionados,No seleccionados,No seleccionados,No information,42.0,No,,,,,No seleccionados,No seleccionados,No seleccionados,No seleccionados,No seleccionados,No seleccionados,No seleccionados,No seleccionados,Si,12,No,Si,Si,Vivo,,0
49,75,Hombre,2020-04-25,2020-05-20,25,No,No,No,No,Si,No,No,No,Si,Seleccionados,No seleccionados,No seleccionados,No seleccionados,No seleccionados,No seleccionados,No seleccionados,No seleccionados,No seleccionados,No seleccionados,Seleccionados,No seleccionados,Si,No,Seleccionados,No seleccionados,No seleccionados,No seleccionados,No seleccionados,No,Si,No,Seleccionados,No seleccionados,No seleccionados,No seleccionados,No seleccionados,No seleccionados,No seleccionados,No,No,No,No,No,No,No,No,No,Si,No,No information,2020-01-29,Si,Si,No,No,No,Seleccionados,No seleccionados,No seleccionados,No seleccionados,No seleccionados,No seleccionados,No seleccionados,No seleccionados,No,Seleccionados,No seleccionados,No seleccionados,No seleccionados,No seleccionados,Stevenson B,No,"57,2",168,"20,3",112.0,81.0,"91,3",77.0,19.0,No,No,Si,No,No,8820.0,2400,4920,"12,8",157000.0,No information,"1,6",No information,"1,19","19,5",2000,5,No information,No information,"4,07","139,8","33,6","24,5",Negativo,No,No,S. pneumoniae,No,No,No,No,Si,Cutibacteriumacnes,Si,Si,2020-04-28,65.0,Si,Seleccionados,No seleccionados,No seleccionados,No seleccionados,No seleccionados,No seleccionados,No seleccionados,No seleccionados,Seleccionados,No seleccionados,Seleccionados,No seleccionados,No seleccionados,No seleccionados,Seleccionados,No seleccionados,No seleccionados,No seleccionados,No seleccionados,No seleccionados,No information,2020-04-29,No,Si,Protesica,Cronica,Definitivo,no,No,No,No,No seleccionados,No seleccionados,Seleccionados,No seleccionados,No,No,No,No,Si,No,No,No,No,Si,Seleccionados,Seleccionados,No seleccionados,No seleccionados,No seleccionados,No seleccionados,No seleccionados,No seleccionados,No seleccionados,No seleccionados,No seleccionados,No seleccionados,No seleccionados,No seleccionados,No seleccionados,No seleccionados,No seleccionados,No seleccionados,No seleccionados,No information,42.0,Si,Abierta,Protesis biologica,Otro,No,No seleccionados,No seleccionados,No seleccionados,No seleccionados,No seleccionados,Seleccionados,No seleccionados,No seleccionados,Si,7,Si,Si,Si,Vivo,,0
50,60,Hombre,2020-04-29,2020-05-21,22,Si,No,No,Sobrepeso (>=25-29.9 IMC),No,No,Si,No,No,No seleccionados,No seleccionados,No seleccionados,No seleccionados,No seleccionados,No seleccionados,No seleccionados,No seleccionados,No seleccionados,No seleccionados,No seleccionados,No seleccionados,,No,Seleccionados,No seleccionados,No seleccionados,No seleccionados,No seleccionados,No,No,No,Seleccionados,No seleccionados,No seleccionados,No seleccionados,No seleccionados,No seleccionados,No seleccionados,No,No,No,No,No,No,No,No,No,Si,No,Cirugia de columna hace 3 meses,2020-01-29,Si,No,Si,No,No,Seleccionados,No seleccionados,No seleccionados,No seleccionados,No seleccionados,No seleccionados,No seleccionados,No seleccionados,Si,Seleccionados,No seleccionados,No seleccionados,No seleccionados,No seleccionados,No aplica,No,83,180,"26,5",109.0,62.0,77,110.0,35.0,Si,No,No,No,No,16830.0,1080,14850,"11,4",199000.0,No information,"12,59",No information,"1,32","21,2",3620,No information,No information,20,"4,37","135,1","18,5","13,7",Positivo,No,No,No,E. faecalis,No,No,No,No,No information,Si,Si,2020-05-03,65.0,Si,No seleccionados,No seleccionados,Seleccionados,No seleccionados,No seleccionados,No seleccionados,No seleccionados,Seleccionados,No seleccionados,No seleccionados,No seleccionados,No seleccionados,No seleccionados,Seleccionados,Seleccionados,No seleccionados,No seleccionados,No seleccionados,No seleccionados,No seleccionados,No information,2020-05-03,Si,Si,Nativa,Subaguda,Definitivo,no,No,No,Si,Seleccionados,No seleccionados,No seleccionados,No seleccionados,No,No,No,No,No,No,No,No,No,Si,Seleccionados,No seleccionados,No seleccionados,No seleccionados,No seleccionados,No seleccionados,No seleccionados,No seleccionados,No seleccionados,No seleccionados,No seleccionados,No seleccionados,No seleccionados,No seleccionados,No seleccionados,Seleccionados,No seleccionados,No seleccionados,No seleccionados,No information,42.0,Si,Abierta,Protesis mecanica,Ninguno,No,Seleccionados,No seleccionados,No seleccionados,No seleccionados,No seleccionados,No seleccionados,No seleccionados,No seleccionados,Si,2,No,Si,Si,Vivo,,0
51,47,Hombre,2020-05-21,2020-06-30,40,Si,No,No,Sobrepeso (>=25-29.9 IMC),No,No,No,No,No,No seleccionados,No seleccionados,No seleccionados,No seleccionados,No seleccionados,No seleccionados,No seleccionados,No seleccionados,No seleccionados,No seleccionados,No seleccionados,No seleccionados,,No,Seleccionados,No seleccionados,No seleccionados,No seleccionados,No seleccionados,No,No,No,No seleccionados,Seleccionados,No seleccionados,No seleccionados,No seleccionados,No seleccionados,No seleccionados,No,"Si, sin dialisis",No,No,No,No,No,No,No,No,No,Infeccion cutanea dificil por SASM 2 años antes,2020-05-18,Si,No,No,No,No,Seleccionados,No seleccionados,No seleccionados,No seleccionados,No seleccionados,No seleccionados,No seleccionados,No seleccionados,No,Seleccionados,No seleccionados,No seleccionados,No seleccionados,No seleccionados,No aplica,No,"79,1",176,"25,5",150.0,87.0,108,79.0,15.0,No,No,No,No,No,5690.0,1130,3590,"10,2",322000.0,No information,"3,01",No information,"6,44","56,3",No information,No information,No information,No information,"3,72","139,6","42,9","28,4",Positivo,"Si, meticilino sensible",No,No,No,No,No,No,No,No information,Si,Si,2020-06-01,60.0,No,No seleccionados,No seleccionados,No seleccionados,No seleccionados,No seleccionados,No seleccionados,No seleccionados,No seleccionados,No seleccionados,No seleccionados,No seleccionados,No seleccionados,No seleccionados,No seleccionados,Seleccionados,No seleccionados,No seleccionados,No seleccionados,No seleccionados,No seleccionados,No information,2020-06-01,Si,Si,Nativa,Aguda,Definitivo,no,No,No,No,Seleccionados,No seleccionados,No seleccionados,No seleccionados,No,No,No,No,No,No,No,No,No,Si,No seleccionados,Seleccionados,No seleccionados,No seleccionados,No seleccionados,No seleccionados,No seleccionados,No seleccionados,No seleccionados,No seleccionados,No seleccionados,No seleccionados,No seleccionados,No seleccionados,Seleccionados,No seleccionados,No seleccionados,No seleccionados,No seleccionados,No information,42.0,No,,,,,No seleccionados,No seleccionados,No seleccionados,No seleccionados,No seleccionados,No seleccionados,No seleccionados,No seleccionados,No,0,No,No,No,Vivo,,0
52,25,Mujer,2020-05-29,2020-07-01,33,No,No,No,No,No,No,No,No,No,No seleccionados,No seleccionados,No seleccionados,No seleccionados,No seleccionados,No seleccionados,No seleccionados,No seleccionados,No seleccionados,No seleccionados,No seleccionados,No seleccionados,,No,Seleccionados,No seleccionados,No seleccionados,No seleccionados,No seleccionados,No,No,No,Seleccionados,No seleccionados,No seleccionados,No seleccionados,No seleccionados,No seleccionados,No seleccionados,No,No,No,No,No,Si,Gastrointestinal,No,No,No,No,Usuaria de gastrostomia e ileostomia,2020-05-15,Si,No,Si,No,No,Seleccionados,No seleccionados,No seleccionados,No seleccionados,No seleccionados,No seleccionados,No seleccionados,No seleccionados,No,Seleccionados,No seleccionados,No seleccionados,No seleccionados,No seleccionados,No aplica,No,52,162,"19,8",110.0,79.0,"89,3",150.0,24.0,No,No,No,No,No,5750.0,1410,3960,"9,9",305000.0,No information,"8,83",No information,"0,65","23,3",No information,No information,No information,No information,"4,11","128,5","111,7",114,Positivo,No,No,No,No,No,No,No,No,Mycobacteriummucogenicum,Si,Si,2020-06-09,65.0,No,No seleccionados,No seleccionados,No seleccionados,No seleccionados,No seleccionados,No seleccionados,No seleccionados,No seleccionados,No seleccionados,No seleccionados,No seleccionados,No seleccionados,No seleccionados,No seleccionados,No seleccionados,No seleccionados,No seleccionados,No seleccionados,Seleccionados,No seleccionados,Punta de cateter venoso central en atrio derecho,2020-06-09,No,Si,Asociada a cateter,Cronica,Definitivo,Pulmon,No,No,No,Seleccionados,No seleccionados,No seleccionados,No seleccionados,No,No,No,No,No,No,No,No,No,Si,No seleccionados,No seleccionados,No seleccionados,No seleccionados,No seleccionados,No seleccionados,No seleccionados,No seleccionados,No seleccionados,No seleccionados,No seleccionados,No seleccionados,No seleccionados,No seleccionados,No seleccionados,No seleccionados,No seleccionados,Seleccionados,No seleccionados,Imipenemyclaritromicinayamikacina,70.0,No,,,,,No seleccionados,No seleccionados,No seleccionados,No seleccionados,No seleccionados,No seleccionados,No seleccionados,No seleccionados,No,0,No,No,No,Vivo,,0
53,22,Mujer,2020-06-05,2020-07-18,43,Si,No,No,No,No,No,No,No,No,No seleccionados,No seleccionados,No seleccionados,No seleccionados,No seleccionados,No seleccionados,No seleccionados,No seleccionados,No seleccionados,No seleccionados,No seleccionados,No seleccionados,,No,Seleccionados,No seleccionados,No seleccionados,No seleccionados,No seleccionados,No,No,No,No seleccionados,Seleccionados,No seleccionados,No seleccionados,No seleccionados,Seleccionados,No seleccionados,No,"Si, con hemodialisis",No,No,No,Si,No,No,No,No,No,No information,2020-06-02,Si,No,No,No,No,Seleccionados,No seleccionados,No seleccionados,No seleccionados,No seleccionados,No seleccionados,No seleccionados,No seleccionados,No,Seleccionados,No seleccionados,No seleccionados,No seleccionados,No seleccionados,No aplica,No,57,155,"23,7",131.0,82.0,"98,3",98.0,18.0,No,No,No,No,No,9500.0,1490,7560,8,353000.0,No information,"5,52",No information,"7,38","25,3",No information,No information,No information,No information,"4,27","135,1","11,6",5,Positivo,No,S. epidermidis,No,No,No,No,No,No,No information,Si,Si,2020-06-06,70.0,No,No seleccionados,No seleccionados,No seleccionados,No seleccionados,No seleccionados,No seleccionados,No seleccionados,No seleccionados,No seleccionados,No seleccionados,No seleccionados,No seleccionados,No seleccionados,No seleccionados,Seleccionados,No seleccionados,Seleccionados,No seleccionados,No seleccionados,No seleccionados,No information,2020-06-06,No,Si,Nativa,Aguda,Definitivo,no,No,No,No,Seleccionados,No seleccionados,No seleccionados,No seleccionados,No,No,No,No,No,No,No,No,No,Si,No seleccionados,Seleccionados,No seleccionados,No seleccionados,No seleccionados,No seleccionados,No seleccionados,Seleccionados,No seleccionados,No seleccionados,No seleccionados,No seleccionados,No seleccionados,No seleccionados,No seleccionados,No seleccionados,No seleccionados,No seleccionados,No seleccionados,No information,42.0,No,,,,,No seleccionados,No seleccionados,No seleccionados,No seleccionados,No seleccionados,No seleccionados,No seleccionados,No seleccionados,Si,9,No,No,No,Vivo,,0
54,40,Mujer,2020-07-28,2020-08-17,20,No,No,No,Obesidad (>=30 IMC),No,No,No,No,No,No seleccionados,No seleccionados,No seleccionados,No seleccionados,No seleccionados,No seleccionados,No seleccionados,No seleccionados,No seleccionados,No seleccionados,No seleccionados,No seleccionados,,No,Seleccionados,No seleccionados,No seleccionados,No seleccionados,No seleccionados,No,No,No,Seleccionados,No seleccionados,No seleccionados,No seleccionados,No seleccionados,No seleccionados,No seleccionados,No,No,No,No,No,No,No,No,No,No,No,Posoperatorio de cesarea reciente (2 meses) + Artritis septica de cadera,2020-07-25,Si,Si,Si,No,No,Seleccionados,No seleccionados,No seleccionados,No seleccionados,No seleccionados,No seleccionados,No seleccionados,No seleccionados,No,Seleccionados,No seleccionados,No seleccionados,No seleccionados,No seleccionados,No aplica,Sepsis,80,160,"31,3",121.0,78.0,"92,3",93.0,21.0,No,No,No,No,No,25990.0,1400,21440,"11,3",463000.0,No information,"34,22",No information,"1,48","25,8",No information,No information,No information,No information,4,143,"54,5","45,1",Positivo,"Si, meticilino resistente",No,No,No,No,No,No,No,No information,Si,Si,2020-07-30,65.0,No,No seleccionados,No seleccionados,No seleccionados,No seleccionados,No seleccionados,No seleccionados,No seleccionados,No seleccionados,No seleccionados,No seleccionados,No seleccionados,No seleccionados,No seleccionados,No seleccionados,Seleccionados,No seleccionados,No seleccionados,No seleccionados,No seleccionados,No seleccionados,No information,2020-07-30,Si,Si,Nativa,Aguda,Definitivo,Pulmon,No,No,Si,Seleccionados,No seleccionados,No seleccionados,No seleccionados,No,No,No,No,No,No,Si,No,No,Si,No seleccionados,Seleccionados,No seleccionados,Seleccionados,No seleccionados,No seleccionados,No seleccionados,Seleccionados,No seleccionados,No seleccionados,No seleccionados,Seleccionados,Seleccionados,No seleccionados,No seleccionados,No seleccionados,No seleccionados,No seleccionados,No seleccionados,No information,42.0,No,,,,,No seleccionados,No seleccionados,No seleccionados,No seleccionados,No seleccionados,No seleccionados,No seleccionados,No seleccionados,Si,14,No,No,No,Vivo,,0
55,69,Hombre,2020-09-26,2020-11-20,55,Si,Si,No,No,No,No,Si,No,No,No seleccionados,No seleccionados,No seleccionados,No seleccionados,No seleccionados,No seleccionados,No seleccionados,No seleccionados,No seleccionados,No seleccionados,No seleccionados,No seleccionados,,No,Seleccionados,No seleccionados,No seleccionados,No seleccionados,No seleccionados,No,No,Si,No seleccionados,No seleccionados,No seleccionados,No seleccionados,No seleccionados,Seleccionados,No seleccionados,No,"Si, con hemodialisis",No,No,No,Si,Gastrointestinal,No,No,No,No,No information,2020-09-22,No,No,Si,Si,Si,Seleccionados,No seleccionados,No seleccionados,No seleccionados,No seleccionados,No seleccionados,No seleccionados,No seleccionados,No,Seleccionados,No seleccionados,No seleccionados,No seleccionados,No seleccionados,Stevenson B,Shock  septico,66,171,"22,6",83.0,50.0,61,70.0,20.0,No,No,No,No,Si,8700.0,550,7040,"8,8",308000.0,No information,"11,67",No information,"7,94","52,3",No information,"2,1134",No information,No information,"4,16","138,8",49,"49,5",Negativo,No information,No information,No information,No information,No information,No information,No information,No information,No information,No,Si,2020-09-28,15.0,No,No seleccionados,No seleccionados,No seleccionados,No seleccionados,No seleccionados,No seleccionados,No seleccionados,No seleccionados,No seleccionados,No seleccionados,No seleccionados,No seleccionados,No seleccionados,No seleccionados,No seleccionados,No seleccionados,Seleccionados,No seleccionados,No seleccionados,No seleccionados,No information,2020-09-28,Si,Si,Nativa,Aguda,Improbable,no,No,Si,No,Seleccionados,No seleccionados,No seleccionados,No seleccionados,Si,No,No,No,No,No,Si,No,No,Si,Seleccionados,Seleccionados,No seleccionados,Seleccionados,No seleccionados,No seleccionados,No seleccionados,No seleccionados,No seleccionados,No seleccionados,No seleccionados,No seleccionados,Seleccionados,No seleccionados,No seleccionados,No seleccionados,No seleccionados,No seleccionados,No seleccionados,No information,42.0,No,,,,,No seleccionados,No seleccionados,No seleccionados,No seleccionados,No seleccionados,No seleccionados,No seleccionados,No seleccionados,Si,10,No,Si,No,Vivo,,0
56,59,Mujer,2020-09-28,2020-10-16,18,Si,No,No,Obesidad (>=30 IMC),Si,No,No,No,No,No seleccionados,No seleccionados,No seleccionados,No seleccionados,No seleccionados,No seleccionados,No seleccionados,No seleccionados,No seleccionados,No seleccionados,No seleccionados,No seleccionados,,No,Seleccionados,No seleccionados,No seleccionados,No seleccionados,No seleccionados,No,Si,No,Seleccionados,No seleccionados,No seleccionados,No seleccionados,No seleccionados,No seleccionados,No seleccionados,No,No,No,No,No,No,No,No,No,No,No,No information,2020-09-18,Si,Si,Si,No,No,Seleccionados,No seleccionados,No seleccionados,No seleccionados,No seleccionados,No seleccionados,No seleccionados,No seleccionados,No,Seleccionados,No seleccionados,No seleccionados,No seleccionados,No seleccionados,Stevenson B,No,"82,2",170,"31,2",114.0,53.0,"73,3",90.0,20.0,No,Si,Si,No,No,17280.0,15400,1320,"7,9",181000.0,10,"8,49",No information,"1,08",60,No information,72,No information,50,"4,67",132,140,102,Positivo,No,No,S. gallolyticus  (bovis),No,No,No,No,No,No information,Si,Si,2020-09-28,65.0,Si,Seleccionados,No seleccionados,No seleccionados,No seleccionados,No seleccionados,No seleccionados,No seleccionados,No seleccionados,Seleccionados,No seleccionados,Seleccionados,No seleccionados,No seleccionados,No seleccionados,Seleccionados,No seleccionados,No seleccionados,No seleccionados,No seleccionados,No seleccionados,No information,2020-09-29,Si,Si,Nativa,Subaguda,Definitivo,no,No,No,No,No seleccionados,No seleccionados,Seleccionados,No seleccionados,No,No,No,No,No,No,No,No,No,Si,Seleccionados,No seleccionados,No seleccionados,No seleccionados,No seleccionados,No seleccionados,No seleccionados,No seleccionados,No seleccionados,No seleccionados,No seleccionados,No seleccionados,No seleccionados,No seleccionados,No seleccionados,No seleccionados,No seleccionados,No seleccionados,No seleccionados,No information,20.0,Si,Abierta,Protesis biologica,Otro,No,Seleccionados,No seleccionados,No seleccionados,No seleccionados,No seleccionados,No seleccionados,No seleccionados,No seleccionados,Si,11,Si,No,Si,Vivo,,0
57,27,Mujer,2020-10-02,2020-10-20,18,No,No,No,No,No,No,No,No,No,No seleccionados,No seleccionados,No seleccionados,No seleccionados,No seleccionados,No seleccionados,No seleccionados,No seleccionados,No seleccionados,No seleccionados,No seleccionados,No seleccionados,,No,Seleccionados,No seleccionados,No seleccionados,No seleccionados,No seleccionados,No,No,No,Seleccionados,No seleccionados,No seleccionados,No seleccionados,No seleccionados,No seleccionados,No seleccionados,No,No,No,No,Si,No,No,No,No,Si,No,Hipertension pulmonar severa,2020-09-17,Si,Si,Si,No,No,Seleccionados,No seleccionados,No seleccionados,No seleccionados,No seleccionados,No seleccionados,No seleccionados,No seleccionados,No,No seleccionados,No seleccionados,No seleccionados,Seleccionados,No seleccionados,Stevenson L,No,60,160,"23,4",105.0,68.0,80,124.0,20.0,No,Si,Si,No,No,28490.0,1670,25040,"7,3",24000.0,No information,"21,13",No information,"2,3","42,2",10993,"26,2",No information,No information,"3,82","129,7","36,5","27,7",Positivo,No,No,S. viridans,No,No,No,No,No,No information,Si,Si,2020-10-03,65.0,Si,Seleccionados,No seleccionados,No seleccionados,No seleccionados,No seleccionados,No seleccionados,No seleccionados,No seleccionados,No seleccionados,No seleccionados,Seleccionados,No seleccionados,No seleccionados,No seleccionados,No seleccionados,No seleccionados,Seleccionados,No seleccionados,No seleccionados,No seleccionados,No information,2020-10-03,Si,Si,Nativa,Subaguda,Definitivo,no,No,No,No,Seleccionados,No seleccionados,No seleccionados,No seleccionados,No,No,No,No,No,Si,No,No,No,Si,Seleccionados,Seleccionados,No seleccionados,No seleccionados,No seleccionados,No seleccionados,No seleccionados,No seleccionados,No seleccionados,No seleccionados,No seleccionados,No seleccionados,No seleccionados,No seleccionados,No seleccionados,No seleccionados,No seleccionados,No seleccionados,No seleccionados,No information,20.0,Si,Abierta,Protesis biologica,Cierre de CIV,No,Seleccionados,No seleccionados,No seleccionados,No seleccionados,No seleccionados,No seleccionados,No seleccionados,No seleccionados,No,0,No,No,No,Vivo,,0
58,25,Hombre,2020-10-07,2022-03-08,517,No,No,No,No,No,No,No,No,No,No seleccionados,No seleccionados,No seleccionados,No seleccionados,No seleccionados,No seleccionados,No seleccionados,No seleccionados,No seleccionados,No seleccionados,No seleccionados,No seleccionados,,No,Seleccionados,No seleccionados,No seleccionados,No seleccionados,No seleccionados,No,No,No,No seleccionados,No seleccionados,No seleccionados,No seleccionados,No seleccionados,Seleccionados,No seleccionados,No,No,No,No,No,Si,No,No,No,No,No,Gran quemado con sobrecolonizacion bacteriana,2021-01-01,Si,No,No,No,No,Seleccionados,No seleccionados,No seleccionados,No seleccionados,No seleccionados,No seleccionados,No seleccionados,No seleccionados,No,Seleccionados,No seleccionados,No seleccionados,No seleccionados,No seleccionados,No aplica,No,75,170,"24,5",102.0,48.0,66,108.0,19.0,No,Si,No,No,No,8004.0,2540,3640,"7,1",483000.0,48,"13,6",No information,"0,52","17,1",2000,No information,47,150,4,"135,4",150,140,Positivo,No,S. haemolyticus,No,No,No,No,No,No,No information,Si,Si,2021-01-14,65.0,No,No seleccionados,No seleccionados,No seleccionados,No seleccionados,No seleccionados,No seleccionados,No seleccionados,No seleccionados,No seleccionados,No seleccionados,No seleccionados,No seleccionados,No seleccionados,No seleccionados,No seleccionados,No seleccionados,No seleccionados,No seleccionados,Seleccionados,No seleccionados,Valvula de Tebesio,2021-01-14,Si,Si,Nativa,Subaguda,Definitivo,no,No,No,No,Seleccionados,No seleccionados,No seleccionados,No seleccionados,No,No,No,No,No,No,No,No,No,Si,No seleccionados,Seleccionados,No seleccionados,Seleccionados,No seleccionados,No seleccionados,No seleccionados,Seleccionados,No seleccionados,No seleccionados,No seleccionados,No seleccionados,No seleccionados,Seleccionados,No seleccionados,Seleccionados,Seleccionados,No seleccionados,No seleccionados,No information,80.0,No,,,,,No seleccionados,No seleccionados,No seleccionados,No seleccionados,No seleccionados,No seleccionados,No seleccionados,No seleccionados,Si,45,Si,Si,No,Vivo,,0
59,35,Mujer,2020-10-14,2020-12-14,61,No,No,No,Sobrepeso (>=25-29.9 IMC),No,No,No,No,No,No seleccionados,No seleccionados,No seleccionados,No seleccionados,No seleccionados,No seleccionados,No seleccionados,No seleccionados,No seleccionados,No seleccionados,No seleccionados,No seleccionados,,No,Seleccionados,No seleccionados,No seleccionados,No seleccionados,No seleccionados,No,No,No,No seleccionados,No seleccionados,Seleccionados,Seleccionados,No seleccionados,No seleccionados,No seleccionados,No,"Si, con hemodialisis",No,No,No,Si,No,No,No,No,No,Nefritis Lupica con requerimiento de TRR,2020-10-07,No,Si,Si,No,No,Seleccionados,No seleccionados,No seleccionados,No seleccionados,No seleccionados,No seleccionados,No seleccionados,No seleccionados,No,Seleccionados,No seleccionados,No seleccionados,No seleccionados,No seleccionados,No aplica,No,67,160,"26,2",153.0,98.43000000000006,119,70.0,18.0,No,No,No,No,No,7240.0,460,5950,"8,4",118000.0,80,"3,91",10,"5,04","49,9",4500,50,No information,No information,"4,18","137,2","70,3","30,1",Positivo,"Si, meticilino sensible",No,No,No,No,Klebsiella spp,No,Si,No information,Si,Si,2020-10-18,50.0,No,No seleccionados,No seleccionados,No seleccionados,No seleccionados,No seleccionados,No seleccionados,No seleccionados,No seleccionados,No seleccionados,No seleccionados,No seleccionados,No seleccionados,No seleccionados,No seleccionados,No seleccionados,No seleccionados,Seleccionados,Seleccionados,No seleccionados,No seleccionados,No information,2020-10-18,Si,Si,Asociada a cateter,Subaguda,Definitivo,no,No,No,No,Seleccionados,No seleccionados,No seleccionados,No seleccionados,No,No,No,No,No,No,Si,No,No,Si,Seleccionados,Seleccionados,No seleccionados,No seleccionados,No seleccionados,No seleccionados,No seleccionados,No seleccionados,No seleccionados,No seleccionados,No seleccionados,No seleccionados,Seleccionados,No seleccionados,Seleccionados,No seleccionados,No seleccionados,No seleccionados,No seleccionados,No information,59.0,No,,,,,No seleccionados,No seleccionados,No seleccionados,No seleccionados,No seleccionados,No seleccionados,No seleccionados,No seleccionados,No,0,No,No,No,Vivo,,0
61,57,Hombre,2020-12-25,2021-03-13,78,Si,No,No,No,No,No,No,Si,No,No seleccionados,No seleccionados,No seleccionados,No seleccionados,No seleccionados,No seleccionados,No seleccionados,No seleccionados,No seleccionados,No seleccionados,No seleccionados,No seleccionados,,No,Seleccionados,No seleccionados,No seleccionados,No seleccionados,No seleccionados,No,No,No,Seleccionados,No seleccionados,No seleccionados,No seleccionados,No seleccionados,No seleccionados,No seleccionados,No,No,No,No,No,Si,No,Si,No,No,No,Valvula mitral biologica y guia metalica abandonada en VCS,2020-12-24,Si,No,Si,No,No,Seleccionados,No seleccionados,No seleccionados,No seleccionados,No seleccionados,No seleccionados,No seleccionados,No seleccionados,No,Seleccionados,No seleccionados,No seleccionados,No seleccionados,No seleccionados,No aplica,Sepsis,65,172,"21,97",110.0,70.0,83,111.0,18.0,No,No,No,No,No,14430.0,570,13560,"14,4",104000.0,No information,"30,19",No information,"1,52","25,2",No information,128,No information,No information,"4,33",133,95,136,Positivo,"Si, meticilino resistente",No,No,No,No,No,No,No,No information,Si,Si,2020-12-26,70.0,Si,Seleccionados,No seleccionados,No seleccionados,No seleccionados,No seleccionados,No seleccionados,No seleccionados,No seleccionados,No seleccionados,No seleccionados,Seleccionados,No seleccionados,No seleccionados,No seleccionados,Seleccionados,No seleccionados,Seleccionados,No seleccionados,No seleccionados,No seleccionados,No information,2020-12-26,Si,Si,Protesica,Aguda,Definitivo,Pulmon,ACV hemorragico,No,No,Seleccionados,No seleccionados,No seleccionados,No seleccionados,No,No,No,No,No,No,No,No,No,Si,No seleccionados,No seleccionados,No seleccionados,No seleccionados,No seleccionados,Seleccionados,No seleccionados,No seleccionados,No seleccionados,No seleccionados,No seleccionados,Seleccionados,Seleccionados,No seleccionados,No seleccionados,No seleccionados,No seleccionados,No seleccionados,No seleccionados,No information,14.0,Si,Abierta,Protesis biologica,Otro,Retiro quirurgico,Seleccionados,No seleccionados,No seleccionados,No seleccionados,No seleccionados,No seleccionados,No seleccionados,No seleccionados,Si,10,No,Si,No,Vivo,,0
62,58,Hombre,2021-01-21,2021-03-19,57,Si,Si,No,No,No,No,No,No,No,No seleccionados,No seleccionados,No seleccionados,No seleccionados,No seleccionados,No seleccionados,No seleccionados,No seleccionados,No seleccionados,No seleccionados,No seleccionados,No seleccionados,,No,Seleccionados,No seleccionados,No seleccionados,No seleccionados,No seleccionados,No,No,No,Seleccionados,No seleccionados,No seleccionados,No seleccionados,No seleccionados,No seleccionados,No seleccionados,No,"Si, con hemodialisis",No,No,No,Si,Gastrointestinal,No,No,No,No,Bioprotesis aortica,2021-01-21,Si,Si,No,No,No,Seleccionados,No seleccionados,No seleccionados,No seleccionados,No seleccionados,No seleccionados,No seleccionados,No seleccionados,No,Seleccionados,No seleccionados,No seleccionados,No seleccionados,No seleccionados,No aplica,Sepsis,68,172,23,136.0,55.0,82,97.0,21.0,No,No,No,No,No,10610.0,310,9870,"10,5",110000.0,No information,"33,29",No information,"9,11","60,5",No information,3178,No information,200,"4,77",134,30,33,Positivo,"Si, meticilino resistente",No,No,No,No,Klebsiella spp,No,Si,No information,Si,Si,2021-01-26,60.0,No,No seleccionados,No seleccionados,No seleccionados,No seleccionados,No seleccionados,No seleccionados,No seleccionados,No seleccionados,No seleccionados,No seleccionados,No seleccionados,No seleccionados,No seleccionados,Seleccionados,No seleccionados,No seleccionados,No seleccionados,No seleccionados,Seleccionados,No seleccionados,Vena cava superior y pared posterior de la aorta ascendente,2021-01-26,Si,Si,Asociada a cateter,Aguda,Definitivo,Pulmon,No,No,Si,Seleccionados,No seleccionados,No seleccionados,No seleccionados,No,No,No,No,No,No,No,No,No,Si,No seleccionados,No seleccionados,No seleccionados,Seleccionados,No seleccionados,No seleccionados,No seleccionados,No seleccionados,No seleccionados,No seleccionados,No seleccionados,Seleccionados,Seleccionados,No seleccionados,No seleccionados,No seleccionados,No seleccionados,No seleccionados,No seleccionados,No information,57.0,Si,Abierta,Protesis biologica,Ninguno,No,Seleccionados,No seleccionados,No seleccionados,No seleccionados,No seleccionados,No seleccionados,No seleccionados,No seleccionados,Si,10,Si,Si,Si,Vivo,,0
63,46,Hombre,2021-01-24,2021-02-22,29,Si,No,No,Obesidad (>=30 IMC),Si,No,No,No,No,No seleccionados,No seleccionados,No seleccionados,No seleccionados,No seleccionados,No seleccionados,No seleccionados,No seleccionados,No seleccionados,No seleccionados,No seleccionados,No seleccionados,,No,Seleccionados,No seleccionados,No seleccionados,No seleccionados,No seleccionados,No,Si,No,Seleccionados,No seleccionados,No seleccionados,No seleccionados,No seleccionados,No seleccionados,No seleccionados,No,No,No,No,No,No,No,No,Si,Si,No,No information,2021-01-24,No,Si,No,No,No,Seleccionados,No seleccionados,No seleccionados,No seleccionados,No seleccionados,No seleccionados,No seleccionados,No seleccionados,No,Seleccionados,No seleccionados,No seleccionados,No seleccionados,No seleccionados,Stevenson L,No,80,165,"31,2",110.0,64.0,79,84.0,21.0,Si,No,Si,No,No,17100.0,1560,13870,"15,7",233000.0,No information,"6,67",No information,"2,32","58,3",No information,"10,1",No information,No information,"5,44",130,"10,7","12,4",Positivo,No,No,S. viridans,No,No,No,No,No,No information,Si,Si,2021-01-29,30.0,Si,Seleccionados,No seleccionados,No seleccionados,No seleccionados,No seleccionados,No seleccionados,No seleccionados,Seleccionados,No seleccionados,No seleccionados,Seleccionados,No seleccionados,No seleccionados,Seleccionados,No seleccionados,No seleccionados,No seleccionados,No seleccionados,No seleccionados,No seleccionados,No information,2021-01-29,Si,Si,Nativa,Aguda,Definitivo,no,No,Si,No,Seleccionados,No seleccionados,No seleccionados,No seleccionados,No,No,No,No,No,No,No,No,No,Si,Seleccionados,No seleccionados,No seleccionados,No seleccionados,No seleccionados,No seleccionados,No seleccionados,No seleccionados,No seleccionados,No seleccionados,No seleccionados,No seleccionados,No seleccionados,No seleccionados,No seleccionados,No seleccionados,No seleccionados,No seleccionados,No seleccionados,No information,31.0,Si,Abierta,Protesis mecanica,Otro,No,Seleccionados,No seleccionados,No seleccionados,No seleccionados,No seleccionados,No seleccionados,No seleccionados,No seleccionados,Si,3,No,No,Si,Vivo,,0
64,51,Mujer,2021-02-03,2021-04-17,73,Si,Si,No,Obesidad (>=30 IMC),No,No,No,Si,No,No seleccionados,No seleccionados,No seleccionados,No seleccionados,No seleccionados,No seleccionados,No seleccionados,No seleccionados,No seleccionados,No seleccionados,No seleccionados,No seleccionados,,No,No seleccionados,No seleccionados,No seleccionados,Seleccionados,No seleccionados,No,No,No,No seleccionados,No seleccionados,Seleccionados,Seleccionados,No seleccionados,No seleccionados,No seleccionados,No,"Si, sin dialisis",No,Hipotiroidismo,No,No,No,No,No,No,No,No information,2021-03-01,No,Si,Si,No,No,No seleccionados,No seleccionados,No seleccionados,No seleccionados,No seleccionados,No seleccionados,Seleccionados,No seleccionados,No,Seleccionados,No seleccionados,No seleccionados,No seleccionados,No seleccionados,Stevenson B,No,"80,1",162,"30,5",129.0,34.51,65,47.06,22.0,No,No,No,No,No,8770.0,1010,6750,"8,9",324000.0,30,"0,53",No information,"1,08","43,8",No information,50,No information,No information,"4,3",140,"41,6","49,3",Positivo,No,No,No,No,No,Pseudomonas spp,No,No,No information,Si,Si,2021-03-01,50.0,Si,Seleccionados,No seleccionados,No seleccionados,No seleccionados,No seleccionados,No seleccionados,No seleccionados,No seleccionados,Seleccionados,No seleccionados,No seleccionados,No seleccionados,No seleccionados,No seleccionados,Seleccionados,No seleccionados,No seleccionados,No seleccionados,No seleccionados,No seleccionados,No information,2021-03-02,Si,Si,Nativa,Aguda,Definitivo,no,No,No,No,Seleccionados,No seleccionados,No seleccionados,No seleccionados,No,No,No,No,No,No,No,No,No,Si,No seleccionados,No seleccionados,No seleccionados,Seleccionados,Seleccionados,No seleccionados,No seleccionados,No seleccionados,No seleccionados,No seleccionados,No seleccionados,No seleccionados,No seleccionados,No seleccionados,No seleccionados,No seleccionados,No seleccionados,Seleccionados,No seleccionados,Caspofungina,45.0,Si,Endovascular,Ninguno,Extraccion de masa,No,Seleccionados,No seleccionados,No seleccionados,No seleccionados,No seleccionados,No seleccionados,No seleccionados,No seleccionados,Si,15,No,Si,Si,Vivo,,0
65,29,Mujer,2021-02-10,2021-03-02,20,Si,No,No,No,Si,No,No,No,Si,Seleccionados,No seleccionados,No seleccionados,No seleccionados,No seleccionados,No seleccionados,No seleccionados,Seleccionados,No seleccionados,No seleccionados,Seleccionados,No seleccionados,Si,No,Seleccionados,No seleccionados,No seleccionados,No seleccionados,No seleccionados,No,No,No,No seleccionados,No seleccionados,Seleccionados,No seleccionados,No seleccionados,No seleccionados,No seleccionados,No,"Si, con hemodialisis",No,No,No,Si,No,Si,No,Si,No,No information,2021-02-10,Si,Si,Si,Si,Si,Seleccionados,No seleccionados,No seleccionados,No seleccionados,No seleccionados,No seleccionados,No seleccionados,No seleccionados,No,Seleccionados,No seleccionados,No seleccionados,No seleccionados,No seleccionados,Stevenson B,No,45,159,"17,8",113.0,74.0,87,71.0,18.0,No,No,No,Si,No,4201.4,500,2470,"6,6",62000.0,10,15,2,"3,03","30,8",No information,32,No information,No information,"3,3",132,40,47,Positivo,No,No,No,No,No,Klebsiella spp,No,Si,Proteusmirabilis,Si,Si,2021-02-12,35.0,Si,Seleccionados,No seleccionados,No seleccionados,No seleccionados,No seleccionados,No seleccionados,No seleccionados,Seleccionados,Seleccionados,No seleccionados,Seleccionados,No seleccionados,No seleccionados,No seleccionados,No seleccionados,No seleccionados,Seleccionados,Seleccionados,No seleccionados,No seleccionados,Auricula derecha en cateteres,2021-02-12,Si,Si,Protesica,Aguda,Definitivo,no,No,Si,Si,Seleccionados,No seleccionados,No seleccionados,No seleccionados,No,No,No,No,No,No,Si,No,No,Si,No seleccionados,No seleccionados,Seleccionados,Seleccionados,No seleccionados,No seleccionados,No seleccionados,No seleccionados,No seleccionados,No seleccionados,No seleccionados,No seleccionados,No seleccionados,No seleccionados,No seleccionados,No seleccionados,No seleccionados,No seleccionados,No seleccionados,No information,56.0,No,,,,,No seleccionados,No seleccionados,No seleccionados,No seleccionados,No seleccionados,No seleccionados,No seleccionados,No seleccionados,No,0,No,No,No,Vivo,,0
66,76,Mujer,2021-02-19,2021-04-22,62,Si,Si,Si,Sobrepeso (>=25-29.9 IMC),No,No,No,No,No,No seleccionados,No seleccionados,No seleccionados,No seleccionados,No seleccionados,No seleccionados,No seleccionados,No seleccionados,No seleccionados,No seleccionados,No seleccionados,No seleccionados,,No,Seleccionados,No seleccionados,No seleccionados,No seleccionados,No seleccionados,No,No information,No,Seleccionados,No seleccionados,No seleccionados,No seleccionados,No seleccionados,No seleccionados,No seleccionados,No,No,No,No,No,No,No,No,No,No,No,No information,2021-03-20,No,No,No,No,No,Seleccionados,No seleccionados,No seleccionados,No seleccionados,No seleccionados,No seleccionados,No seleccionados,No seleccionados,No,Seleccionados,No seleccionados,No seleccionados,No seleccionados,No seleccionados,No aplica,Shock  septico,67,161,"25,85",95.0,59.0,71,74.0,18.0,No,No,No,No,No,9740.0,121,7830,"9,2",177000.0,No information,"1,89",No information,"1,15","74,9",No information,No information,No information,No information,"3,7",152,100,120,Positivo,No,No,No,No,No,No,Candida spp,No,No information,Si,Si,2021-03-23,70.0,Si,Seleccionados,No seleccionados,No seleccionados,No seleccionados,No seleccionados,No seleccionados,No seleccionados,No seleccionados,Seleccionados,No seleccionados,No seleccionados,No seleccionados,No seleccionados,No seleccionados,Seleccionados,No seleccionados,No seleccionados,No seleccionados,No seleccionados,No seleccionados,No information,2021-03-23,Si,Si,Nativa,Aguda,Definitivo,no,No,No,No,Seleccionados,No seleccionados,No seleccionados,No seleccionados,Si,No,No,No,Si,No,No,Si,No,Si,No seleccionados,No seleccionados,No seleccionados,No seleccionados,No seleccionados,No seleccionados,No seleccionados,No seleccionados,No seleccionados,No seleccionados,No seleccionados,No seleccionados,No seleccionados,No seleccionados,No seleccionados,No seleccionados,No seleccionados,Seleccionados,No seleccionados,Caspofungina,42.0,No,,,,,No seleccionados,No seleccionados,No seleccionados,No seleccionados,No seleccionados,No seleccionados,No seleccionados,No seleccionados,Si,39,Si,Si,Si,Vivo,,0
67,54,Hombre,2021-02-22,2021-04-16,53,No,Si,No,Sobrepeso (>=25-29.9 IMC),Si,No,No,No,No,No seleccionados,No seleccionados,No seleccionados,No seleccionados,No seleccionados,No seleccionados,No seleccionados,No seleccionados,No seleccionados,No seleccionados,No seleccionados,No seleccionados,,No,No seleccionados,No seleccionados,No seleccionados,Seleccionados,No seleccionados,No,No,No,Seleccionados,No seleccionados,No seleccionados,No seleccionados,No seleccionados,No seleccionados,No seleccionados,No,No,No,No,Si,No,No,No,No,No,No,No information,2021-02-22,Si,No,Si,No,No,Seleccionados,No seleccionados,No seleccionados,No seleccionados,No seleccionados,No seleccionados,No seleccionados,No seleccionados,No,Seleccionados,No seleccionados,No seleccionados,No seleccionados,No seleccionados,No aplica,No,78,174,"25,8",160.0,98.43000000000006,146,105.0,18.0,No,No,No,No,Si,8590.0,530,7190,"11,4",71000.0,40,"26,28",No information,"1,16","34,2",No information,No information,No information,No information,"4,56",115,51,79,Positivo,"Si, meticilino resistente",No,No,No,No,No,No,No,No information,Si,Si,2021-02-26,15.0,Si,Seleccionados,No seleccionados,No seleccionados,No seleccionados,No seleccionados,No seleccionados,No seleccionados,No seleccionados,Seleccionados,No seleccionados,Seleccionados,No seleccionados,No seleccionados,No seleccionados,No seleccionados,No seleccionados,Seleccionados,No seleccionados,Seleccionados,No seleccionados,Ventriculo derecho ,2021-02-26,Si,Si,Asociada a Dispositvo cardiaco,Aguda,Definitivo,no,No,Si,No,Seleccionados,No seleccionados,No seleccionados,No seleccionados,No,No,No,No,Si,No,No,No,No,Si,No seleccionados,Seleccionados,No seleccionados,No seleccionados,No seleccionados,Seleccionados,No seleccionados,No seleccionados,No seleccionados,No seleccionados,No seleccionados,Seleccionados,Seleccionados,No seleccionados,No seleccionados,No seleccionados,No seleccionados,No seleccionados,No seleccionados,No information,56.0,Si,Endovascular,Ninguno,Extraccion de masa,Retiro quirurgico,Seleccionados,No seleccionados,No seleccionados,No seleccionados,No seleccionados,No seleccionados,No seleccionados,No seleccionados,Si,42,No,Si,No,Vivo,,0
68,83,Hombre,2021-03-15,2021-05-06,52,Si,Si,Si,No,No,No,No,No,No,No seleccionados,No seleccionados,No seleccionados,No seleccionados,No seleccionados,No seleccionados,No seleccionados,No seleccionados,No seleccionados,No seleccionados,No seleccionados,No seleccionados,,No,Seleccionados,No seleccionados,No seleccionados,No seleccionados,No seleccionados,No,No,No,No seleccionados,No seleccionados,No seleccionados,Seleccionados,No seleccionados,No seleccionados,No seleccionados,No,"Si, sin dialisis",No,No,No,No,Gastrointestinal,No,No,No,No,No information,2021-03-14,Si,No,Si,No,No,No seleccionados,Seleccionados,No seleccionados,No seleccionados,No seleccionados,No seleccionados,No seleccionados,No seleccionados,No,Seleccionados,No seleccionados,No seleccionados,No seleccionados,No seleccionados,No aplica,No,70,168,"24,8",98.0,45.0,62,63.0,20.0,No,No,No,No,No,12740.0,253,742,"12,9",315000.0,165,"5,18","13,2","0,78","11,9",1570,"5,04",No information,252,"3,69",142,"32,5",32,Positivo,"Si, meticilino resistente",No,No,No,No,No,No,No,No information,Si,Si,2021-03-23,40.0,Si,Seleccionados,No seleccionados,No seleccionados,No seleccionados,No seleccionados,No seleccionados,No seleccionados,Seleccionados,No seleccionados,No seleccionados,No seleccionados,No seleccionados,No seleccionados,Seleccionados,No seleccionados,No seleccionados,No seleccionados,No seleccionados,No seleccionados,No seleccionados,No information,2021-03-23,Si,Si,Nativa,Subaguda,Definitivo,no,No,No,No,Seleccionados,No seleccionados,No seleccionados,No seleccionados,No,No,No,No,No,No,No,No,No,Si,No seleccionados,Seleccionados,No seleccionados,No seleccionados,No seleccionados,No seleccionados,No seleccionados,No seleccionados,No seleccionados,No seleccionados,No seleccionados,Seleccionados,Seleccionados,No seleccionados,No seleccionados,No seleccionados,No seleccionados,No seleccionados,No seleccionados,No information,56.0,No,,,,,No seleccionados,No seleccionados,No seleccionados,No seleccionados,No seleccionados,No seleccionados,No seleccionados,No seleccionados,Si,10,Si,Si,Si,Vivo,,0
69,89,Mujer,2021-03-15,2021-03-19,4,Si,No,Si,No,Si,Si,No,No,Si,Seleccionados,No seleccionados,No seleccionados,No seleccionados,No seleccionados,No seleccionados,No seleccionados,No seleccionados,No seleccionados,No seleccionados,Seleccionados,No seleccionados,Si,No,Seleccionados,No seleccionados,No seleccionados,No seleccionados,No seleccionados,No,No information,No,Seleccionados,No seleccionados,No seleccionados,No seleccionados,No seleccionados,No seleccionados,No seleccionados,No,No,No,No,No,No,No,No,No,No,No information,,2021-02-01,No,Si,No,No,No,Seleccionados,No seleccionados,No seleccionados,No seleccionados,No seleccionados,No seleccionados,No seleccionados,No seleccionados,No,Seleccionados,No seleccionados,No seleccionados,No seleccionados,No seleccionados,Stevenson B,No,50,158,"20,3",110.0,72.0,84,70.0,20.0,No,No,No,No,Si,5800.0,1640,3390,"9,7",114000.0,65,"0,76",No information,"0,67","16,5",26217,No information,No information,No information,"4,64","129,8","39,7",20,Negativo,No,No,No,No,No,No,No,No,No information,No,Si,2021-03-17,35.0,Si,Seleccionados,No seleccionados,No seleccionados,No seleccionados,No seleccionados,No seleccionados,No seleccionados,Seleccionados,No seleccionados,No seleccionados,Seleccionados,No seleccionados,No seleccionados,Seleccionados,No seleccionados,No seleccionados,No seleccionados,No seleccionados,No seleccionados,No seleccionados,No information,2021-03-17,Si,Si,Protesica,Subaguda,Posible,no,No,Si,No,Seleccionados,No seleccionados,No seleccionados,No seleccionados,No,No,No,No,Si,No,No,No,No,Si,Seleccionados,No seleccionados,No seleccionados,No seleccionados,No seleccionados,No seleccionados,No seleccionados,No seleccionados,No seleccionados,No seleccionados,No seleccionados,No seleccionados,Seleccionados,No seleccionados,No seleccionados,No seleccionados,No seleccionados,No seleccionados,No seleccionados,No information,69.0,No,,,,,No seleccionados,No seleccionados,No seleccionados,No seleccionados,No seleccionados,No seleccionados,No seleccionados,No seleccionados,No,0,No,No,No,Vivo,,0
70,52,Mujer,2021-03-16,2021-04-20,35,No,No,No,Obesidad (>=30 IMC),No,No,No,No,No,No seleccionados,No seleccionados,No seleccionados,No seleccionados,No seleccionados,No seleccionados,No seleccionados,No seleccionados,No seleccionados,No seleccionados,No seleccionados,No seleccionados,,No,Seleccionados,No seleccionados,No seleccionados,No seleccionados,No seleccionados,No,No,Si,No seleccionados,No seleccionados,No seleccionados,No seleccionados,No seleccionados,Seleccionados,No seleccionados,No,No,No,No,No,Si,No,No,No,Si,No,No information,2021-02-10,Si,No,Si,No,No,Seleccionados,No seleccionados,No seleccionados,No seleccionados,No seleccionados,No seleccionados,No seleccionados,No seleccionados,No,Seleccionados,No seleccionados,No seleccionados,No seleccionados,No seleccionados,No aplica,No,92,158,36,120.0,73.0,88,117.0,18.0,No,No,No,No,No,9410.0,1110,7340,"13,8",249000.0,No information,"41,3",No information,"0,7","2,6",40,567,No information,No information,"3,29",145,50,57,Positivo,"Si, meticilino sensible",No,No,No,No,No,No,No,No information,Si,Si,2021-03-24,65.0,Si,Seleccionados,No seleccionados,No seleccionados,No seleccionados,No seleccionados,No seleccionados,No seleccionados,Seleccionados,No seleccionados,No seleccionados,No seleccionados,No seleccionados,No seleccionados,No seleccionados,No seleccionados,No seleccionados,No seleccionados,No seleccionados,Seleccionados,No seleccionados,Alrededor de cateter ,2021-03-24,Si,Si,Asociada a cateter,Subaguda,Definitivo,no,No,No,No,Seleccionados,No seleccionados,No seleccionados,No seleccionados,No,No,No,No,No,No,No,No,No,Si,No seleccionados,No seleccionados,No seleccionados,No seleccionados,No seleccionados,No seleccionados,No seleccionados,No seleccionados,No seleccionados,No seleccionados,No seleccionados,No seleccionados,No seleccionados,No seleccionados,Seleccionados,No seleccionados,No seleccionados,Seleccionados,No seleccionados,Clindamicina,56.0,Si,Abierta,Protesis biologica,Ninguno,No,Seleccionados,No seleccionados,No seleccionados,No seleccionados,No seleccionados,No seleccionados,No seleccionados,No seleccionados,Si,7,Si,No,No,Vivo,,0
71,66,Hombre,2021-03-18,2021-04-13,26,Si,Si,Si,Obesidad (>=30 IMC),Si,No,No,No,Si,Seleccionados,No seleccionados,No seleccionados,No seleccionados,No seleccionados,No seleccionados,No seleccionados,No seleccionados,Seleccionados,No seleccionados,Seleccionados,No seleccionados,Si,No,Seleccionados,No seleccionados,No seleccionados,No seleccionados,No seleccionados,No,No,No,Seleccionados,No seleccionados,No seleccionados,No seleccionados,No seleccionados,No seleccionados,No seleccionados,No,No,No,No,No,No,No,No,No,Si,No,No information,2021-03-18,Si,No,Si,No,No,Seleccionados,No seleccionados,No seleccionados,No seleccionados,No seleccionados,No seleccionados,No seleccionados,No seleccionados,No,Seleccionados,No seleccionados,No seleccionados,No seleccionados,No seleccionados,Stevenson B,Shock  septico,88,167,"31,5",90.0,50.0,"63,3",100.0,18.0,No,No,No,Si,No,16630.0,1290,14140,"10,4",351000.0,94,"41,1",No information,"1,05","21,2",No information,151,No information,No information,"3,42",141,70,75,Positivo,No,No,S. viridans,No,No,No,No,No,No information,Si,Si,2021-03-20,60.0,Si,Seleccionados,No seleccionados,No seleccionados,No seleccionados,No seleccionados,No seleccionados,No seleccionados,Seleccionados,Seleccionados,No seleccionados,No seleccionados,No seleccionados,No seleccionados,Seleccionados,Seleccionados,No seleccionados,No seleccionados,No seleccionados,No seleccionados,No seleccionados,No information,2021-03-21,Si,Si,Protesica,Aguda,Definitivo,no,No,No,No,Seleccionados,No seleccionados,No seleccionados,No seleccionados,Si,No,No,No,No,No,Si,No,No,Si,Seleccionados,Seleccionados,No seleccionados,No seleccionados,No seleccionados,No seleccionados,No seleccionados,No seleccionados,No seleccionados,No seleccionados,No seleccionados,No seleccionados,No seleccionados,No seleccionados,No seleccionados,No seleccionados,No seleccionados,No seleccionados,No seleccionados,No information,31.0,Si,Abierta,Protesis biologica,Ninguno,No,Seleccionados,No seleccionados,No seleccionados,No seleccionados,No seleccionados,No seleccionados,No seleccionados,No seleccionados,Si,15,Si,Si,Si,Vivo,,0
72,36,Hombre,2021-03-28,2021-05-10,43,No,No,No,Obesidad (>=30 IMC),No,No,No,No,No,No seleccionados,No seleccionados,No seleccionados,No seleccionados,No seleccionados,No seleccionados,No seleccionados,No seleccionados,No seleccionados,No seleccionados,No seleccionados,No seleccionados,,No,Seleccionados,No seleccionados,No seleccionados,No seleccionados,No seleccionados,No,No,No,Seleccionados,No seleccionados,No seleccionados,No seleccionados,No seleccionados,No seleccionados,No seleccionados,No,No,No,No,No,No,No,No,No,Si,No,No information,2021-03-25,Si,Si,Si,Si,Si,Seleccionados,No seleccionados,No seleccionados,No seleccionados,No seleccionados,No seleccionados,No seleccionados,No seleccionados,No,Seleccionados,No seleccionados,No seleccionados,No seleccionados,No seleccionados,No aplica,No,"92,8",173,31,112.0,65.0,"80,6",111.0,21.0,No,No,No,No,No,7430.0,1000,6110,"14,6",201000.0,No information,"3,92",No information,"1,21","10,7",No information,"4,1",No information,"61,8",4,137,"43,9",45,Positivo,"Si, meticilino resistente",No,No,No,No,No,No,No,No information,Si,Si,2021-04-11,60.0,Si,Seleccionados,No seleccionados,No seleccionados,No seleccionados,No seleccionados,No seleccionados,No seleccionados,Seleccionados,No seleccionados,No seleccionados,No seleccionados,No seleccionados,No seleccionados,Seleccionados,No seleccionados,No seleccionados,No seleccionados,No seleccionados,No seleccionados,No seleccionados,No information,2021-04-11,Si,Si,Nativa,Subaguda,Definitivo,no,No,No,No,Seleccionados,No seleccionados,No seleccionados,No seleccionados,No,No,No,No,No,No,No,No,No,Si,No seleccionados,Seleccionados,No seleccionados,No seleccionados,No seleccionados,No seleccionados,No seleccionados,No seleccionados,No seleccionados,No seleccionados,No seleccionados,Seleccionados,No seleccionados,No seleccionados,No seleccionados,No seleccionados,No seleccionados,No seleccionados,No seleccionados,No information,56.0,No,,,,,No seleccionados,No seleccionados,No seleccionados,No seleccionados,No seleccionados,No seleccionados,No seleccionados,No seleccionados,Si,38,Si,No,Si,Vivo,,0
73,72,Hombre,2021-04-10,2021-06-12,63,Si,No,Si,No,Si,No,Si,No,Si,Seleccionados,No seleccionados,No seleccionados,No seleccionados,No seleccionados,No seleccionados,No seleccionados,No seleccionados,Seleccionados,No seleccionados,No seleccionados,No seleccionados,Si,No,Seleccionados,No seleccionados,No seleccionados,No seleccionados,No seleccionados,No,No,No,Seleccionados,No seleccionados,No seleccionados,No seleccionados,No seleccionados,No seleccionados,No seleccionados,No,No,No,No,No,No,Urologico,Si,No,Si,No,No information,2021-03-19,Si,Si,Si,No,No,Seleccionados,No seleccionados,No seleccionados,No seleccionados,No seleccionados,No seleccionados,No seleccionados,No seleccionados,No,Seleccionados,No seleccionados,No seleccionados,No seleccionados,No seleccionados,Stevenson L,No,61,165,22,111.0,59.0,77,136.0,19.0,No,No,No,Si,No,10440.0,1790,7050,"8,6",139000.0,43,"27,8",No information,"1,41","22,6",2568,134,No information,69,"4,2",135,138,"4,1",Positivo,No,No,S. pyogenes,E. faecium,No,No,No,Si,StreptococcusInfantarius,Si,Si,2021-04-12,40.0,Si,Seleccionados,No seleccionados,No seleccionados,No seleccionados,No seleccionados,No seleccionados,No seleccionados,No seleccionados,Seleccionados,No seleccionados,No seleccionados,No seleccionados,No seleccionados,Seleccionados,Seleccionados,No seleccionados,No seleccionados,No seleccionados,No seleccionados,No seleccionados,No information,2021-04-12,Si,Si,Protesica,Subaguda,Definitivo,no,No,Si,No,Seleccionados,No seleccionados,No seleccionados,No seleccionados,No,No,No,No,Si,No,No,No,No,Si,Seleccionados,Seleccionados,No seleccionados,No seleccionados,No seleccionados,No seleccionados,No seleccionados,No seleccionados,No seleccionados,No seleccionados,No seleccionados,No seleccionados,Seleccionados,No seleccionados,No seleccionados,No seleccionados,No seleccionados,No seleccionados,No seleccionados,No information,42.0,Si,Abierta,Protesis biologica,Ninguno,No,Seleccionados,No seleccionados,No seleccionados,No seleccionados,No seleccionados,No seleccionados,No seleccionados,No seleccionados,Si,44,Si,Si,Si,Vivo,,0
74,19,Mujer,2021-04-13,2021-06-19,67,Si,No,Si,No,No,No,No,No,No,No seleccionados,No seleccionados,No seleccionados,No seleccionados,No seleccionados,No seleccionados,No seleccionados,No seleccionados,No seleccionados,No seleccionados,No seleccionados,No seleccionados,,No,Seleccionados,No seleccionados,No seleccionados,No seleccionados,No seleccionados,No,No,No,No seleccionados,Seleccionados,No seleccionados,No seleccionados,No seleccionados,No seleccionados,No seleccionados,No,"Si, con hemodialisis",No,No,No,Si,Gastrointestinal,No,No,Si,No,No information,2021-05-31,Si,No,Si,No,Si,Seleccionados,No seleccionados,No seleccionados,No seleccionados,No seleccionados,No seleccionados,No seleccionados,No seleccionados,No,Seleccionados,No seleccionados,No seleccionados,No seleccionados,No seleccionados,No aplica,No,60,165,22,130.0,80.0,"96,6",96.0,16.0,No,No,No,No,No,7240.0,1090,5000,"8,9",166000.0,34,"26,94",No information,"3,28","23,6",No information,No information,No information,132,"4,8","136,9","193,4",145,Positivo,No,S. epidermidis,No,No,No,No,No,No,No information,Si,Si,2021-06-02,65.0,Si,Seleccionados,No seleccionados,No seleccionados,No seleccionados,No seleccionados,No seleccionados,No seleccionados,No seleccionados,No seleccionados,No seleccionados,Seleccionados,No seleccionados,No seleccionados,No seleccionados,No seleccionados,No seleccionados,Seleccionados,No seleccionados,No seleccionados,No seleccionados,No information,2021-06-02,Si,Si,Asociada a cateter,Aguda,Definitivo,no,No,No,No,Seleccionados,No seleccionados,No seleccionados,No seleccionados,No,No,No,No,Si,No,No,No,No,Si,No seleccionados,Seleccionados,No seleccionados,No seleccionados,No seleccionados,No seleccionados,No seleccionados,No seleccionados,No seleccionados,No seleccionados,No seleccionados,No seleccionados,No seleccionados,No seleccionados,No seleccionados,No seleccionados,No seleccionados,No seleccionados,No seleccionados,No information,42.0,No,,,,,No seleccionados,No seleccionados,No seleccionados,No seleccionados,No seleccionados,No seleccionados,No seleccionados,No seleccionados,Si,27,No,No,No,Vivo,,0
75,23,Hombre,2021-05-02,2021-05-13,11,No,No,No,No,No,No,No,No,No,No seleccionados,No seleccionados,No seleccionados,No seleccionados,No seleccionados,No seleccionados,No seleccionados,No seleccionados,No seleccionados,No seleccionados,No seleccionados,No seleccionados,,Si,Seleccionados,No seleccionados,No seleccionados,No seleccionados,No seleccionados,No,No,No,No seleccionados,No seleccionados,No seleccionados,No seleccionados,Seleccionados,No seleccionados,No seleccionados,No,No,No,No,Si,No,No,No,No,No,Si,No information,2021-04-18,Si,No,Si,No,No,Seleccionados,No seleccionados,No seleccionados,No seleccionados,No seleccionados,No seleccionados,No seleccionados,No seleccionados,No,Seleccionados,No seleccionados,No seleccionados,No seleccionados,No seleccionados,No aplica,No,75,175,"24,5",104.0,42.0,"62,6",117.0,28.0,No,No,No,No,No,14070.0,2290,10590,11,202000.0,520,"25,87",No information,"1,01","25,04",4310,410,No information,No information,"4,32",130,35,24,Positivo,"Si, meticilino resistente",No,No,No,No,No,No,No,No information,Si,Si,2021-05-04,65.0,No,No seleccionados,No seleccionados,No seleccionados,No seleccionados,No seleccionados,No seleccionados,No seleccionados,No seleccionados,No seleccionados,No seleccionados,No seleccionados,No seleccionados,No seleccionados,No seleccionados,No seleccionados,No seleccionados,No seleccionados,No seleccionados,Seleccionados,No seleccionados,Dispositivo Amplatzer (oclusor de comunicacion interauricular),2021-05-04,Si,Si,Asociada a Dispositvo cardiaco,Subaguda,Definitivo,no,No,No,No,Seleccionados,No seleccionados,No seleccionados,No seleccionados,No,No,No,No,No,No,No,No,No,Si,No seleccionados,Seleccionados,No seleccionados,No seleccionados,No seleccionados,No seleccionados,No seleccionados,Seleccionados,No seleccionados,No seleccionados,No seleccionados,No seleccionados,No seleccionados,No seleccionados,No seleccionados,No seleccionados,No seleccionados,No seleccionados,No seleccionados,No information,31.0,Si,Abierta,Ninguno,Cierre de CIA,Retiro quirurgico,Seleccionados,No seleccionados,No seleccionados,No seleccionados,No seleccionados,No seleccionados,No seleccionados,No seleccionados,Si,2,No,No,No,Vivo,,0
76,71,Hombre,2021-05-13,2021-06-23,41,No,No,No,No,No,No,No,No,No,No seleccionados,No seleccionados,No seleccionados,No seleccionados,No seleccionados,No seleccionados,No seleccionados,No seleccionados,No seleccionados,No seleccionados,No seleccionados,No seleccionados,,No,Seleccionados,No seleccionados,No seleccionados,No seleccionados,No seleccionados,No,No,Si,No seleccionados,No seleccionados,No seleccionados,No seleccionados,No seleccionados,Seleccionados,No seleccionados,No,"Si, sin dialisis",No,No,No,Si,No,No,No,Si,No,No information,2021-05-14,Si,Si,Si,No,Si,Seleccionados,No seleccionados,No seleccionados,No seleccionados,No seleccionados,No seleccionados,No seleccionados,No seleccionados,No,Seleccionados,No seleccionados,No seleccionados,No seleccionados,No seleccionados,No aplica,Shock  septico,57,161,22,103.0,60.0,"74,3",100.0,18.0,No,No,No,No,No,8080.0,770,7060,"8,5",88000.0,No information,"13,39",No information,"1,21","51,4",No information,No information,No information,"61,4","4,3",160,"142,4","136,1",Positivo,No,No,S. pneumoniae,No,No,Klebsiella spp,No,Si,No information,Si,Si,2021-05-19,65.0,Si,Seleccionados,No seleccionados,No seleccionados,No seleccionados,No seleccionados,No seleccionados,No seleccionados,Seleccionados,No seleccionados,No seleccionados,No seleccionados,No seleccionados,No seleccionados,Seleccionados,No seleccionados,No seleccionados,No seleccionados,No seleccionados,No seleccionados,No seleccionados,No information,2021-05-20,Si,Si,Nativa,Aguda,Definitivo,no,No,No,No,Seleccionados,No seleccionados,No seleccionados,No seleccionados,Si,No,No,No,No,No,No,No,No,Si,Seleccionados,Seleccionados,Seleccionados,No seleccionados,No seleccionados,No seleccionados,No seleccionados,No seleccionados,No seleccionados,No seleccionados,No seleccionados,No seleccionados,No seleccionados,No seleccionados,No seleccionados,No seleccionados,No seleccionados,No seleccionados,No seleccionados,No information,90.0,No,,,,,No seleccionados,No seleccionados,No seleccionados,No seleccionados,No seleccionados,No seleccionados,No seleccionados,No seleccionados,Si,13,Si,Si,Si,Vivo,,0
77,58,Hombre,2021-05-21,2021-06-11,21,Si,No,No,Sobrepeso (>=25-29.9 IMC),Si,No,No,No,No,No seleccionados,No seleccionados,No seleccionados,No seleccionados,No seleccionados,No seleccionados,No seleccionados,No seleccionados,No seleccionados,No seleccionados,No seleccionados,No seleccionados,,No,Seleccionados,No seleccionados,No seleccionados,No seleccionados,No seleccionados,No,Si,No,Seleccionados,No seleccionados,No seleccionados,No seleccionados,No seleccionados,No seleccionados,No seleccionados,No,No,No,No,No,No,No,No,No,Si,No,No information,2021-02-21,Si,Si,Si,No,No,Seleccionados,No seleccionados,No seleccionados,No seleccionados,No seleccionados,No seleccionados,No seleccionados,No seleccionados,No,Seleccionados,No seleccionados,No seleccionados,No seleccionados,No seleccionados,No aplica,Shock  septico,80,173,"26,7",105.0,51.0,69,63.0,16.0,No,No,Si,No,No,10300.0,2560,6630,"6,8",287000.0,No information,"12,32",No information,"1,5",41,No information,No information,No information,No information,"4,45",136,"31,5",33,Positivo,No,No,S. viridans,No,No,No,No,No,No information,Si,Si,2021-05-20,55.0,Si,Seleccionados,No seleccionados,No seleccionados,No seleccionados,No seleccionados,No seleccionados,No seleccionados,Seleccionados,No seleccionados,No seleccionados,No seleccionados,No seleccionados,No seleccionados,Seleccionados,No seleccionados,No seleccionados,No seleccionados,No seleccionados,No seleccionados,No seleccionados,No information,2021-05-21,Si,Si,Nativa,Cronica,Definitivo,no,No,No,No,Seleccionados,No seleccionados,No seleccionados,No seleccionados,Si,No,No,No,No,No,Si,No,No,Si,Seleccionados,Seleccionados,No seleccionados,No seleccionados,No seleccionados,No seleccionados,No seleccionados,Seleccionados,No seleccionados,No seleccionados,No seleccionados,No seleccionados,No seleccionados,No seleccionados,No seleccionados,Seleccionados,No seleccionados,No seleccionados,No seleccionados,No information,90.0,Si,Abierta,Protesis biologica,Otro,No,Seleccionados,No seleccionados,No seleccionados,No seleccionados,No seleccionados,No seleccionados,No seleccionados,No seleccionados,Si,12,No,No,No,Vivo,,0
78,76,Mujer,2021-06-12,2021-07-16,34,Si,No,No,Sobrepeso (>=25-29.9 IMC),No,No,No,Si,No,No seleccionados,No seleccionados,No seleccionados,No seleccionados,No seleccionados,No seleccionados,No seleccionados,No seleccionados,No seleccionados,No seleccionados,No seleccionados,No seleccionados,,No,Seleccionados,No seleccionados,No seleccionados,No seleccionados,No seleccionados,No,No,No,Seleccionados,No seleccionados,No seleccionados,No seleccionados,No seleccionados,No seleccionados,No seleccionados,No,No,No,No,No,No,No,No,No,Si,No,No information,2021-05-22,Si,No,Si,Si,No,No seleccionados,No seleccionados,No seleccionados,No seleccionados,No seleccionados,No seleccionados,Seleccionados,No seleccionados,No,Seleccionados,No seleccionados,No seleccionados,No seleccionados,No seleccionados,No aplica,Sepsis,68,163,"25,6",166.0,77.0,106,100.0,16.0,No,No,No,No,No,19960.0,1800,16530,11,350000.0,No information,14,No information,"2,41","42,2",No information,No information,436,No information,"3,5",140,17,"7,9",Positivo,"Si, meticilino sensible",No,No,No,No,No,No,No,No information,Si,Si,2021-06-13,71.0,Si,Seleccionados,No seleccionados,No seleccionados,No seleccionados,No seleccionados,No seleccionados,No seleccionados,No seleccionados,Seleccionados,No seleccionados,Seleccionados,No seleccionados,No seleccionados,No seleccionados,Seleccionados,No seleccionados,No seleccionados,No seleccionados,No seleccionados,No seleccionados,No information,2021-06-13,Si,Si,Nativa,Subaguda,Definitivo,Otro,ACV isquemico,No,No,Seleccionados,No seleccionados,No seleccionados,No seleccionados,No,No,No,No,No,No,No,No,No,Si,No seleccionados,No seleccionados,No seleccionados,Seleccionados,No seleccionados,No seleccionados,No seleccionados,No seleccionados,No seleccionados,No seleccionados,No seleccionados,No seleccionados,No seleccionados,No seleccionados,Seleccionados,No seleccionados,No seleccionados,No seleccionados,No seleccionados,No information,42.0,Si,Abierta,Protesis biologica,RVM,No,Seleccionados,No seleccionados,No seleccionados,No seleccionados,No seleccionados,No seleccionados,No seleccionados,No seleccionados,Si,16,Si,Si,Si,Vivo,,0
79,24,Hombre,2021-06-19,2021-08-20,62,No,No,No,No,Si,No,No,No,No,No seleccionados,No seleccionados,No seleccionados,No seleccionados,No seleccionados,No seleccionados,No seleccionados,No seleccionados,No seleccionados,No seleccionados,No seleccionados,No seleccionados,,Si,No seleccionados,Seleccionados,No seleccionados,No seleccionados,No seleccionados,No,No,No,No seleccionados,No seleccionados,No seleccionados,No seleccionados,No seleccionados,Seleccionados,No seleccionados,No,No,No,No,No,No,No,No,No,Si,No,No information,2021-05-19,No,No,No,No,No,Seleccionados,No seleccionados,No seleccionados,No seleccionados,No seleccionados,No seleccionados,No seleccionados,No seleccionados,No,Seleccionados,No seleccionados,No seleccionados,No seleccionados,No seleccionados,Stevenson A,No,"55,45",178,"17,5",115.0,83.0,"93,67",72.0,17.0,No,No,No,No,No,10380.0,2490,6780,"14,9",325000.0,21,"1,21",No information,"0,83","12,2",6780,"43,2",No information,No information,"3,09","142,6","91,8",110,Positivo,No,No,No,E. faecalis,No,No,No,No,No information,Si,Si,2021-06-22,15.0,Si,Seleccionados,No seleccionados,No seleccionados,No seleccionados,No seleccionados,No seleccionados,No seleccionados,No seleccionados,No seleccionados,No seleccionados,Seleccionados,No seleccionados,No seleccionados,No seleccionados,No seleccionados,No seleccionados,No seleccionados,Seleccionados,Seleccionados,No seleccionados,Vena cava superior,2021-06-22,Si,Si,Nativa,Subaguda,Definitivo,no,No,Si,No,Seleccionados,No seleccionados,No seleccionados,No seleccionados,No,No,No,No,No,No,No,No,No,Si,Seleccionados,No seleccionados,No seleccionados,No seleccionados,No seleccionados,No seleccionados,No seleccionados,No seleccionados,No seleccionados,No seleccionados,No seleccionados,No seleccionados,No seleccionados,No seleccionados,No seleccionados,Seleccionados,No seleccionados,No seleccionados,No seleccionados,No information,44.0,Si,Abierta,Ninguno,Otro,Retiro quirurgico,Seleccionados,No seleccionados,No seleccionados,No seleccionados,No seleccionados,No seleccionados,No seleccionados,No seleccionados,Si,30,Si,Si,Si,Vivo,,0
80,27,Hombre,2021-07-11,2021-09-08,59,No,No,No,Obesidad (>=30 IMC),No,No,No,No,No,No seleccionados,No seleccionados,No seleccionados,No seleccionados,No seleccionados,No seleccionados,No seleccionados,No seleccionados,No seleccionados,No seleccionados,No seleccionados,No seleccionados,,No,Seleccionados,No seleccionados,No seleccionados,No seleccionados,No seleccionados,No,No,No,Seleccionados,No seleccionados,No seleccionados,No seleccionados,No seleccionados,No seleccionados,No seleccionados,No,"Si, con hemodialisis",No,No,No,Si,No,No,No,No,No,No information,2021-07-15,Si,No,No,No,No,No seleccionados,No seleccionados,No seleccionados,Seleccionados,No seleccionados,No seleccionados,No seleccionados,No seleccionados,No,Seleccionados,No seleccionados,No seleccionados,No seleccionados,No seleccionados,No aplica,Sepsis,180,187,"51,5",165.0,81.0,109,114.0,26.0,No,No,No,No,No,8920.0,840,6800,"8,6",70000.0,No information,"23,8",No information,"2,53","53,2",2340,No information,No information,No information,"4,27",137,12,"11,4",Positivo,No,S. epidermidis,No,No,No,Klebsiella spp,Candida spp,Si,Proteusmirabilis,Si,Si,2021-08-03,70.0,No,No seleccionados,No seleccionados,No seleccionados,No seleccionados,No seleccionados,No seleccionados,No seleccionados,No seleccionados,No seleccionados,No seleccionados,No seleccionados,No seleccionados,No seleccionados,No seleccionados,No seleccionados,No seleccionados,No seleccionados,Seleccionados,Seleccionados,No seleccionados,Cateter en VCS,2021-08-03,No,Si,Asociada a cateter,Subaguda,Definitivo,Otro,No,No,Si,Seleccionados,No seleccionados,No seleccionados,No seleccionados,Si,No,No,No,Si,No,No,Si,No,No,No seleccionados,Seleccionados,No seleccionados,Seleccionados,No seleccionados,No seleccionados,No seleccionados,No seleccionados,No seleccionados,No seleccionados,No seleccionados,No seleccionados,No seleccionados,No seleccionados,Seleccionados,No seleccionados,No seleccionados,Seleccionados,No seleccionados,Caspofungina,45.0,No,,,,,No seleccionados,No seleccionados,No seleccionados,No seleccionados,No seleccionados,No seleccionados,No seleccionados,No seleccionados,Si,0,Si,Si,Si,Vivo,,0
81,61,Hombre,2021-07-14,2021-10-06,84,No,No,No,Obesidad (>=30 IMC),No,No,No,No,No,No seleccionados,No seleccionados,No seleccionados,No seleccionados,No seleccionados,No seleccionados,No seleccionados,No seleccionados,No seleccionados,No seleccionados,No seleccionados,No seleccionados,,No,Seleccionados,No seleccionados,No seleccionados,No seleccionados,No seleccionados,No,No,No,Seleccionados,No seleccionados,No seleccionados,No seleccionados,No seleccionados,No seleccionados,No seleccionados,No,"Si, sin dialisis",No,No,No,No,No,No,No,No,No,No information,2021-07-19,Si,Si,Si,No,No,Seleccionados,No seleccionados,No seleccionados,No seleccionados,No seleccionados,No seleccionados,No seleccionados,No seleccionados,No,Seleccionados,No seleccionados,No seleccionados,No seleccionados,No seleccionados,No aplica,No,110,178,"34,7",115.0,49.0,71,90.0,16.0,No,No,No,No,No,15840.0,880,13020,"12,3",209000.0,79,"16,54",No information,"7,74","111,8",1673,464,No information,971,"5,3","135,5","33,8",49,Positivo,No,No,S. agalactiae,No,No,No,No,No,No information,Si,Si,2021-07-21,55.0,No,No seleccionados,No seleccionados,No seleccionados,No seleccionados,No seleccionados,No seleccionados,No seleccionados,No seleccionados,No seleccionados,No seleccionados,No seleccionados,No seleccionados,No seleccionados,Seleccionados,No seleccionados,No seleccionados,No seleccionados,No seleccionados,No seleccionados,No seleccionados,No information,2021-07-22,Si,Si,Asociada a cateter,Aguda,Definitivo,no,No,No,No,Seleccionados,No seleccionados,No seleccionados,No seleccionados,No,No,No,No,No,No,No,No,No,Si,Seleccionados,No seleccionados,No seleccionados,Seleccionados,No seleccionados,No seleccionados,No seleccionados,Seleccionados,No seleccionados,Seleccionados,No seleccionados,No seleccionados,No seleccionados,Seleccionados,No seleccionados,No seleccionados,No seleccionados,No seleccionados,No seleccionados,No information,51.0,No,,,,,No seleccionados,No seleccionados,No seleccionados,No seleccionados,No seleccionados,No seleccionados,No seleccionados,No seleccionados,Si,15,No,Si,Si,Vivo,,0
82,52,Mujer,2021-07-23,2021-08-18,26,No,No,No,Sobrepeso (>=25-29.9 IMC),No,Si,No,Si,No,No seleccionados,No seleccionados,No seleccionados,No seleccionados,No seleccionados,No seleccionados,No seleccionados,No seleccionados,No seleccionados,No seleccionados,No seleccionados,No seleccionados,,No,Seleccionados,No seleccionados,No seleccionados,No seleccionados,No seleccionados,No,No,No,No seleccionados,No seleccionados,Seleccionados,No seleccionados,No seleccionados,No seleccionados,No seleccionados,No,No,No,No,No,No,No,No,No,,,,2021-07-19,No,Si,Si,No,No,Seleccionados,No seleccionados,No seleccionados,No seleccionados,No seleccionados,No seleccionados,No seleccionados,No seleccionados,No,Seleccionados,No seleccionados,No seleccionados,No seleccionados,No seleccionados,Stevenson C,No,80,170,"27,68",85.0,52.0,63,147.0,25.0,No,No,No,No,Si,17180.0,620,13810,"9,3",105000.0,No information,"12,38",No information,"1,17",52,No information,No information,No information,No information,"3,7",139,"46,2","55,9",Positivo,"Si, meticilino sensible",No,No,No,No,No,No,No,,Si,Si,2021-07-27,35.0,No,No seleccionados,No seleccionados,No seleccionados,No seleccionados,No seleccionados,No seleccionados,No seleccionados,No seleccionados,No seleccionados,No seleccionados,No seleccionados,No seleccionados,No seleccionados,No seleccionados,Seleccionados,No seleccionados,No seleccionados,No seleccionados,No seleccionados,No seleccionados,,2021-07-29,Si,Si,No information,Aguda,Definitivo,no,No,Si,No,Seleccionados,No seleccionados,No seleccionados,No seleccionados,Si,No,No,No,Si,No,No,No,No,Si,No seleccionados,No seleccionados,No seleccionados,No seleccionados,No seleccionados,No seleccionados,No seleccionados,No seleccionados,No seleccionados,No seleccionados,No seleccionados,No seleccionados,No seleccionados,No seleccionados,No seleccionados,No seleccionados,No seleccionados,Seleccionados,No seleccionados,Cefazolina,45.0,No,,,,,No seleccionados,No seleccionados,No seleccionados,No seleccionados,No seleccionados,No seleccionados,No seleccionados,No seleccionados,Si,No information,Si,Si,No,Vivo,,0
83,48,Mujer,2021-07-24,2021-08-12,19,No,No,No,No,No,No,No,No,No,No seleccionados,No seleccionados,No seleccionados,No seleccionados,No seleccionados,No seleccionados,No seleccionados,No seleccionados,No seleccionados,No seleccionados,No seleccionados,No seleccionados,,No,Seleccionados,No seleccionados,No seleccionados,No seleccionados,No seleccionados,No,No,No,Seleccionados,No seleccionados,No seleccionados,No seleccionados,No seleccionados,No seleccionados,No seleccionados,No,No,No,No,No,No,No,No,Si,Si,No,No information,2021-07-28,Si,No,No,No,No,Seleccionados,No seleccionados,No seleccionados,No seleccionados,No seleccionados,No seleccionados,No seleccionados,No seleccionados,No,Seleccionados,No seleccionados,No seleccionados,No seleccionados,No seleccionados,No aplica,No,"46,75",160,"18,3",93.0,54.0,67,87.0,20.0,No,No,No,No,No,7230.0,1910,4150,"9,2",456000.0,67,"3,43",No information,"0,43","14,1",No information,No information,No information,No information,"4,75","137,3",40,45,Negativo,No,No,No,No,No,No,No,No,No information,Si,Si,2021-08-02,65.0,Si,Seleccionados,No seleccionados,No seleccionados,No seleccionados,No seleccionados,No seleccionados,No seleccionados,No seleccionados,Seleccionados,No seleccionados,No seleccionados,No seleccionados,No seleccionados,No seleccionados,Seleccionados,No seleccionados,No seleccionados,No seleccionados,No seleccionados,No seleccionados,No information,2021-08-03,Si,Si,Nativa,Aguda,Improbable,no,No,No,No,Seleccionados,No seleccionados,No seleccionados,No seleccionados,No,No,No,No,No,No,No,No,No,Si,Seleccionados,No seleccionados,No seleccionados,No seleccionados,No seleccionados,No seleccionados,No seleccionados,No seleccionados,No seleccionados,No seleccionados,No seleccionados,No seleccionados,No seleccionados,Seleccionados,No seleccionados,No seleccionados,No seleccionados,Seleccionados,No seleccionados,Clindamicina,21.0,No,,,,,No seleccionados,No seleccionados,No seleccionados,No seleccionados,No seleccionados,No seleccionados,No seleccionados,No seleccionados,Si,4,No,No,Si,Vivo,,0
84,69,Hombre,2021-07-28,2021-08-28,31,Si,No,No,No,No,No,No,No,Si,Seleccionados,No seleccionados,No seleccionados,No seleccionados,No seleccionados,No seleccionados,No seleccionados,No seleccionados,No seleccionados,No seleccionados,Seleccionados,No seleccionados,No,No,Seleccionados,No seleccionados,No seleccionados,No seleccionados,No seleccionados,No,Si,No,Seleccionados,No seleccionados,No seleccionados,No seleccionados,No seleccionados,No seleccionados,No seleccionados,No,No,No,No,No,No,Gastrointestinal,Si,Si,Si,No,No information,2021-07-26,Si,No,Si,No,No,No seleccionados,Seleccionados,No seleccionados,No seleccionados,No seleccionados,No seleccionados,No seleccionados,No seleccionados,No,Seleccionados,No seleccionados,No seleccionados,No seleccionados,No seleccionados,No aplica,Sepsis,64,178,"20,2",129.0,87.0,101,78.0,17.0,No,No,No,No,No,6930.0,1850,4360,"17,6",166000.0,98,"3,89",No information,"0,93","11,5",No information,No information,No information,No information,"4,15",139,86,34,Positivo,No,No,S. viridans,No,No,No,No,No,No information,Si,Si,2021-07-30,60.0,Si,Seleccionados,No seleccionados,No seleccionados,No seleccionados,No seleccionados,No seleccionados,No seleccionados,No seleccionados,Seleccionados,No seleccionados,No seleccionados,No seleccionados,No seleccionados,No seleccionados,Seleccionados,No seleccionados,No seleccionados,No seleccionados,No seleccionados,No seleccionados,No information,2021-07-30,Si,Si,Nativa,Aguda,Definitivo,no,No,No,No,No seleccionados,No seleccionados,Seleccionados,No seleccionados,No,No,Si,No,No,No,No,No,No,Si,Seleccionados,Seleccionados,No seleccionados,No seleccionados,No seleccionados,No seleccionados,No seleccionados,No seleccionados,No seleccionados,No seleccionados,No seleccionados,No seleccionados,No seleccionados,No seleccionados,No seleccionados,No seleccionados,No seleccionados,No seleccionados,No seleccionados,No information,30.0,Si,Abierta,Protesis biologica,Ninguno,No,Seleccionados,No seleccionados,No seleccionados,No seleccionados,No seleccionados,No seleccionados,No seleccionados,No seleccionados,No,6,Si,Si,No,Vivo,,0
85,60,Hombre,2021-08-07,2021-08-19,12,Si,No,No,Obesidad (>=30 IMC),No,No,No,No,No,No seleccionados,No seleccionados,No seleccionados,No seleccionados,No seleccionados,No seleccionados,No seleccionados,No seleccionados,No seleccionados,No seleccionados,No seleccionados,No seleccionados,,No,Seleccionados,No seleccionados,No seleccionados,No seleccionados,No seleccionados,No,No,No,Seleccionados,No seleccionados,No seleccionados,No seleccionados,No seleccionados,No seleccionados,No seleccionados,No,No,No,No,No,No,Urologico,No,No,No,No,No information,2021-07-26,Si,Si,Si,No,No,Seleccionados,No seleccionados,No seleccionados,No seleccionados,No seleccionados,No seleccionados,No seleccionados,No seleccionados,No,Seleccionados,No seleccionados,No seleccionados,No seleccionados,No seleccionados,No aplica,No,"99,25",180,"30,6",118.0,70.0,89,76.0,12.0,No,No,No,No,No,6320.0,2080,3170,"11,4",265000.0,53,"9,8",No information,"1,86","21,7",1140,58,No information,No information,"4,62","135,4",24,27,Positivo,"Si, meticilino resistente",No,No,No,No,No,No,No,No information,Si,Si,2021-08-11,65.0,Si,Seleccionados,No seleccionados,No seleccionados,No seleccionados,No seleccionados,No seleccionados,No seleccionados,No seleccionados,Seleccionados,No seleccionados,No seleccionados,No seleccionados,No seleccionados,No seleccionados,Seleccionados,No seleccionados,No seleccionados,No seleccionados,No seleccionados,No seleccionados,No information,2021-08-11,Si,Si,Nativa,Subaguda,Definitivo,no,No,No,No,Seleccionados,No seleccionados,No seleccionados,No seleccionados,No,No,No,No,No,No,No,No,No,Si,No seleccionados,Seleccionados,No seleccionados,No seleccionados,No seleccionados,No seleccionados,No seleccionados,No seleccionados,No seleccionados,No seleccionados,No seleccionados,No seleccionados,Seleccionados,Seleccionados,Seleccionados,No seleccionados,No seleccionados,No seleccionados,No seleccionados,No information,40.0,No,,,,,No seleccionados,No seleccionados,No seleccionados,No seleccionados,No seleccionados,No seleccionados,No seleccionados,No seleccionados,No,No information,No,No,No,Vivo,,0
86,52,Hombre,2021-08-23,2021-09-09,17,Si,No,No,No,No,No,No,No,No,No seleccionados,No seleccionados,No seleccionados,No seleccionados,No seleccionados,No seleccionados,No seleccionados,No seleccionados,No seleccionados,No seleccionados,No seleccionados,No seleccionados,,No,Seleccionados,No seleccionados,No seleccionados,No seleccionados,No seleccionados,No,No,No,Seleccionados,No seleccionados,No seleccionados,No seleccionados,No seleccionados,No seleccionados,No seleccionados,No,No,No,No,No,No,No,No,No,No,No,No information,2021-08-20,Si,Si,Si,No,No,No seleccionados,No seleccionados,Seleccionados,No seleccionados,No seleccionados,No seleccionados,No seleccionados,No seleccionados,No,Seleccionados,No seleccionados,No seleccionados,No seleccionados,No seleccionados,No aplica,No,"61,3",182,"18,5",96.0,78.0,84,88.0,26.0,No,No,Si,No,No,11140.0,1090,9120,"10,6",311000.0,46,"7,65",No information,"0,93","9,8",No information,No information,No information,No information,"4,14",137,73,102,Positivo,No,S. epidermidis,No,No,No,No,No,No,No information,Si,Si,2021-08-24,55.0,Si,Seleccionados,No seleccionados,No seleccionados,No seleccionados,No seleccionados,No seleccionados,No seleccionados,Seleccionados,No seleccionados,No seleccionados,No seleccionados,No seleccionados,No seleccionados,Seleccionados,No seleccionados,No seleccionados,No seleccionados,No seleccionados,No seleccionados,No seleccionados,No information,2021-08-24,Si,Si,Nativa,Aguda,Definitivo,no,No,No,No,No seleccionados,No seleccionados,Seleccionados,No seleccionados,No,No,No,No,No,No,No,No,No,Si,No seleccionados,Seleccionados,No seleccionados,No seleccionados,No seleccionados,No seleccionados,No seleccionados,Seleccionados,No seleccionados,No seleccionados,No seleccionados,No seleccionados,No seleccionados,No seleccionados,No seleccionados,No seleccionados,No seleccionados,No seleccionados,No seleccionados,No information,30.0,Si,Abierta,Protesis mecanica,Ninguno,No,Seleccionados,No seleccionados,No seleccionados,No seleccionados,No seleccionados,No seleccionados,No seleccionados,No seleccionados,No,0,No,No,No,Vivo,,0
87,53,Hombre,2021-09-25,2021-11-10,46,Si,No,Si,Sobrepeso (>=25-29.9 IMC),No,No,No,Si,Si,No seleccionados,No seleccionados,Seleccionados,No seleccionados,No seleccionados,No seleccionados,Seleccionados,No seleccionados,No seleccionados,No seleccionados,No seleccionados,No seleccionados,Si,No,Seleccionados,No seleccionados,No seleccionados,No seleccionados,No seleccionados,No,No,No,Seleccionados,No seleccionados,No seleccionados,No seleccionados,No seleccionados,No seleccionados,No seleccionados,No,No,No,No,No,No,No,No,No,No,No,No information,2021-09-26,Si,No,No,No,No,No seleccionados,No seleccionados,No seleccionados,No seleccionados,No seleccionados,No seleccionados,Seleccionados,No seleccionados,No,Seleccionados,No seleccionados,No seleccionados,No seleccionados,No seleccionados,No aplica,No,68,163,"25,6",152.0,89.0,109,93.0,22.0,No,No,No,No,No,9590.0,1130,7080,"13,1",431000.0,"35,6","15,08",No information,"1,01",22,No information,59,No information,No information,"4,1","137,7",23,25,Positivo,No,No,No,No,Haemophilus spp,Pseudomonas spp,No,Si,No information,Si,Si,2021-09-28,65.0,Si,Seleccionados,No seleccionados,No seleccionados,No seleccionados,No seleccionados,No seleccionados,Seleccionados,No seleccionados,No seleccionados,No seleccionados,No seleccionados,No seleccionados,No seleccionados,Seleccionados,No seleccionados,No seleccionados,No seleccionados,No seleccionados,No seleccionados,No seleccionados,No information,2021-09-28,Si,Si,Protesica,Aguda,Definitivo,no,ACV isquemico,No,No,No seleccionados,Seleccionados,No seleccionados,No seleccionados,No,No,No,No,No,No,No,No,No,Si,Seleccionados,Seleccionados,No seleccionados,Seleccionados,No seleccionados,No seleccionados,No seleccionados,Seleccionados,No seleccionados,No seleccionados,No seleccionados,No seleccionados,No seleccionados,Seleccionados,No seleccionados,No seleccionados,No seleccionados,No seleccionados,No seleccionados,No information,56.0,Si,Abierta,Protesis mecanica,Ninguno,No,Seleccionados,No seleccionados,No seleccionados,No seleccionados,No seleccionados,No seleccionados,No seleccionados,No seleccionados,No,No information,No,No,No,Vivo,,0
88,28,Hombre,2021-09-10,2021-09-21,11,No,No,No,No,No,No,No,No,No,No seleccionados,No seleccionados,No seleccionados,No seleccionados,No seleccionados,No seleccionados,No seleccionados,No seleccionados,No seleccionados,No seleccionados,No seleccionados,No seleccionados,,No,Seleccionados,No seleccionados,No seleccionados,No seleccionados,No seleccionados,No,No,No,Seleccionados,No seleccionados,No seleccionados,No seleccionados,No seleccionados,No seleccionados,No seleccionados,No,No,No,No,No,No,No,No,No,No,No,No information,2021-08-23,Si,No,No,Si,No,No seleccionados,No seleccionados,No seleccionados,No seleccionados,No seleccionados,Seleccionados,No seleccionados,No seleccionados,No,Seleccionados,No seleccionados,No seleccionados,No seleccionados,No seleccionados,No aplica,No,"66,7",179,"23,72",126.0,62.0,83,113.0,19.0,No,No,Si,No,No,20720.0,3750,14630,"9,6",295000.0,72,"27,38",No information,"0,7","14,5",No information,No information,No information,No information,"3,73","138,9","14,2","27,7",Positivo,No,No,S. viridans,No,No,No,No,No,No information,Si,Si,2021-09-10,70.0,Si,Seleccionados,No seleccionados,No seleccionados,No seleccionados,No seleccionados,No seleccionados,No seleccionados,No seleccionados,Seleccionados,No seleccionados,No seleccionados,No seleccionados,No seleccionados,No seleccionados,Seleccionados,No seleccionados,No seleccionados,No seleccionados,No seleccionados,No seleccionados,No information,2021-09-10,Si,Si,Nativa,Subaguda,Definitivo,no,ACV hemorragico,No,No,Seleccionados,No seleccionados,No seleccionados,No seleccionados,No,No,No,No,No,No,No,No,No,Si,Seleccionados,No seleccionados,No seleccionados,No seleccionados,No seleccionados,No seleccionados,No seleccionados,No seleccionados,No seleccionados,No seleccionados,No seleccionados,No seleccionados,No seleccionados,No seleccionados,No seleccionados,No seleccionados,No seleccionados,No seleccionados,No seleccionados,No information,42.0,Si,Abierta,Protesis mecanica,Extraccion de masa,No,Seleccionados,No seleccionados,No seleccionados,No seleccionados,No seleccionados,No seleccionados,No seleccionados,No seleccionados,Si,2,No,No,Si,Vivo,,0
89,51,Hombre,2021-08-02,2021-09-04,33,Si,Si,No,No,Si,No,Si,No,No,No seleccionados,No seleccionados,No seleccionados,No seleccionados,No seleccionados,No seleccionados,No seleccionados,No seleccionados,No seleccionados,No seleccionados,No seleccionados,No seleccionados,,No,Seleccionados,No seleccionados,No seleccionados,No seleccionados,No seleccionados,No,No,Si,Seleccionados,No seleccionados,No seleccionados,No seleccionados,No seleccionados,No seleccionados,No seleccionados,No,"Si, con hemodialisis",No,Hipotiroidismo,No,No,No,No,No,Si,No,No information,2021-08-02,Si,No,No,No,No,Seleccionados,No seleccionados,No seleccionados,No seleccionados,No seleccionados,No seleccionados,No seleccionados,No seleccionados,No,Seleccionados,No seleccionados,No seleccionados,No seleccionados,No seleccionados,No aplica,No,75,175,"24,4",170.0,66.0,101,72.0,19.0,No,No,No,No,No,11970.0,1010,10190,"13,3",533000.0,29,"12,54",No information,"2,3",25,890,"36,9",No information,No information,"4,6",138,"12,7",13,Positivo,"Si, meticilino sensible",No,No,No,No,No,No,No,No information,Si,Si,2021-08-12,65.0,Si,Seleccionados,No seleccionados,No seleccionados,No seleccionados,No seleccionados,No seleccionados,Seleccionados,No seleccionados,No seleccionados,No seleccionados,No seleccionados,No seleccionados,No seleccionados,No seleccionados,Seleccionados,No seleccionados,No seleccionados,No seleccionados,No seleccionados,No seleccionados,No information,2021-08-12,Si,Si,Nativa,Aguda,Definitivo,no,No,No,No,Seleccionados,No seleccionados,No seleccionados,No seleccionados,No,No,No,No,No,No,No,No,No,Si,No seleccionados,Seleccionados,No seleccionados,No seleccionados,No seleccionados,No seleccionados,No seleccionados,No seleccionados,No seleccionados,No seleccionados,No seleccionados,No seleccionados,Seleccionados,No seleccionados,Seleccionados,No seleccionados,No seleccionados,No seleccionados,No seleccionados,No information,30.0,No,,,,,No seleccionados,No seleccionados,No seleccionados,No seleccionados,No seleccionados,No seleccionados,No seleccionados,No seleccionados,No,No information,No,No,No,Vivo,,0
90,15,Mujer,2021-11-10,2021-12-21,41,No,No,No,No,No,No,No,No,Si,Seleccionados,No seleccionados,No seleccionados,No seleccionados,No seleccionados,No seleccionados,No seleccionados,No seleccionados,Seleccionados,No seleccionados,Seleccionados,No seleccionados,No,Si,Seleccionados,No seleccionados,No seleccionados,No seleccionados,No seleccionados,No,No,No,Seleccionados,No seleccionados,No seleccionados,No seleccionados,No seleccionados,No seleccionados,No seleccionados,No,No,No,No,No,No,No,Si,No,No,No,No information,2021-11-09,No,Si,No,No,Si,Seleccionados,No seleccionados,No seleccionados,No seleccionados,No seleccionados,No seleccionados,No seleccionados,No seleccionados,No,Seleccionados,No seleccionados,No seleccionados,No seleccionados,No seleccionados,No aplica,No,45,170,"15,57",102.0,51.0,68,80.0,22.0,No,No,No,No,No,9270.0,1920,6520,"13,3",310000.0,25,"1,22",No information,"0,83","9,3","9,17","2,25",No information,No information,"3,64","134,9",17,15,Positivo,No,No,No,No,No,Acinetobacter spp,No,No,No information,Si,Si,2021-11-15,63.0,No,No seleccionados,No seleccionados,No seleccionados,No seleccionados,No seleccionados,No seleccionados,No seleccionados,No seleccionados,No seleccionados,No seleccionados,No seleccionados,No seleccionados,No seleccionados,Seleccionados,Seleccionados,No seleccionados,No seleccionados,No seleccionados,No seleccionados,No seleccionados,No information,2021-11-18,Si,No,Nativa,Aguda,Posible,no,No,No,No,Seleccionados,No seleccionados,No seleccionados,No seleccionados,No,No,No,No,No,No,No,No,No,Si,No seleccionados,No seleccionados,No seleccionados,No seleccionados,Seleccionados,No seleccionados,No seleccionados,Seleccionados,No seleccionados,No seleccionados,No seleccionados,No seleccionados,No seleccionados,No seleccionados,No seleccionados,Seleccionados,No seleccionados,Seleccionados,No seleccionados,No information,30.0,No,,,,,No seleccionados,No seleccionados,No seleccionados,No seleccionados,No seleccionados,No seleccionados,No seleccionados,No seleccionados,No,5,No,Si,Si,Vivo,,0
91,80,Hombre,2021-11-30,2022-01-13,44,Si,No,No,Obesidad (>=30 IMC),Si,Si,Si,No,No,No seleccionados,No seleccionados,No seleccionados,No seleccionados,No seleccionados,No seleccionados,No seleccionados,No seleccionados,No seleccionados,No seleccionados,No seleccionados,No seleccionados,,Si,No seleccionados,Seleccionados,Seleccionados,Seleccionados,No seleccionados,No,No,Si,No seleccionados,No seleccionados,No seleccionados,No seleccionados,No seleccionados,Seleccionados,No seleccionados,No,"Si, con hemodialisis",No,Hipotiroidismo,No,Si,No,No,No,No,No,CABG con endoprotesis fenestrada abdominal + ramas iliacas bilaterales 11/06/2019,2021-11-30,Si,No,No,No,No,Seleccionados,No seleccionados,No seleccionados,No seleccionados,No seleccionados,No seleccionados,No seleccionados,No seleccionados,No,Seleccionados,No seleccionados,No seleccionados,No seleccionados,No seleccionados,Stevenson C,Shock  septico,97,178,"30,6",127.0,63.0,90,60.0,12.0,No,No,No,No,No,10630.0,290,9800,"9,9",115000.0,28,"6,7",No information,"2,59",65,969,No information,No information,No information,"3,6",145,"60,8","33,6",Positivo,No,No,No,No,No,Klebsiella spp,No,No,No information,Si,Si,2021-12-13,20.0,No,No seleccionados,No seleccionados,No seleccionados,No seleccionados,No seleccionados,No seleccionados,No seleccionados,No seleccionados,No seleccionados,No seleccionados,No seleccionados,No seleccionados,No seleccionados,No seleccionados,No seleccionados,No seleccionados,No seleccionados,Seleccionados,No seleccionados,No seleccionados,Electrodo de marcapasos dentro de la auricula derecha,2021-12-13,Si,Si,Asociada a cateter,Aguda,Definitivo,no,No,Si,No,Seleccionados,No seleccionados,No seleccionados,No seleccionados,Si,No,No,No,No,No,No,No,No,Si,No seleccionados,Seleccionados,No seleccionados,Seleccionados,No seleccionados,No seleccionados,No seleccionados,No seleccionados,No seleccionados,No seleccionados,No seleccionados,No seleccionados,No seleccionados,No seleccionados,No seleccionados,No seleccionados,No seleccionados,No seleccionados,No seleccionados,No information,42.0,No,,,,,No seleccionados,No seleccionados,No seleccionados,No seleccionados,No seleccionados,No seleccionados,No seleccionados,No seleccionados,Si,11,Si,Si,Si,Vivo,,0
92,29,Hombre,2022-01-09,2022-02-02,24,No,No,No,No,No,No,No,No,No,No seleccionados,No seleccionados,No seleccionados,No seleccionados,No seleccionados,No seleccionados,No seleccionados,No seleccionados,No seleccionados,No seleccionados,No seleccionados,No seleccionados,,No,Seleccionados,No seleccionados,No seleccionados,No seleccionados,No seleccionados,No,No,No,Seleccionados,No seleccionados,No seleccionados,No seleccionados,No seleccionados,No seleccionados,No seleccionados,No,No,No,No,No,No,No,No,No,No,Si,Consumo de SPA,2021-12-28,Si,No,Si,No,No,Seleccionados,No seleccionados,No seleccionados,No seleccionados,No seleccionados,No seleccionados,No seleccionados,No seleccionados,No,Seleccionados,No seleccionados,No seleccionados,No seleccionados,No seleccionados,No aplica,No,"66,2",183,"19,8",151.0,93.0,112,92.0,20.0,No,No,No,No,No,7950.0,1640,5400,"6,6",475000.0,102,"4,48",No information,"0,81","16,2",1560,79,No information,No information,"3,5",140,"39,4","31,8",Positivo,No,No,S. pyogenes,No,No,No,No,No,No information,Si,Si,2022-01-09,70.0,Si,Seleccionados,No seleccionados,No seleccionados,No seleccionados,No seleccionados,No seleccionados,No seleccionados,No seleccionados,Seleccionados,No seleccionados,No seleccionados,No seleccionados,No seleccionados,No seleccionados,Seleccionados,No seleccionados,No seleccionados,No seleccionados,No seleccionados,No seleccionados,No information,2022-01-09,Si,Si,Nativa,Aguda,Definitivo,no,No,No,No,Seleccionados,No seleccionados,No seleccionados,No seleccionados,No,No,No,No,No,No,No,No,No,Si,Seleccionados,Seleccionados,No seleccionados,No seleccionados,No seleccionados,No seleccionados,No seleccionados,No seleccionados,No seleccionados,No seleccionados,No seleccionados,No seleccionados,No seleccionados,No seleccionados,No seleccionados,No seleccionados,No seleccionados,No seleccionados,No seleccionados,No information,45.0,Si,Abierta,Protesis mecanica,Ninguno,No,Seleccionados,No seleccionados,No seleccionados,No seleccionados,No seleccionados,No seleccionados,No seleccionados,No seleccionados,No,0,No,No,No,Vivo,,0
93,63,Hombre,2022-03-21,2022-04-12,22,Si,Si,No,No,Si,No,No,No,Si,Seleccionados,No seleccionados,No seleccionados,No seleccionados,No seleccionados,No seleccionados,No seleccionados,No seleccionados,Seleccionados,No seleccionados,No seleccionados,No seleccionados,No,No,Seleccionados,No seleccionados,No seleccionados,No seleccionados,No seleccionados,No,No,No,Seleccionados,No seleccionados,No seleccionados,No seleccionados,No seleccionados,No seleccionados,No seleccionados,No,No,No,No,No,No,No,No,No,No,No,No information,2022-03-18,No,Si,Si,No,No,Seleccionados,No seleccionados,No seleccionados,No seleccionados,No seleccionados,No seleccionados,No seleccionados,No seleccionados,No,Seleccionados,No seleccionados,No seleccionados,No seleccionados,No seleccionados,Stevenson B,No,60,170,"20,7",100.0,45.0,63,79.0,18.0,No,No,No,No,Si,12870.0,750,11180,"9,9",268000.0,85,"8,7",No information,"1,4",44,26317,895,No information,No information,4,"138,5",37,68,Positivo,No,No,S. viridans,No,No,No,No,No,No information,Si,Si,2022-03-22,41.0,Si,Seleccionados,No seleccionados,No seleccionados,No seleccionados,No seleccionados,No seleccionados,No seleccionados,Seleccionados,Seleccionados,No seleccionados,No seleccionados,No seleccionados,No seleccionados,Seleccionados,No seleccionados,No seleccionados,No seleccionados,No seleccionados,No seleccionados,No seleccionados,No information,2022-03-22,Si,Si,Nativa,Aguda,Definitivo,no,No,Si,No,No seleccionados,No seleccionados,Seleccionados,No seleccionados,No,No,No,No,No,No,No,No,No,Si,Seleccionados,Seleccionados,No seleccionados,No seleccionados,No seleccionados,No seleccionados,No seleccionados,Seleccionados,No seleccionados,No seleccionados,No seleccionados,No seleccionados,No seleccionados,No seleccionados,No seleccionados,No seleccionados,No seleccionados,No seleccionados,No seleccionados,No information,42.0,Si,Abierta,Protesis biologica,Ninguno,No,Seleccionados,No seleccionados,No seleccionados,No seleccionados,No seleccionados,No seleccionados,No seleccionados,No seleccionados,Si,0,No,No,No,Vivo,,0
94,65,Hombre,2022-04-06,2022-05-19,43,Si,No,No,No,No,No,No,No,No,No seleccionados,No seleccionados,No seleccionados,No seleccionados,No seleccionados,No seleccionados,No seleccionados,No seleccionados,No seleccionados,No seleccionados,No seleccionados,No seleccionados,,No,Seleccionados,No seleccionados,No seleccionados,No seleccionados,No seleccionados,No,No,No,Seleccionados,No seleccionados,No seleccionados,No seleccionados,No seleccionados,No seleccionados,No seleccionados,No,No,No,No,No,No,No,No,Si,Si,No,No information,2022-03-15,Si,Si,Si,No,No,Seleccionados,No seleccionados,No seleccionados,No seleccionados,No seleccionados,No seleccionados,No seleccionados,No seleccionados,No,Seleccionados,No seleccionados,No seleccionados,No seleccionados,No seleccionados,No aplica,No,73,176,"23,6",148.0,94.0,112,75.0,18.0,No,No,No,No,No,11910.0,1660,9230,"9,6",332000.0,17,"6,2",No information,"1,17","11,5",365,"29,9",No information,No information,"3,61","142,2",20,42,Positivo,No,No,No,E. faecalis,No,No,No,No,No information,Si,Si,2022-04-01,66.0,No,No seleccionados,No seleccionados,No seleccionados,No seleccionados,No seleccionados,No seleccionados,No seleccionados,No seleccionados,No seleccionados,No seleccionados,No seleccionados,No seleccionados,No seleccionados,Seleccionados,No seleccionados,No seleccionados,No seleccionados,No seleccionados,No seleccionados,No seleccionados,No information,2022-04-01,Si,Si,Protesica,Subaguda,Definitivo,no,No,No,No,Seleccionados,No seleccionados,No seleccionados,No seleccionados,No,No,No,No,No,No,Si,No,No,Si,Seleccionados,Seleccionados,No seleccionados,No seleccionados,Seleccionados,No seleccionados,No seleccionados,No seleccionados,No seleccionados,No seleccionados,No seleccionados,No seleccionados,No seleccionados,No seleccionados,No seleccionados,Seleccionados,No seleccionados,No seleccionados,No seleccionados,No information,45.0,Si,Abierta,Protesis mecanica,Otro,No,Seleccionados,No seleccionados,No seleccionados,No seleccionados,No seleccionados,No seleccionados,No seleccionados,No seleccionados,No,0,No,No,No,Vivo,,0
95,26,Mujer,2022-04-25,2022-05-27,32,No,No,No,No,No,No,No,No,No,No seleccionados,No seleccionados,No seleccionados,No seleccionados,No seleccionados,No seleccionados,No seleccionados,No seleccionados,No seleccionados,No seleccionados,No seleccionados,No seleccionados,,No,Seleccionados,No seleccionados,No seleccionados,No seleccionados,No seleccionados,No,No,No,No seleccionados,No seleccionados,Seleccionados,No seleccionados,No seleccionados,No seleccionados,No seleccionados,No,No,No,Hipertiroidismo,No,No,No,No,No,No,No,No information,2022-04-12,No,No,No,No,No,Seleccionados,No seleccionados,No seleccionados,No seleccionados,No seleccionados,No seleccionados,No seleccionados,No seleccionados,No,Seleccionados,No seleccionados,No seleccionados,No seleccionados,No seleccionados,No aplica,No,55,157,"22,3",130.0,79.0,96,116.0,24.0,No,No,No,No,No,12120.0,9180,1980,"6,3",60000.0,27,"6,87","7,47","0,46",18,67,14,No information,No information,"3,1",140,"12,8","12,4",Positivo,"Si, meticilino resistente",No,No,No,No,No,No,No,No information,Si,Si,2022-04-22,65.0,Si,Seleccionados,No seleccionados,No seleccionados,No seleccionados,No seleccionados,No seleccionados,No seleccionados,No seleccionados,Seleccionados,No seleccionados,Seleccionados,No seleccionados,No seleccionados,No seleccionados,Seleccionados,No seleccionados,No seleccionados,No seleccionados,No seleccionados,No seleccionados,No information,2022-04-22,Si,Si,Nativa,Aguda,Definitivo,no,ACV isquemico,No,No,Seleccionados,No seleccionados,No seleccionados,No seleccionados,Si,No,No,No,No,No,No,No,No,Si,No seleccionados,No seleccionados,No seleccionados,No seleccionados,No seleccionados,No seleccionados,No seleccionados,No seleccionados,No seleccionados,No seleccionados,No seleccionados,Seleccionados,Seleccionados,No seleccionados,No seleccionados,No seleccionados,No seleccionados,No seleccionados,No seleccionados,No information,46.0,Si,Abierta,Protesis biologica,Ninguno,No,Seleccionados,No seleccionados,No seleccionados,No seleccionados,No seleccionados,No seleccionados,No seleccionados,No seleccionados,No,0,No,No,No,Vivo,,0
96,34,Mujer,2022-05-05,2022-07-01,57,No,No,No,No,No,No,No,No,No,No seleccionados,No seleccionados,No seleccionados,No seleccionados,No seleccionados,No seleccionados,No seleccionados,No seleccionados,No seleccionados,No seleccionados,No seleccionados,No seleccionados,,No,Seleccionados,No seleccionados,No seleccionados,No seleccionados,No seleccionados,No,No,Si,Seleccionados,No seleccionados,No seleccionados,No seleccionados,No seleccionados,No seleccionados,No seleccionados,No,No,No,No,No,No,Gastrointestinal,No,No,No,No,No information,2022-04-27,Si,Si,Si,No,No,Seleccionados,No seleccionados,No seleccionados,No seleccionados,No seleccionados,No seleccionados,No seleccionados,No seleccionados,No,Seleccionados,No seleccionados,No seleccionados,No seleccionados,No seleccionados,No aplica,Sepsis,56,150,"24,9",119.0,72.0,87,120.0,26.0,No,No,No,No,No,14860.0,3300,9390,"8,8",298000.0,11,41,"0,6","0,62",10,254,No information,No information,"0,053","4,1",131,67,62,Positivo,"Si, meticilino resistente",No,No,No,No,No,No,No,No information,Si,Si,2022-05-06,60.0,No,No seleccionados,No seleccionados,No seleccionados,No seleccionados,No seleccionados,No seleccionados,No seleccionados,No seleccionados,No seleccionados,No seleccionados,No seleccionados,No seleccionados,No seleccionados,No seleccionados,Seleccionados,No seleccionados,No seleccionados,No seleccionados,No seleccionados,No seleccionados,No information,2022-05-06,Si,Si,Nativa,Aguda,Definitivo,no,No,No,No,Seleccionados,No seleccionados,No seleccionados,No seleccionados,Si,No,No,No,No,No,No,No,No,Si,Seleccionados,Seleccionados,No seleccionados,Seleccionados,No seleccionados,No seleccionados,No seleccionados,No seleccionados,No seleccionados,No seleccionados,No seleccionados,Seleccionados,Seleccionados,No seleccionados,No seleccionados,No seleccionados,No seleccionados,No seleccionados,No seleccionados,No information,45.0,No,,,,,No seleccionados,No seleccionados,No seleccionados,No seleccionados,No seleccionados,No seleccionados,No seleccionados,No seleccionados,No,11,No,Si,Si,Vivo,,0
97,58,Hombre,2022-06-08,2022-09-14,98,Si,Si,No,No,No,No,No,No,No,No seleccionados,No seleccionados,No seleccionados,No seleccionados,No seleccionados,No seleccionados,No seleccionados,No seleccionados,No seleccionados,No seleccionados,No seleccionados,No seleccionados,,No,Seleccionados,No seleccionados,No seleccionados,No seleccionados,No seleccionados,No,No,No,Seleccionados,No seleccionados,No seleccionados,No seleccionados,No seleccionados,No seleccionados,No seleccionados,No,"Si, con hemodialisis",No,No,No,No,No,No,No,No,No,No information,2022-06-08,No,No,No,No,No,Seleccionados,No seleccionados,No seleccionados,No seleccionados,No seleccionados,No seleccionados,No seleccionados,No seleccionados,No,Seleccionados,No seleccionados,No seleccionados,No seleccionados,No seleccionados,No aplica,No,"56,9",170,"19,7",136.0,80.0,"98,6",104.0,18.0,No,No,No,No,Si,21740.0,850,20080,"9,9",73000.0,"18,22",46,No information,"3,14",56,103,No information,No information,No information,"4,2","133,4","65,8","73,4",Positivo,"Si, meticilino resistente",No,No,No,No,No,No,No,No information,Si,Si,2022-06-09,60.0,No,No seleccionados,No seleccionados,No seleccionados,No seleccionados,No seleccionados,No seleccionados,No seleccionados,No seleccionados,No seleccionados,No seleccionados,No seleccionados,No seleccionados,No seleccionados,No seleccionados,No seleccionados,No seleccionados,No seleccionados,Seleccionados,Seleccionados,No seleccionados,Cateter en auricula derecha,2022-09-06,Si,Si,Nativa,Aguda,Definitivo,Pulmon,No,No,No,Seleccionados,No seleccionados,No seleccionados,No seleccionados,Si,Si,No,No,No,No,Si,Si,No,Si,No seleccionados,No seleccionados,No seleccionados,No seleccionados,No seleccionados,No seleccionados,No seleccionados,No seleccionados,No seleccionados,No seleccionados,No seleccionados,Seleccionados,Seleccionados,No seleccionados,No seleccionados,Seleccionados,No seleccionados,No seleccionados,No seleccionados,No information,56.0,No,,,,,No seleccionados,No seleccionados,No seleccionados,No seleccionados,No seleccionados,No seleccionados,No seleccionados,No seleccionados,Si,46,Si,Si,Si,Vivo,,0
98,66,Mujer,2022-06-16,2022-07-18,32,Si,No,No,No,No,No,No,No,No,No seleccionados,No seleccionados,No seleccionados,No seleccionados,No seleccionados,No seleccionados,No seleccionados,No seleccionados,No seleccionados,No seleccionados,No seleccionados,No seleccionados,,No,Seleccionados,No seleccionados,No seleccionados,No seleccionados,No seleccionados,No,No,No,No seleccionados,No seleccionados,Seleccionados,No seleccionados,No seleccionados,No seleccionados,No seleccionados,No,No,No,No,No,No,Urologico,No,No,No,No,No information,2022-06-16,Si,No,No,No,No,Seleccionados,No seleccionados,No seleccionados,No seleccionados,No seleccionados,No seleccionados,No seleccionados,No seleccionados,No,Seleccionados,No seleccionados,No seleccionados,No seleccionados,No seleccionados,No aplica,No,60,160,"23,44",133.0,76.0,95,73.0,18.0,No,No,No,No,No,6870.0,1210,4900,"11,2",542000.0,"13,5","12,3",No information,"0,3","6,3",No information,No information,No information,"0,042","4,19",138,"15,1","36,4",Positivo,"Si, meticilino resistente",No,No,No,No,No,No,No,No information,Si,Si,2022-06-23,65.0,No,No seleccionados,No seleccionados,No seleccionados,No seleccionados,No seleccionados,No seleccionados,No seleccionados,No seleccionados,No seleccionados,No seleccionados,No seleccionados,No seleccionados,No seleccionados,No seleccionados,Seleccionados,No seleccionados,No seleccionados,No seleccionados,No seleccionados,No seleccionados,No information,2022-06-24,Si,Si,Nativa,Aguda,Definitivo,no,No,No,No,Seleccionados,No seleccionados,No seleccionados,No seleccionados,No,No,No,No,No,No,No,No,No,Si,No seleccionados,Seleccionados,No seleccionados,No seleccionados,No seleccionados,No seleccionados,No seleccionados,No seleccionados,No seleccionados,No seleccionados,No seleccionados,No seleccionados,Seleccionados,No seleccionados,No seleccionados,No seleccionados,No seleccionados,No seleccionados,No seleccionados,No information,30.0,No,,,,,No seleccionados,No seleccionados,No seleccionados,No seleccionados,No seleccionados,No seleccionados,No seleccionados,No seleccionados,No,0,No,No,No,Vivo,,0
99,23,Hombre,2022-06-27,2022-08-06,40,No,No,No,Sobrepeso (>=25-29.9 IMC),No,No,No,No,No,No seleccionados,No seleccionados,No seleccionados,No seleccionados,No seleccionados,No seleccionados,No seleccionados,No seleccionados,No seleccionados,No seleccionados,No seleccionados,No seleccionados,,No,Seleccionados,No seleccionados,No seleccionados,No seleccionados,No seleccionados,No,No,No,Seleccionados,No seleccionados,No seleccionados,No seleccionados,No seleccionados,No seleccionados,No seleccionados,No,No,No,No,No,No,No,No,No,Si,No,Osteomielitis cronica,2022-06-27,Si,No,No,No,No,Seleccionados,No seleccionados,No seleccionados,No seleccionados,No seleccionados,No seleccionados,No seleccionados,No seleccionados,No,Seleccionados,No seleccionados,No seleccionados,No seleccionados,No seleccionados,No aplica,Shock  septico,85,170,"29,4",126.0,49.0,74,60.0,23.0,No,No,No,No,No,13730.0,2220,9910,"9,7",350000.0,"9,5","13,3","2,5","0,48","12,8",830,No information,No information,"0,63","4,13","139,5","14,5",14,Positivo,"Si, meticilino resistente",No,No,No,No,No,No,No,No information,Si,Si,2022-06-30,25.0,No,No seleccionados,No seleccionados,No seleccionados,No seleccionados,No seleccionados,No seleccionados,No seleccionados,No seleccionados,No seleccionados,No seleccionados,No seleccionados,No seleccionados,No seleccionados,No seleccionados,No seleccionados,No seleccionados,No seleccionados,No seleccionados,Seleccionados,No seleccionados,Valvula de Eustaquio,2022-06-30,Si,Si,Nativa,Aguda,Definitivo,Pulmon,No,No,No,Seleccionados,No seleccionados,No seleccionados,No seleccionados,Si,No,No,No,No,No,No,No,No,Si,No seleccionados,No seleccionados,No seleccionados,No seleccionados,No seleccionados,No seleccionados,No seleccionados,No seleccionados,No seleccionados,No seleccionados,No seleccionados,Seleccionados,Seleccionados,No seleccionados,No seleccionados,No seleccionados,No seleccionados,No seleccionados,No seleccionados,No information,45.0,No,,,,,No seleccionados,No seleccionados,No seleccionados,No seleccionados,No seleccionados,No seleccionados,No seleccionados,No seleccionados,Si,8,Si,Si,Si,Vivo,,0
100,30,Hombre,2022-07-22,2022-07-28,6,No,No,No,No,No,No,No,No,No,No seleccionados,No seleccionados,No seleccionados,No seleccionados,No seleccionados,No seleccionados,No seleccionados,No seleccionados,No seleccionados,No seleccionados,No seleccionados,No seleccionados,,No,Seleccionados,No seleccionados,No seleccionados,No seleccionados,No seleccionados,No,No,No,No seleccionados,No seleccionados,No seleccionados,No seleccionados,Seleccionados,No seleccionados,No seleccionados,No,No,No,No,No,No,Gastrointestinal,No,No,Si,Si,"Consumo de SPA (Bazuco y heroina inyectada), Desnutricion",2022-05-01,Si,Si,Si,No,Si,Seleccionados,No seleccionados,No seleccionados,No seleccionados,No seleccionados,No seleccionados,No seleccionados,No seleccionados,No,Seleccionados,No seleccionados,No seleccionados,No seleccionados,No seleccionados,No aplica,No,53,170,"18,3",102.0,66.0,78,100.0,21.0,No,No,No,No,Si,9040.0,2200,5690,"10,6",135000.0,"34,7","2,17",No information,"0,86","17,6",1010,260,No information,33,"4,7",135,351,513,Negativo,No,No,No,No,No,No,No,No,No information,No,Si,2022-07-25,60.0,Si,Seleccionados,No seleccionados,No seleccionados,No seleccionados,No seleccionados,No seleccionados,No seleccionados,No seleccionados,No seleccionados,No seleccionados,Seleccionados,No seleccionados,No seleccionados,No seleccionados,No seleccionados,No seleccionados,Seleccionados,No seleccionados,No seleccionados,No seleccionados,No information,2022-05-31,Si,Si,Nativa,Cronica,Definitivo,no,No,No,No,Seleccionados,No seleccionados,No seleccionados,No seleccionados,No,No,No,No,No,No,No,No,No,Si,No seleccionados,Seleccionados,No seleccionados,No seleccionados,No seleccionados,No seleccionados,No seleccionados,Seleccionados,No seleccionados,No seleccionados,No seleccionados,No seleccionados,No seleccionados,No seleccionados,No seleccionados,No seleccionados,No seleccionados,No seleccionados,No seleccionados,Trimetoprimsulfametoxazol,90.0,No,,,,,No seleccionados,No seleccionados,No seleccionados,No seleccionados,No seleccionados,No seleccionados,No seleccionados,No seleccionados,No,20,Si,Si,No,Vivo,,0
102,64,Hombre,2021-05-25,2021-06-24,30,No,Si,No,No,No,No,No,No,No,No seleccionados,No seleccionados,No seleccionados,No seleccionados,No seleccionados,No seleccionados,No seleccionados,No seleccionados,No seleccionados,No seleccionados,No seleccionados,No seleccionados,,No,Seleccionados,No seleccionados,No seleccionados,No seleccionados,No seleccionados,No,No,No,No seleccionados,No seleccionados,No seleccionados,No seleccionados,No seleccionados,Seleccionados,No seleccionados,No,"Si, con hemodialisis",No,No,No,No,No,No,No,No,No,No information,2021-05-17,No,No,Si,Si,No,Seleccionados,No seleccionados,No seleccionados,No seleccionados,No seleccionados,No seleccionados,No seleccionados,No seleccionados,No,Seleccionados,No seleccionados,No seleccionados,No seleccionados,No seleccionados,No aplica,Shock  septico,67,172,"22,6",126.0,64.0,85,92.0,11.02,No,No,No,No,No,20580.0,670,18430,"11,3",27000.0,187,"16,1",No information,"3,26","22,3",No information,No information,No information,No information,3,134,"12,5","11,8",Positivo,No,No,No,No,No,No,No,No,Lactoccocus,Si,Si,2021-05-28,66.0,No,No seleccionados,No seleccionados,No seleccionados,No seleccionados,No seleccionados,No seleccionados,No seleccionados,No seleccionados,No seleccionados,No seleccionados,No seleccionados,No seleccionados,No seleccionados,Seleccionados,No seleccionados,No seleccionados,No seleccionados,No seleccionados,No seleccionados,No seleccionados,No information,2021-05-28,No,Si,Nativa,Aguda,Definitivo,no,No,No,No,Seleccionados,No seleccionados,No seleccionados,No seleccionados,Si,No,No,No,Si,No,No,Si,No,Si,Seleccionados,Seleccionados,No seleccionados,Seleccionados,No seleccionados,No seleccionados,No seleccionados,No seleccionados,No seleccionados,Seleccionados,No seleccionados,No seleccionados,No seleccionados,No seleccionados,No seleccionados,No seleccionados,No seleccionados,No seleccionados,No seleccionados,No information,42.0,No,,,,,No seleccionados,No seleccionados,No seleccionados,No seleccionados,No seleccionados,No seleccionados,No seleccionados,No seleccionados,Si,8,No,No,No,Vivo,,0
103,14,Mujer,2021-06-01,2021-07-06,35,No,No,No,No,No,No,No,No,No,No seleccionados,No seleccionados,No seleccionados,No seleccionados,No seleccionados,No seleccionados,No seleccionados,No seleccionados,No seleccionados,No seleccionados,No seleccionados,No seleccionados,,No,Seleccionados,No seleccionados,No seleccionados,No seleccionados,No seleccionados,No,No,No,Seleccionados,No seleccionados,No seleccionados,No seleccionados,No seleccionados,No seleccionados,No seleccionados,No,No,No,No,No,No,No,No,No,No,No,No information,2021-05-24,Si,Si,Si,No,Si,Seleccionados,No seleccionados,No seleccionados,No seleccionados,No seleccionados,No seleccionados,No seleccionados,No seleccionados,No,Seleccionados,No seleccionados,No seleccionados,No seleccionados,No seleccionados,No aplica,Shock  septico,50,150,"22,2",130.0,76.0,94,136.0,30.0,Si,Si,No,No,Si,11740.0,980,10270,"11,6",144000.0,101,"31,42",No information,"0,38","5,9",No information,425,No information,577,"4,17",130,92,112,Positivo,"Si, meticilino resistente",No,No,No,No,No,No,No,No information,Si,Si,2021-06-13,60.0,No,No seleccionados,No seleccionados,No seleccionados,No seleccionados,No seleccionados,No seleccionados,No seleccionados,No seleccionados,No seleccionados,No seleccionados,No seleccionados,No seleccionados,No seleccionados,No seleccionados,No seleccionados,No seleccionados,No seleccionados,No seleccionados,Seleccionados,No seleccionados,Pared ventriculo derecho,2021-06-13,Si,Si,Nativa,Subaguda,Posible,no,No,No,No,Seleccionados,No seleccionados,No seleccionados,No seleccionados,Si,No,Si,No,Si,No,No,No,No,Si,Seleccionados,Seleccionados,No seleccionados,No seleccionados,No seleccionados,No seleccionados,No seleccionados,No seleccionados,No seleccionados,No seleccionados,No seleccionados,Seleccionados,Seleccionados,No seleccionados,No seleccionados,No seleccionados,No seleccionados,Seleccionados,No seleccionados,Linezolid,56.0,No,,,,,No seleccionados,No seleccionados,No seleccionados,No seleccionados,No seleccionados,No seleccionados,No seleccionados,No seleccionados,Si,23,No,No,Si,Vivo,,0
104,40,Hombre,2021-05-22,2021-06-18,27,No,No,No,Sobrepeso (>=25-29.9 IMC),No,No,No,No,Si,Seleccionados,No seleccionados,No seleccionados,No seleccionados,No seleccionados,No seleccionados,No seleccionados,No seleccionados,Seleccionados,No seleccionados,Seleccionados,No seleccionados,Si,No,Seleccionados,No seleccionados,No seleccionados,No seleccionados,No seleccionados,No,No,No,Seleccionados,No seleccionados,No seleccionados,No seleccionados,No seleccionados,No seleccionados,No seleccionados,No,No,No,No,No,No,No,No,Si,Si,No,Multiples tatuajes,2021-05-29,Si,No,Si,No,Si,Seleccionados,No seleccionados,No seleccionados,No seleccionados,No seleccionados,No seleccionados,No seleccionados,No seleccionados,No,Seleccionados,No seleccionados,No seleccionados,No seleccionados,No seleccionados,No aplica,Sepsis,"77,7",173,26,116.0,58.0,77,120.0,20.0,No,No,No,Si,No,7840.0,1560,5450,10,421000.0,"12,2","11,05",No information,"0,93","10,7",No information,"243,5",No information,No information,"4,26","136,9","130,5","131,3",Positivo,No,S. epidermidis,No,No,No,No,No,No,No information,Si,Si,2021-06-06,30.0,Si,Seleccionados,No seleccionados,No seleccionados,No seleccionados,No seleccionados,No seleccionados,No seleccionados,Seleccionados,Seleccionados,No seleccionados,No seleccionados,No seleccionados,Seleccionados,No seleccionados,No seleccionados,No seleccionados,No seleccionados,No seleccionados,No seleccionados,No seleccionados,No information,2021-06-06,Si,Si,Nativa,Aguda,Definitivo,no,No,Si,No,No seleccionados,Seleccionados,No seleccionados,No seleccionados,No,No,Si,No,No,No,No,No,No,Si,No seleccionados,No seleccionados,No seleccionados,No seleccionados,No seleccionados,No seleccionados,No seleccionados,No seleccionados,No seleccionados,No seleccionados,No seleccionados,Seleccionados,Seleccionados,No seleccionados,No seleccionados,No seleccionados,No seleccionados,No seleccionados,No seleccionados,No information,56.0,Si,Abierta,Protesis mecanica,Ninguno,No,Seleccionados,No seleccionados,No seleccionados,No seleccionados,No seleccionados,No seleccionados,No seleccionados,No seleccionados,Si,10,No,Si,No,Vivo,,0
105,65,Mujer,2022-09-17,2022-10-11,24,Si,No,No,Obesidad (>=30 IMC),No,No,No,No,No,No seleccionados,No seleccionados,No seleccionados,No seleccionados,No seleccionados,No seleccionados,No seleccionados,No seleccionados,No seleccionados,No seleccionados,No seleccionados,No seleccionados,,No,Seleccionados,No seleccionados,No seleccionados,No seleccionados,No seleccionados,No,No,No,Seleccionados,No seleccionados,No seleccionados,No seleccionados,No seleccionados,No seleccionados,No seleccionados,No,No,No,No,No,No,No,No,No,No,No,No information,2022-09-08,Si,No,Si,No,No,Seleccionados,No seleccionados,No seleccionados,No seleccionados,No seleccionados,No seleccionados,No seleccionados,No seleccionados,No,Seleccionados,No seleccionados,No seleccionados,No seleccionados,No seleccionados,No aplica,Shock  septico,110,165,"40,4",140.0,50.0,80,80.0,18.0,No,No,No,No,No,18250.0,1060,13190,"12,9",187000.0,103,"23,1",No information,"1,1","35,1",2240,No information,No information,No information,"4,18","141,8","10,79","11,5",Positivo,"Si, meticilino resistente",No,No,No,No,No,No,No,No information,Si,Si,2022-09-15,60.0,Si,Seleccionados,No seleccionados,No seleccionados,No seleccionados,No seleccionados,No seleccionados,No seleccionados,Seleccionados,No seleccionados,No seleccionados,No seleccionados,No seleccionados,No seleccionados,Seleccionados,No seleccionados,No seleccionados,No seleccionados,No seleccionados,No seleccionados,No seleccionados,No information,2022-09-15,Si,Si,Nativa,Aguda,Definitivo,Otro,No,No,No,Seleccionados,No seleccionados,No seleccionados,No seleccionados,No,No,No,No,No,No,No,No,No,Si,No seleccionados,No seleccionados,No seleccionados,No seleccionados,No seleccionados,No seleccionados,No seleccionados,No seleccionados,No seleccionados,No seleccionados,No seleccionados,Seleccionados,Seleccionados,No seleccionados,No seleccionados,No seleccionados,No seleccionados,No seleccionados,No seleccionados,No information,43.0,No,,,,,No seleccionados,No seleccionados,No seleccionados,No seleccionados,No seleccionados,No seleccionados,No seleccionados,No seleccionados,Si,9,No,No,Si,Vivo,,0
106,34,Mujer,2021-09-29,2021-12-16,78,Si,No,No,Obesidad (>=30 IMC),No,No,No,No,No,No seleccionados,No seleccionados,No seleccionados,No seleccionados,No seleccionados,No seleccionados,No seleccionados,No seleccionados,No seleccionados,No seleccionados,No seleccionados,No seleccionados,,No,Seleccionados,No seleccionados,No seleccionados,No seleccionados,No seleccionados,No,No,No,No seleccionados,Seleccionados,No seleccionados,No seleccionados,No seleccionados,No seleccionados,No seleccionados,No,"Si, con hemodialisis",No,No,No,Si,No,No,No,Si,No,No information,2021-09-29,Si,No,No,Si,No,Seleccionados,No seleccionados,No seleccionados,No seleccionados,No seleccionados,No seleccionados,No seleccionados,No seleccionados,No,Seleccionados,No seleccionados,No seleccionados,No seleccionados,No seleccionados,No aplica,No,"83,3",166,"30,2",80.0,50.0,60,130.0,17.0,No,No,No,No,No,21930.0,980,19960,"10,6",210000.0,No information,15,No information,5,"34,6",569,No information,No information,No information,"4,5",139,"34,7",30,Positivo,"Si, meticilino sensible",No,No,No,No,No,No,No,No information,Si,Si,2021-09-30,65.0,Si,No seleccionados,No seleccionados,Seleccionados,No seleccionados,No seleccionados,No seleccionados,Seleccionados,No seleccionados,No seleccionados,No seleccionados,No seleccionados,No seleccionados,No seleccionados,No seleccionados,Seleccionados,No seleccionados,No seleccionados,No seleccionados,No seleccionados,No seleccionados,No information,2021-09-30,Si,Si,Asociada a cateter,Aguda,Definitivo,no,No,No,No,Seleccionados,No seleccionados,No seleccionados,No seleccionados,No,No,No,No,No,No,No,No,No,Si,No seleccionados,Seleccionados,No seleccionados,No seleccionados,No seleccionados,No seleccionados,No seleccionados,Seleccionados,No seleccionados,No seleccionados,No seleccionados,No seleccionados,No seleccionados,No seleccionados,Seleccionados,No seleccionados,No seleccionados,No seleccionados,No seleccionados,No information,42.0,No,,,,,No seleccionados,No seleccionados,No seleccionados,No seleccionados,No seleccionados,No seleccionados,No seleccionados,No seleccionados,Si,9,No,No,No,Vivo,,0
107,51,Hombre,2017-04-27,2017-05-06,9,Si,No,No,Obesidad (>=30 IMC),Si,No,No,No,No,No seleccionados,No seleccionados,No seleccionados,No seleccionados,No seleccionados,No seleccionados,No seleccionados,No seleccionados,No seleccionados,No seleccionados,No seleccionados,No seleccionados,,No,Seleccionados,No seleccionados,No seleccionados,No seleccionados,No seleccionados,No,No,Si,Seleccionados,No seleccionados,No seleccionados,No seleccionados,No seleccionados,No seleccionados,No seleccionados,No,"Si, sin dialisis",No,No,No,No,No,Si,No,No,No,No information,2017-04-27,No,No,Si,No,No,Seleccionados,No seleccionados,No seleccionados,No seleccionados,No seleccionados,No seleccionados,No seleccionados,No seleccionados,No,Seleccionados,No seleccionados,No seleccionados,No seleccionados,No seleccionados,No aplica,No,89,171,"30,3",94.0,74.0,81,87.0,18.0,No,No,Si,No,Si,7440.0,1160,5600,"8,2",352000.0,114,"4,38",No information,"2,37","24,3",No information,51,No information,468,"3,45",135,"25,2","34,5",Positivo,No,S. warneri,No,No,No,No,No,No,No information,Si,Si,2017-04-30,65.0,Si,Seleccionados,No seleccionados,No seleccionados,No seleccionados,No seleccionados,No seleccionados,No seleccionados,No seleccionados,Seleccionados,No seleccionados,No seleccionados,No seleccionados,No seleccionados,No seleccionados,Seleccionados,No seleccionados,No seleccionados,No seleccionados,No seleccionados,No seleccionados,No information,2017-04-30,Si,Si,Nativa,Aguda,Definitivo,no,No,No,No,Seleccionados,No seleccionados,No seleccionados,No seleccionados,No,No,No,No,No,No,No,No,No,Si,Seleccionados,Seleccionados,No seleccionados,No seleccionados,No seleccionados,No seleccionados,No seleccionados,No seleccionados,No seleccionados,No seleccionados,No seleccionados,No seleccionados,No seleccionados,No seleccionados,Seleccionados,No seleccionados,No seleccionados,No seleccionados,No seleccionados,No information,56.0,No,,,,,No seleccionados,No seleccionados,No seleccionados,No seleccionados,No seleccionados,No seleccionados,No seleccionados,No seleccionados,Si,8,Si,Si,Si,Vivo,,0
108,53,Hombre,2017-05-04,2017-06-14,41,Si,Si,No,No,Si,No,Si,No,No,No seleccionados,No seleccionados,No seleccionados,No seleccionados,No seleccionados,No seleccionados,No seleccionados,No seleccionados,No seleccionados,No seleccionados,No seleccionados,No seleccionados,,No,Seleccionados,No seleccionados,No seleccionados,No seleccionados,No seleccionados,No,No,No,Seleccionados,No seleccionados,No seleccionados,No seleccionados,No seleccionados,No seleccionados,No seleccionados,No,"Si, sin dialisis",No,No,No,No,No,No,No,Si,No,No information,2017-04-13,Si,No,No,Si,No,Seleccionados,No seleccionados,No seleccionados,No seleccionados,No seleccionados,No seleccionados,No seleccionados,No seleccionados,No,Seleccionados,No seleccionados,No seleccionados,No seleccionados,No seleccionados,Stevenson A,Shock  septico,70,184,"20,7",120.0,51.0,74,115.0,20.0,No,No,No,No,No,19250.0,2130,16230,"7,3",54000.0,8,"33,91",No information,"2,82","48,4",266,No information,No information,"94,9","4,69",138,132,100,Positivo,"Si, meticilino resistente",No,No,No,No,No,No,No,No information,Si,Si,2015-05-05,65.0,No,No seleccionados,No seleccionados,No seleccionados,No seleccionados,No seleccionados,No seleccionados,No seleccionados,No seleccionados,No seleccionados,No seleccionados,No seleccionados,No seleccionados,No seleccionados,No seleccionados,Seleccionados,No seleccionados,No seleccionados,No seleccionados,No seleccionados,No seleccionados,No information,2017-05-05,Si,Si,Nativa,Subaguda,Definitivo,Otro,ACV isquemico,No,Si,Seleccionados,No seleccionados,No seleccionados,No seleccionados,Si,No,Si,No,Si,No,No,No,No,Si,No seleccionados,Seleccionados,No seleccionados,No seleccionados,No seleccionados,No seleccionados,No seleccionados,No seleccionados,No seleccionados,No seleccionados,No seleccionados,No seleccionados,Seleccionados,No seleccionados,No seleccionados,No seleccionados,No seleccionados,Seleccionados,No seleccionados,Linezolid,56.0,No,,,,,No seleccionados,No seleccionados,No seleccionados,No seleccionados,No seleccionados,No seleccionados,No seleccionados,No seleccionados,Si,30,Si,Si,Si,Vivo,,0
109,80,Mujer,2017-10-24,2017-11-07,14,Si,Si,No,Obesidad (>=30 IMC),No,No,No,No,No,No seleccionados,No seleccionados,No seleccionados,No seleccionados,No seleccionados,No seleccionados,No seleccionados,No seleccionados,No seleccionados,No seleccionados,No seleccionados,No seleccionados,,No,Seleccionados,No seleccionados,No seleccionados,No seleccionados,No seleccionados,No,No,Si,Seleccionados,No seleccionados,No seleccionados,No seleccionados,No seleccionados,No seleccionados,No seleccionados,No,No,No,No,No,No,Urologico,No,No,No,No,Infeccion urinaria y artritis septica,2017-10-24,Si,No,Si,Si,No,Seleccionados,No seleccionados,No seleccionados,No seleccionados,No seleccionados,No seleccionados,No seleccionados,No seleccionados,No,Seleccionados,No seleccionados,No seleccionados,No seleccionados,No seleccionados,No aplica,Shock  septico,"98,3",156,"40,4",107.0,46.0,"66,3",99.0,20.0,No,No,No,No,No,21090.0,1330,18050,"9,2",156000.0,"106,9","45,49",No information,"0,8",27,116,No information,No information,No information,"3,72",147,"41,6","23,8",Positivo,"Si, meticilino sensible",No,No,No,No,No,No,No,No information,Si,Si,2017-11-01,70.0,Si,Seleccionados,No seleccionados,No seleccionados,No seleccionados,No seleccionados,No seleccionados,No seleccionados,No seleccionados,Seleccionados,No seleccionados,No seleccionados,No seleccionados,No seleccionados,No seleccionados,Seleccionados,No seleccionados,No seleccionados,No seleccionados,No seleccionados,No seleccionados,No information,2017-11-01,Si,Si,Nativa,Aguda,Definitivo,Periferico,No,No,No,Seleccionados,No seleccionados,No seleccionados,No seleccionados,Si,No,No,No,No,No,Si,No,No,Si,No seleccionados,Seleccionados,No seleccionados,No seleccionados,No seleccionados,No seleccionados,No seleccionados,No seleccionados,No seleccionados,No seleccionados,No seleccionados,No seleccionados,No seleccionados,No seleccionados,Seleccionados,No seleccionados,No seleccionados,No seleccionados,No seleccionados,No information,10.0,No,,,,,No seleccionados,No seleccionados,No seleccionados,No seleccionados,No seleccionados,No seleccionados,No seleccionados,No seleccionados,Si,15,No,Si,Si,Muerto,Cardiovascular,1
110,75,Hombre,2021-09-14,2021-10-21,37,No,Si,No,Obesidad (>=30 IMC),No,No,Si,No,Si,Seleccionados,No seleccionados,No seleccionados,No seleccionados,No seleccionados,No seleccionados,No seleccionados,Seleccionados,No seleccionados,No seleccionados,Seleccionados,No seleccionados,Si,No,Seleccionados,No seleccionados,No seleccionados,No seleccionados,No seleccionados,No,No,No,Seleccionados,No seleccionados,No seleccionados,No seleccionados,No seleccionados,No seleccionados,No seleccionados,No,"Si, con dialisis peritoneal",No,No,No,No,No,No,No,Si,No,No information,2021-09-14,No,No,Si,Si,No,Seleccionados,No seleccionados,No seleccionados,No seleccionados,No seleccionados,No seleccionados,No seleccionados,No seleccionados,No,Seleccionados,No seleccionados,No seleccionados,No seleccionados,No seleccionados,No aplica,No,80,153,"34,17",115.0,59.0,79,103.0,20.0,No,No,No,No,No,17800.0,850,14900,"9,2",45000.0,No information,"6,98",No information,"2,83","56,9",70000,No information,No information,"1,37","5,4",122,"35,7","12,3",Positivo,No,S. epidermidis,No,No,No,No,Candida spp,Si,No information,Si,Si,2021-09-16,55.0,No,No seleccionados,No seleccionados,No seleccionados,No seleccionados,No seleccionados,No seleccionados,No seleccionados,No seleccionados,No seleccionados,No seleccionados,No seleccionados,No seleccionados,No seleccionados,No seleccionados,Seleccionados,No seleccionados,No seleccionados,No seleccionados,No seleccionados,No seleccionados,No information,2021-09-16,Si,Si,Protesica,Aguda,Definitivo,Periferico,ACV isquemico,No,No,Seleccionados,No seleccionados,No seleccionados,No seleccionados,No,No,No,No,No,No,No,No,No,Si,No seleccionados,Seleccionados,No seleccionados,Seleccionados,No seleccionados,No seleccionados,No seleccionados,No seleccionados,No seleccionados,No seleccionados,No seleccionados,No seleccionados,No seleccionados,No seleccionados,No seleccionados,No seleccionados,No seleccionados,Seleccionados,No seleccionados,Caspofungina,42.0,No,,,,,No seleccionados,No seleccionados,No seleccionados,No seleccionados,No seleccionados,No seleccionados,No seleccionados,No seleccionados,Si,37,No,Si,No,Muerto,Cardiovascular,1
111,59,Mujer,2020-03-10,2020-06-19,101,Si,Si,Si,Obesidad (>=30 IMC),No,No,No,No,No,No seleccionados,No seleccionados,No seleccionados,No seleccionados,No seleccionados,No seleccionados,No seleccionados,No seleccionados,No seleccionados,No seleccionados,No seleccionados,No seleccionados,,No,Seleccionados,No seleccionados,No seleccionados,No seleccionados,No seleccionados,No,No,Si,No seleccionados,No seleccionados,Seleccionados,No seleccionados,No seleccionados,No seleccionados,No seleccionados,No,No,No,No,No,No,Gastrointestinal,No,No,No,No,No information,2020-03-21,Si,No,Si,No,No,Seleccionados,No seleccionados,No seleccionados,No seleccionados,No seleccionados,No seleccionados,No seleccionados,No seleccionados,No,Seleccionados,No seleccionados,No seleccionados,No seleccionados,No seleccionados,No aplica,No,"108,5",172,"35,7",124.0,73.0,90,63.0,18.0,No,No,No,No,Si,11380.0,230,10750,"9,3",73000.0,"13,44","14,4",No information,"0,76","19,7",315,"4,2",No information,369,"4,65","130,8","45,5",35,Positivo,No,No,No,E. gallinarum,No,No,No,No,No information,Si,Si,2020-04-07,65.0,No,No seleccionados,No seleccionados,No seleccionados,No seleccionados,No seleccionados,No seleccionados,No seleccionados,No seleccionados,No seleccionados,No seleccionados,No seleccionados,No seleccionados,No seleccionados,Seleccionados,No seleccionados,No seleccionados,No seleccionados,No seleccionados,No seleccionados,No seleccionados,No information,2020-04-07,No,Si,Nativa,Subaguda,Definitivo,no,No,No,No,No seleccionados,No seleccionados,Seleccionados,No seleccionados,Si,No,Si,No,Si,No,Si,No,No,Si,Seleccionados,No seleccionados,No seleccionados,No seleccionados,No seleccionados,No seleccionados,No seleccionados,No seleccionados,No seleccionados,No seleccionados,No seleccionados,No seleccionados,No seleccionados,No seleccionados,No seleccionados,Seleccionados,No seleccionados,No seleccionados,No seleccionados,No information,42.0,No,,,,,No seleccionados,No seleccionados,No seleccionados,No seleccionados,No seleccionados,No seleccionados,No seleccionados,No seleccionados,Si,20,No,Si,No,Vivo,,0
112,73,Hombre,2018-02-27,2018-03-01,2,Si,Si,No,No,No,No,No,Si,Si,No seleccionados,No seleccionados,Seleccionados,No seleccionados,No seleccionados,No seleccionados,Seleccionados,No seleccionados,No seleccionados,No seleccionados,No seleccionados,No seleccionados,Si,No,Seleccionados,No seleccionados,No seleccionados,No seleccionados,No seleccionados,No,No,No,Seleccionados,No seleccionados,No seleccionados,No seleccionados,No seleccionados,No seleccionados,No seleccionados,No,"Si, sin dialisis",No,No,No,No,No,Si,No,No,No,No information,2018-02-21,No,Si,No,No,No,No seleccionados,No seleccionados,No seleccionados,No seleccionados,No seleccionados,No seleccionados,Seleccionados,No seleccionados,No,Seleccionados,No seleccionados,No seleccionados,No seleccionados,No seleccionados,No aplica,Shock  septico,64,166,"23,2",88.0,43.0,58,87.0,20.0,No,No,No,No,Si,13860.0,1110,11500,"9,4",243000.0,No information,"8,04",No information,"1,77",47,No information,No information,No information,No information,"5,04",130,139,218,Negativo,No,No,No,No,No,No,No,No,No information,No,Si,2018-02-28,46.0,Si,No seleccionados,Seleccionados,No seleccionados,No seleccionados,No seleccionados,No seleccionados,No seleccionados,No seleccionados,Seleccionados,No seleccionados,Seleccionados,No seleccionados,No seleccionados,Seleccionados,No seleccionados,No seleccionados,No seleccionados,No seleccionados,No seleccionados,No seleccionados,No information,2018-02-28,Si,Si,Protesica,Aguda,Definitivo,no,ACV isquemico,Si,No,Seleccionados,No seleccionados,No seleccionados,No seleccionados,Si,No,No,No,No,No,No,No,No,Si,Seleccionados,Seleccionados,No seleccionados,No seleccionados,No seleccionados,No seleccionados,No seleccionados,No seleccionados,No seleccionados,No seleccionados,No seleccionados,No seleccionados,No seleccionados,No seleccionados,No seleccionados,No seleccionados,No seleccionados,No seleccionados,No seleccionados,No information,1.0,No,,,,,No seleccionados,No seleccionados,No seleccionados,No seleccionados,No seleccionados,No seleccionados,No seleccionados,No seleccionados,Si,1,Si,Si,No,Muerto,Cardiovascular,1
113,81,Hombre,2018-09-04,2018-09-07,3,Si,No,No,Sobrepeso (>=25-29.9 IMC),Si,Si,Si,No,Si,Seleccionados,No seleccionados,No seleccionados,No seleccionados,No seleccionados,No seleccionados,No seleccionados,No seleccionados,No seleccionados,No seleccionados,Seleccionados,No seleccionados,Si,No,No seleccionados,No seleccionados,No seleccionados,Seleccionados,No seleccionados,No,No,No,Seleccionados,No seleccionados,No seleccionados,No seleccionados,No seleccionados,No seleccionados,No seleccionados,No,No,No,No,No,No,No,No,No,No,No,No information,2018-09-04,Si,Si,Si,No,No,Seleccionados,No seleccionados,No seleccionados,No seleccionados,No seleccionados,No seleccionados,No seleccionados,No seleccionados,No,Seleccionados,No seleccionados,No seleccionados,No seleccionados,No seleccionados,Stevenson B,Sepsis,78,165,"28,7",106.0,57.0,73,68.0,24.0,No,No,No,No,No,16330.0,210,15330,"13,4",64000.0,No information,27,No information,"4,5",88,513,"4,2",No information,No information,"4,2",136,"61,9","22,9",Positivo,"Si, meticilino sensible",No,No,No,No,No,No,No,No information,Si,Si,2018-09-05,45.0,No,No seleccionados,No seleccionados,No seleccionados,No seleccionados,No seleccionados,No seleccionados,No seleccionados,No seleccionados,No seleccionados,No seleccionados,No seleccionados,No seleccionados,No seleccionados,Seleccionados,No seleccionados,No seleccionados,No seleccionados,No seleccionados,No seleccionados,No seleccionados,No information,2018-09-05,Si,Si,Protesica,Subaguda,Definitivo,no,No,No,No,Seleccionados,No seleccionados,No seleccionados,No seleccionados,Si,No,No,No,No,No,Si,No,No,Si,No seleccionados,Seleccionados,No seleccionados,No seleccionados,No seleccionados,No seleccionados,No seleccionados,No seleccionados,No seleccionados,No seleccionados,No seleccionados,No seleccionados,No seleccionados,No seleccionados,Seleccionados,No seleccionados,No seleccionados,No seleccionados,No seleccionados,No information,1.0,No,,,,,No seleccionados,No seleccionados,No seleccionados,No seleccionados,No seleccionados,No seleccionados,No seleccionados,No seleccionados,Si,1,Si,Si,Si,Muerto,Cardiovascular,1
114,83,Hombre,2019-02-21,2019-02-24,3,Si,No,No,No,No,No,Si,No,No,No seleccionados,No seleccionados,No seleccionados,No seleccionados,No seleccionados,No seleccionados,No seleccionados,No seleccionados,No seleccionados,No seleccionados,No seleccionados,No seleccionados,,Si,Seleccionados,No seleccionados,No seleccionados,No seleccionados,No seleccionados,No,No,No,Seleccionados,No seleccionados,No seleccionados,No seleccionados,No seleccionados,No seleccionados,No seleccionados,No,"Si, con dialisis peritoneal",No,No,No,Si,No,No,No,No,No,No information,2019-02-21,Si,No,No,Si,No,Seleccionados,No seleccionados,No seleccionados,No seleccionados,No seleccionados,No seleccionados,No seleccionados,No seleccionados,No,Seleccionados,No seleccionados,No seleccionados,No seleccionados,No seleccionados,No aplica,Sepsis,60,168,"21,3",89.0,48.0,61,68.0,16.0,No,No,No,No,No,31250.0,770,29330,"6,9",60000.0,No information,"7,58",No information,"4,9",78,No information,No information,No information,No information,"3,03",137,"49,8","40,2",Positivo,No,No,No,Otro,No,No,No,No,Enterococcusavium,Si,Si,2019-02-22,55.0,Si,Seleccionados,No seleccionados,No seleccionados,No seleccionados,No seleccionados,No seleccionados,No seleccionados,No seleccionados,Seleccionados,No seleccionados,No seleccionados,No seleccionados,No seleccionados,No seleccionados,Seleccionados,No seleccionados,No seleccionados,No seleccionados,No seleccionados,No seleccionados,No information,2019-02-22,No,Si,Nativa,Aguda,Definitivo,no,No,No,No,Seleccionados,No seleccionados,No seleccionados,No seleccionados,No,No,No,No,No,No,No,No,No,Si,No seleccionados,Seleccionados,No seleccionados,No seleccionados,No seleccionados,No seleccionados,No seleccionados,Seleccionados,No seleccionados,No seleccionados,No seleccionados,No seleccionados,No seleccionados,No seleccionados,No seleccionados,No seleccionados,No seleccionados,No seleccionados,No seleccionados,No information,1.0,No,,,,,No seleccionados,No seleccionados,No seleccionados,No seleccionados,No seleccionados,No seleccionados,No seleccionados,No seleccionados,Si,3,Si,No,Si,Muerto,No cardiovascular,1
115,84,Hombre,2020-08-12,2020-08-21,9,No,No,No,No,No,No,No,No,No,No seleccionados,No seleccionados,No seleccionados,No seleccionados,No seleccionados,No seleccionados,No seleccionados,No seleccionados,No seleccionados,No seleccionados,No seleccionados,No seleccionados,,No,Seleccionados,No seleccionados,No seleccionados,No seleccionados,No seleccionados,No,No,Si,Seleccionados,No seleccionados,No seleccionados,No seleccionados,No seleccionados,No seleccionados,No seleccionados,No,No,No,No,No,No,Urologico,No,No,No,No,ITU complicada 2 semanas previas,2020-08-12,Si,No,No,Si,No,Seleccionados,No seleccionados,No seleccionados,No seleccionados,No seleccionados,No seleccionados,No seleccionados,No seleccionados,No,Seleccionados,No seleccionados,No seleccionados,No seleccionados,No seleccionados,No aplica,No,65,165,"23,9",102.0,43.0,62,89.0,22.0,No,No,No,No,No,14660.0,690,13080,"7,2",167000.0,No information,"4,5",No information,"0,8",19,No information,No information,No information,No information,"3,7",144,"38,1","50,4",Positivo,No,No,No,No,No,Pseudomonas spp,No,No,No information,Si,Si,2020-08-18,80.0,Si,Seleccionados,No seleccionados,No seleccionados,No seleccionados,No seleccionados,No seleccionados,No seleccionados,Seleccionados,Seleccionados,No seleccionados,No seleccionados,No seleccionados,No seleccionados,Seleccionados,Seleccionados,No seleccionados,No seleccionados,No seleccionados,No seleccionados,No seleccionados,No information,2020-08-18,No,Si,Nativa,Aguda,Definitivo,no,No,No,No,Seleccionados,No seleccionados,No seleccionados,No seleccionados,Si,No,No,No,Si,No,No,No,No,Si,No seleccionados,Seleccionados,No seleccionados,Seleccionados,No seleccionados,No seleccionados,No seleccionados,No seleccionados,No seleccionados,No seleccionados,No seleccionados,No seleccionados,No seleccionados,No seleccionados,No seleccionados,No seleccionados,No seleccionados,No seleccionados,No seleccionados,No information,7.0,No,,,,,No seleccionados,No seleccionados,No seleccionados,No seleccionados,No seleccionados,No seleccionados,No seleccionados,No seleccionados,Si,9,Si,No,Si,Muerto,Cardiovascular,1
116,47,Mujer,2021-09-11,2021-09-15,4,No,Si,Si,Obesidad (>=30 IMC),No,No,No,No,No,No seleccionados,No seleccionados,No seleccionados,No seleccionados,No seleccionados,No seleccionados,No seleccionados,No seleccionados,No seleccionados,No seleccionados,No seleccionados,No seleccionados,,No,No seleccionados,No seleccionados,No seleccionados,Seleccionados,No seleccionados,No,No,No,Seleccionados,No seleccionados,No seleccionados,No seleccionados,No seleccionados,No seleccionados,No seleccionados,No,No,No,Hipotiroidismo,No,No,No,Si,No,No,No,No information,2021-09-07,No,No,No,Si,No,Seleccionados,No seleccionados,No seleccionados,No seleccionados,No seleccionados,No seleccionados,No seleccionados,No seleccionados,No,Seleccionados,No seleccionados,No seleccionados,No seleccionados,No seleccionados,No aplica,Sepsis,"121,75",175,"39,7",140.0,70.0,96,98.0,20.0,No,No,No,No,No,24810.0,3040,19010,"9,7",93000.0,No information,"11,69",No information,"0,69","5,9",No information,No information,No information,No information,"3,99",136,101,30,Positivo,No,S. epidermidis,No,No,No,No,No,Si,Staphylococcuslugdunensis,Si,Si,2021-09-14,60.0,Si,Seleccionados,No seleccionados,No seleccionados,No seleccionados,No seleccionados,No seleccionados,No seleccionados,No seleccionados,No seleccionados,No seleccionados,Seleccionados,No seleccionados,No seleccionados,No seleccionados,No seleccionados,No seleccionados,Seleccionados,No seleccionados,Seleccionados,No seleccionados,Auricula derecha ,2021-09-14,Si,Si,Nativa,Aguda,Definitivo,Otro,No,No,No,Seleccionados,No seleccionados,No seleccionados,No seleccionados,Si,No,No,No,No,No,No,No,No,Si,No seleccionados,Seleccionados,No seleccionados,No seleccionados,No seleccionados,No seleccionados,No seleccionados,No seleccionados,No seleccionados,No seleccionados,No seleccionados,No seleccionados,No seleccionados,No seleccionados,No seleccionados,No seleccionados,No seleccionados,Seleccionados,No seleccionados,Cefazolina,3.0,Si,Endovascular,Ninguno,Ninguno,Retiro percutaneo,Seleccionados,No seleccionados,No seleccionados,No seleccionados,No seleccionados,No seleccionados,No seleccionados,No seleccionados,No,4,Si,Si,No,Muerto,Cardiovascular,1
117,65,Hombre,2021-05-22,2021-06-03,12,No,Si,No,Sobrepeso (>=25-29.9 IMC),No,Si,No,No,Si,Seleccionados,No seleccionados,No seleccionados,No seleccionados,No seleccionados,No seleccionados,No seleccionados,Seleccionados,No seleccionados,No seleccionados,Seleccionados,No seleccionados,Si,No,No seleccionados,No seleccionados,No seleccionados,Seleccionados,No seleccionados,Si,No,No,Seleccionados,No seleccionados,No seleccionados,No seleccionados,No seleccionados,No seleccionados,No seleccionados,No,"Si, con hemodialisis",No,No,No,No,No,No,No,No,No,No information,2021-05-21,Si,No,Si,No,No,Seleccionados,No seleccionados,No seleccionados,No seleccionados,No seleccionados,No seleccionados,No seleccionados,No seleccionados,No,Seleccionados,No seleccionados,No seleccionados,No seleccionados,No seleccionados,No aplica,Sepsis,82,174,"27,1",166.0,77.0,106,90.0,18.0,No,No,No,No,No,9840.0,390,8800,"10,8",201000.0,No information,"1,74",No information,"5,11",76,No information,No information,No information,No information,"5,19",145,"13,6",10,Positivo,No,No,S. pyogenes,No,Haemophilus spp,No,Candida spp,Si,No information,Si,Si,2021-05-24,50.0,Si,Seleccionados,No seleccionados,No seleccionados,No seleccionados,No seleccionados,No seleccionados,No seleccionados,No seleccionados,No seleccionados,No seleccionados,Seleccionados,No seleccionados,No seleccionados,No seleccionados,Seleccionados,No seleccionados,No seleccionados,No seleccionados,No seleccionados,No seleccionados,No information,2021-05-24,Si,Si,Protesica,Aguda,Definitivo,no,No,No,No,Seleccionados,No seleccionados,No seleccionados,No seleccionados,No,No,No,No,No,No,No,No,No,Si,Seleccionados,Seleccionados,No seleccionados,No seleccionados,No seleccionados,No seleccionados,No seleccionados,No seleccionados,No seleccionados,No seleccionados,No seleccionados,No seleccionados,No seleccionados,No seleccionados,No seleccionados,No seleccionados,No seleccionados,No seleccionados,No seleccionados,No information,14.0,No,,,,,No seleccionados,No seleccionados,No seleccionados,No seleccionados,No seleccionados,No seleccionados,No seleccionados,No seleccionados,No,0,No,No,No,Vivo,,0
118,76,Hombre,2021-01-16,2021-01-25,9,Si,No,No,No,Si,No,No,No,Si,No seleccionados,No seleccionados,Seleccionados,No seleccionados,No seleccionados,No seleccionados,Seleccionados,No seleccionados,No seleccionados,No seleccionados,No seleccionados,No seleccionados,Si,No,Seleccionados,No seleccionados,No seleccionados,No seleccionados,No seleccionados,No,No,No,Seleccionados,No seleccionados,No seleccionados,No seleccionados,No seleccionados,No seleccionados,No seleccionados,No,"Si, sin dialisis",No,No,No,No,No,No,No,No,No,No information,2021-01-08,Si,Si,Si,No,Si,Seleccionados,No seleccionados,No seleccionados,No seleccionados,No seleccionados,No seleccionados,No seleccionados,No seleccionados,No,Seleccionados,No seleccionados,No seleccionados,No seleccionados,No seleccionados,No aplica,No,50,170,"17,3",92.0,62.0,72,78.0,17.0,No,No,No,No,No,22740.0,690,20850,"9,7",34000.0,415,"29,4",No information,"1,93","60,4",42955,No information,No information,,"4,6",132,100,310,Positivo,"Si, meticilino sensible",No,No,No,No,No,No,No,No information,Si,Si,2021-01-18,45.0,Si,No seleccionados,Seleccionados,No seleccionados,No seleccionados,No seleccionados,No seleccionados,Seleccionados,No seleccionados,No seleccionados,No seleccionados,No seleccionados,No seleccionados,No seleccionados,Seleccionados,No seleccionados,Seleccionados,No seleccionados,No seleccionados,No seleccionados,No seleccionados,No information,2021-01-18,Si,Si,Protesica,Aguda,Definitivo,no,ACV hemorragico,Si,No,Seleccionados,No seleccionados,Seleccionados,No seleccionados,Si,No,No,No,No,No,No,No,No,Si,No seleccionados,Seleccionados,No seleccionados,No seleccionados,No seleccionados,No seleccionados,No seleccionados,Seleccionados,No seleccionados,No seleccionados,No seleccionados,No seleccionados,No seleccionados,Seleccionados,Seleccionados,No seleccionados,No seleccionados,No seleccionados,No seleccionados,No information,8.0,No,,,,,No seleccionados,No seleccionados,No seleccionados,No seleccionados,No seleccionados,No seleccionados,No seleccionados,No seleccionados,Si,8,Si,Si,No,Muerto,Cardiovascular,1
119,69,Hombre,2017-01-09,2017-04-02,83,Si,No,Si,No,Si,No,Si,No,Si,Seleccionados,No seleccionados,No seleccionados,No seleccionados,No seleccionados,No seleccionados,No seleccionados,No seleccionados,No seleccionados,No seleccionados,Seleccionados,No seleccionados,Si,No,Seleccionados,No seleccionados,No seleccionados,No seleccionados,No seleccionados,No,No,Si,No seleccionados,No seleccionados,No seleccionados,Seleccionados,No seleccionados,No seleccionados,No seleccionados,No,No,Si,No,No,No,No,No,Si,Si,No,No information,2016-12-24,No,Si,No,Si,Si,Seleccionados,No seleccionados,No seleccionados,No seleccionados,No seleccionados,No seleccionados,No seleccionados,No seleccionados,No,Seleccionados,No seleccionados,No seleccionados,No seleccionados,No seleccionados,Stevenson B,No,50,178,"15,8",153.0,59.0,87,98.0,18.0,No,No,Si,No,Si,20750.0,550,19720,"7,2",169000.0,No information,"7,12",No information,"0,7",21,24293,No information,No information,No information,"4,3",125,52,"34,8",Positivo,No,No,S. viridans,No,No,No,No,No,No information,Si,Si,2017-01-11,65.0,Si,Seleccionados,No seleccionados,No seleccionados,No seleccionados,No seleccionados,No seleccionados,No seleccionados,Seleccionados,Seleccionados,No seleccionados,Seleccionados,No seleccionados,No seleccionados,No seleccionados,Seleccionados,No seleccionados,No seleccionados,No seleccionados,No seleccionados,No seleccionados,No information,2017-01-11,No,Si,Nativa,Subaguda,Definitivo,no,ACV hemorragico,Si,No,Seleccionados,No seleccionados,No seleccionados,No seleccionados,No,No,No,Si,Si,No,No,No,No,Si,Seleccionados,Seleccionados,No seleccionados,No seleccionados,No seleccionados,No seleccionados,No seleccionados,No seleccionados,No seleccionados,No seleccionados,No seleccionados,No seleccionados,No seleccionados,No seleccionados,No seleccionados,No seleccionados,No seleccionados,No seleccionados,No seleccionados,No information,32.0,Si,Endovascular,Protesis biologica,Ninguno,No,Seleccionados,No seleccionados,No seleccionados,No seleccionados,No seleccionados,No seleccionados,No seleccionados,No seleccionados,Si,20,Si,No,Si,Muerto,No cardiovascular,1
120,26,Hombre,2017-03-16,2017-05-02,47,No,No,No,No,No,No,No,No,No,No seleccionados,No seleccionados,No seleccionados,No seleccionados,No seleccionados,No seleccionados,No seleccionados,No seleccionados,No seleccionados,No seleccionados,No seleccionados,No seleccionados,,No,Seleccionados,No seleccionados,No seleccionados,No seleccionados,No seleccionados,No,No,No,Seleccionados,No seleccionados,No seleccionados,No seleccionados,No seleccionados,No seleccionados,No seleccionados,No,No,No,No,No,No,No,No,No,No,Si,Desnutricion ,2017-03-16,Si,Si,No,Si,Si,Seleccionados,No seleccionados,No seleccionados,No seleccionados,No seleccionados,No seleccionados,No seleccionados,No seleccionados,No,Seleccionados,No seleccionados,No seleccionados,No seleccionados,No seleccionados,No aplica,No,57,180,"17,6",83.0,50.0,61,116.0,26.0,No,Si,Si,No,No,12890.0,1760,9510,"7,8",413000.0,58,"12,17",No information,"0,86","12,3",No information,No information,No information,No information,"4,56",137,"8,1","7,3",Positivo,"Si, meticilino sensible",S. epidermidis,No,No,No,Serratia marcescens,No,Si,No information,Si,Si,2017-03-17,70.0,Si,Seleccionados,No seleccionados,No seleccionados,No seleccionados,No seleccionados,No seleccionados,No seleccionados,No seleccionados,No seleccionados,No seleccionados,Seleccionados,No seleccionados,No seleccionados,No seleccionados,Seleccionados,No seleccionados,No seleccionados,No seleccionados,No seleccionados,No seleccionados,No information,2017-03-17,No,Si,Nativa,Aguda,Definitivo,Pulmon,No,No,No,Seleccionados,No seleccionados,No seleccionados,No seleccionados,No,No,No,No,No,No,No,No,No,Si,No seleccionados,Seleccionados,No seleccionados,No seleccionados,No seleccionados,No seleccionados,No seleccionados,No seleccionados,No seleccionados,No seleccionados,No seleccionados,No seleccionados,No seleccionados,No seleccionados,Seleccionados,No seleccionados,No seleccionados,No seleccionados,No seleccionados,No information,27.0,No,,,,,No seleccionados,No seleccionados,No seleccionados,No seleccionados,No seleccionados,No seleccionados,No seleccionados,No seleccionados,No,0,No,No,No,Vivo,,0
121,83,Hombre,2018-09-03,2018-09-05,2,Si,Si,Si,No,No,No,Si,No,Si,Seleccionados,No seleccionados,No seleccionados,No seleccionados,No seleccionados,No seleccionados,No seleccionados,No seleccionados,Seleccionados,No seleccionados,No seleccionados,No seleccionados,Si,Si,Seleccionados,No seleccionados,No seleccionados,No seleccionados,No seleccionados,No,No,Si,Seleccionados,No seleccionados,No seleccionados,No seleccionados,No seleccionados,No seleccionados,No seleccionados,No,"Si, sin dialisis",No,No,No,No,No,No,No,Si,No,No information,2018-08-27,Si,Si,Si,Si,Si,Seleccionados,No seleccionados,No seleccionados,No seleccionados,No seleccionados,No seleccionados,No seleccionados,No seleccionados,No,Seleccionados,No seleccionados,No seleccionados,No seleccionados,No seleccionados,No aplica,Shock  septico,68,160,"26,6",118.0,82.0,94,104.0,20.0,No,No,Si,No,No,17230.0,1290,14220,"10,5",107000.0,No information,"30,52",No information,"2,29","41,1",No information,No information,No information,No information,"5,28",140,"70,7","37,7",Positivo,No,No,No,No,No,No,Candida spp,No,No information,No,Si,2018-09-03,40.0,No,No seleccionados,No seleccionados,No seleccionados,No seleccionados,No seleccionados,No seleccionados,No seleccionados,No seleccionados,No seleccionados,No seleccionados,No seleccionados,No seleccionados,No seleccionados,Seleccionados,No seleccionados,No seleccionados,No seleccionados,No seleccionados,No seleccionados,No seleccionados,No information,2018-09-03,Si,Si,Protesica,Aguda,Definitivo,Periferico,ACV isquemico,No,No,Seleccionados,No seleccionados,No seleccionados,No seleccionados,Si,No,Si,No,Si,No,No,No,No,Si,Seleccionados,Seleccionados,No seleccionados,Seleccionados,No seleccionados,No seleccionados,No seleccionados,No seleccionados,No seleccionados,No seleccionados,No seleccionados,No seleccionados,No seleccionados,No seleccionados,No seleccionados,No seleccionados,No seleccionados,Seleccionados,No seleccionados,Caspofungina,1.0,No,,,,,No seleccionados,No seleccionados,No seleccionados,No seleccionados,No seleccionados,No seleccionados,No seleccionados,No seleccionados,Si,2,Si,Si,Si,Muerto,Cardiovascular,1
122,55,Hombre,2018-01-29,2018-02-21,23,Si,Si,Si,No,No,No,No,No,Si,No seleccionados,No seleccionados,Seleccionados,No seleccionados,No seleccionados,No seleccionados,Seleccionados,No seleccionados,No seleccionados,No seleccionados,No seleccionados,No seleccionados,No,No,Seleccionados,No seleccionados,No seleccionados,No seleccionados,No seleccionados,No,No,No,Seleccionados,No seleccionados,No seleccionados,No seleccionados,No seleccionados,No seleccionados,No seleccionados,No,No,No,No,No,No,No,Si,No,Si,No,Bacteremia hace 2 meses refractaria a atb,2017-09-29,Si,Si,Si,No,No,No seleccionados,Seleccionados,Seleccionados,No seleccionados,No seleccionados,No seleccionados,No seleccionados,No seleccionados,No,Seleccionados,No seleccionados,No seleccionados,No seleccionados,No seleccionados,Stevenson B,No,72,175,23,114.0,53.0,73,84.0,20.0,No,No,No,Si,Si,7490.0,1940,4780,"11,7",242000.0,9,"4,6",No information,"0,65",9,No information,13,No information,No information,"4,4",141,69,109,Negativo,No,No,No,No,No,No,No,No,no,No,Si,2018-01-30,60.0,Si,Seleccionados,No seleccionados,No seleccionados,No seleccionados,No seleccionados,No seleccionados,No seleccionados,Seleccionados,No seleccionados,No seleccionados,No seleccionados,No seleccionados,No seleccionados,Seleccionados,No seleccionados,No seleccionados,No seleccionados,No seleccionados,No seleccionados,No seleccionados,No information,2018-01-30,Si,Si,Nativa,Cronica,Definitivo,no,No,Si,No,No seleccionados,No seleccionados,Seleccionados,No seleccionados,No,No,No,No,No,No,No,No,No,Si,No seleccionados,Seleccionados,No seleccionados,Seleccionados,No seleccionados,No seleccionados,No seleccionados,Seleccionados,No seleccionados,No seleccionados,No seleccionados,No seleccionados,Seleccionados,No seleccionados,No seleccionados,No seleccionados,No seleccionados,Seleccionados,No seleccionados,ciprofloxacino,24.0,Si,Abierta,Protesis biologica,Ninguno,No,No seleccionados,No seleccionados,No seleccionados,Seleccionados,No seleccionados,No seleccionados,No seleccionados,No seleccionados,Si,20,Si,Si,Si,Vivo,,0
123,52,Hombre,2018-03-30,2018-04-08,9,Si,No,Si,No,No,No,No,No,No,No seleccionados,No seleccionados,No seleccionados,No seleccionados,No seleccionados,No seleccionados,No seleccionados,No seleccionados,No seleccionados,No seleccionados,No seleccionados,No seleccionados,,No,Seleccionados,No seleccionados,No seleccionados,No seleccionados,No seleccionados,No,Si,Si,Seleccionados,No seleccionados,No seleccionados,No seleccionados,No seleccionados,No seleccionados,No seleccionados,No,"Si, con hemodialisis",No,No,No,Si,No,No,No,Si,No,Masa abscedada en region mandibular izquierda 3 meses previos,2018-02-26,No,Si,No,No,No,Seleccionados,No seleccionados,No seleccionados,No seleccionados,No seleccionados,No seleccionados,No seleccionados,No seleccionados,No,Seleccionados,No seleccionados,No seleccionados,No seleccionados,No seleccionados,No aplica,Sepsis,70,182,"21,1",137.0,72.0,93,71.0,15.0,No,No,Si,No,Si,12990.0,720,11820,5,68000.0,"18,5",14,No information,"3,34",67,No information,"10,6",No information,No information,"5,6",136,45,18,Positivo,No,No,No,E. faecalis,No,Proteus  mirabilis,No,Si,No information,Si,Si,2018-03-31,60.0,Si,Seleccionados,No seleccionados,No seleccionados,No seleccionados,No seleccionados,No seleccionados,No seleccionados,Seleccionados,Seleccionados,No seleccionados,No seleccionados,No seleccionados,No seleccionados,Seleccionados,Seleccionados,No seleccionados,No seleccionados,No seleccionados,No seleccionados,No seleccionados,No information,2018-03-31,Si,Si,Nativa,Subaguda,Definitivo,no,No,No,No,Seleccionados,No seleccionados,No seleccionados,No seleccionados,Si,No,No,No,Si,No,No,No,No,Si,No seleccionados,Seleccionados,No seleccionados,Seleccionados,No seleccionados,No seleccionados,No seleccionados,No seleccionados,No seleccionados,No seleccionados,No seleccionados,No seleccionados,Seleccionados,No seleccionados,No seleccionados,No seleccionados,No seleccionados,No seleccionados,No seleccionados,No information,31.0,No,,,,,No seleccionados,No seleccionados,No seleccionados,No seleccionados,No seleccionados,No seleccionados,No seleccionados,No seleccionados,Si,10,Si,Si,Si,Muerto,No cardiovascular,1
124,74,Hombre,2018-06-01,2018-06-17,16,Si,No,No,Obesidad (>=30 IMC),Si,No,No,No,Si,Seleccionados,No seleccionados,No seleccionados,No seleccionados,No seleccionados,No seleccionados,No seleccionados,No seleccionados,Seleccionados,No seleccionados,No seleccionados,No seleccionados,Si,No,Seleccionados,No seleccionados,No seleccionados,No seleccionados,No seleccionados,No,No,No,Seleccionados,No seleccionados,No seleccionados,No seleccionados,No seleccionados,No seleccionados,No seleccionados,No,No,No,Hipotiroidismo,No,No,No,Si,No,Si,No,No information,2018-05-26,No,Si,Si,No,Si,Seleccionados,No seleccionados,No seleccionados,No seleccionados,No seleccionados,No seleccionados,No seleccionados,No seleccionados,No,Seleccionados,No seleccionados,No seleccionados,No seleccionados,No seleccionados,Stevenson C,No,80,163,"30,1",94.0,67.0,76,88.0,27.0,No,No,No,No,Si,8600.0,1470,6230,"10,3",209000.0,No information,"6,18","15,4","1,04","27,2",No information,No information,No information,No information,"3,74",142,"9,5","10,3",Positivo,"Si, meticilino resistente",No,S. gallolyticus  (bovis),No,No,No,No,No,No information,Si,Si,2018-06-07,29.0,Si,No seleccionados,Seleccionados,No seleccionados,No seleccionados,No seleccionados,No seleccionados,No seleccionados,Seleccionados,Seleccionados,No seleccionados,No seleccionados,No seleccionados,No seleccionados,Seleccionados,No seleccionados,No seleccionados,No seleccionados,No seleccionados,No seleccionados,No seleccionados,No information,2018-06-07,Si,Si,Protesica,Aguda,Definitivo,no,No,Si,No,Seleccionados,No seleccionados,No seleccionados,No seleccionados,No,No,No,No,No,No,Si,No,No,Si,Seleccionados,Seleccionados,No seleccionados,Seleccionados,No seleccionados,No seleccionados,No seleccionados,No seleccionados,No seleccionados,No seleccionados,No seleccionados,No seleccionados,No seleccionados,No seleccionados,No seleccionados,No seleccionados,No seleccionados,No seleccionados,No seleccionados,Ninguno,21.0,No,,,,,No seleccionados,No seleccionados,No seleccionados,No seleccionados,No seleccionados,No seleccionados,No seleccionados,No seleccionados,Si,12,Si,Si,No,Muerto,No cardiovascular,1
125,61,Hombre,2018-05-05,2018-07-03,59,Si,Si,Si,Sobrepeso (>=25-29.9 IMC),No,No,No,No,No,No seleccionados,No seleccionados,No seleccionados,No seleccionados,No seleccionados,No seleccionados,No seleccionados,No seleccionados,No seleccionados,No seleccionados,No seleccionados,No seleccionados,,No,Seleccionados,No seleccionados,No seleccionados,No seleccionados,No seleccionados,No,No,No,Seleccionados,No seleccionados,No seleccionados,No seleccionados,No seleccionados,No seleccionados,No seleccionados,No,"Si, con hemodialisis",No,No,No,Si,No,No,No,Si,No,No information,2018-05-01,Si,Si,Si,Si,No,Seleccionados,No seleccionados,No seleccionados,No seleccionados,No seleccionados,No seleccionados,No seleccionados,No seleccionados,No,Seleccionados,No seleccionados,No seleccionados,No seleccionados,No seleccionados,No aplica,Shock  septico,80,178,"25,2",139.0,44.0,65,99.0,27.0,No,No,No,No,No,15290.0,1000,12570,"7,2",45000.0,450,65,No information,"5,7",52,No information,No information,No information,No information,"4,4",138,32,42,Positivo,"Si, meticilino sensible",No,No,No,No,No,No,No,No information,Si,Si,2018-05-07,50.0,No,No seleccionados,No seleccionados,No seleccionados,No seleccionados,No seleccionados,No seleccionados,No seleccionados,No seleccionados,No seleccionados,No seleccionados,No seleccionados,No seleccionados,No seleccionados,No seleccionados,No seleccionados,No seleccionados,No seleccionados,Seleccionados,No seleccionados,No seleccionados,No information,2018-05-07,Si,Si,Asociada a cateter,Aguda,Definitivo,no,No,No,No,No seleccionados,No seleccionados,Seleccionados,No seleccionados,Si,No,No,No,No,No,No,No,No,Si,No seleccionados,Seleccionados,No seleccionados,Seleccionados,No seleccionados,No seleccionados,No seleccionados,No seleccionados,No seleccionados,No seleccionados,No seleccionados,No seleccionados,No seleccionados,No seleccionados,Seleccionados,No seleccionados,No seleccionados,No seleccionados,No seleccionados,No information,56.0,No,,,,,No seleccionados,No seleccionados,No seleccionados,No seleccionados,No seleccionados,No seleccionados,No seleccionados,No seleccionados,Si,58,Si,Si,Si,Muerto,No cardiovascular,1
126,79,Hombre,2018-07-10,2018-08-05,26,Si,Si,Si,No,No,No,No,No,Si,Seleccionados,No seleccionados,No seleccionados,No seleccionados,No seleccionados,No seleccionados,No seleccionados,No seleccionados,No seleccionados,No seleccionados,Seleccionados,No seleccionados,Si,No,Seleccionados,No seleccionados,No seleccionados,No seleccionados,No seleccionados,No,No,Si,Seleccionados,No seleccionados,No seleccionados,No seleccionados,No seleccionados,No seleccionados,No seleccionados,No,"Si, sin dialisis",No,No,No,No,No,No,No,No,No,No information,2018-07-08,No,No,Si,Si,No,Seleccionados,No seleccionados,No seleccionados,No seleccionados,No seleccionados,No seleccionados,No seleccionados,No seleccionados,No,Seleccionados,No seleccionados,No seleccionados,No seleccionados,No seleccionados,No aplica,No,54,172,"18,2",145.0,69.0,96,84.0,25.0,No,No,Si,No,No,15650.0,2250,12100,10,196000.0,No information,11,No information,"1,5",44,No information,No information,No information,No information,"3,9",149,26,27,Positivo,No,No,S. pyogenes,No,No,No,No,Si,Streptococcuszooepidemicus,Si,Si,2018-07-16,35.0,No,No seleccionados,No seleccionados,No seleccionados,No seleccionados,No seleccionados,No seleccionados,No seleccionados,No seleccionados,No seleccionados,No seleccionados,No seleccionados,No seleccionados,No seleccionados,No seleccionados,Seleccionados,No seleccionados,No seleccionados,No seleccionados,No seleccionados,No seleccionados,No information,2018-07-16,Si,Si,Protesica,Aguda,Definitivo,Otro,ACV hemorragico,No,No,Seleccionados,No seleccionados,No seleccionados,No seleccionados,Si,No,No,Si,No,No,No,No,No,Si,Seleccionados,Seleccionados,No seleccionados,No seleccionados,No seleccionados,No seleccionados,No seleccionados,No seleccionados,No seleccionados,No seleccionados,No seleccionados,No seleccionados,No seleccionados,No seleccionados,No seleccionados,No seleccionados,No seleccionados,No seleccionados,No seleccionados,No information,28.0,No,,,,,No seleccionados,No seleccionados,No seleccionados,No seleccionados,No seleccionados,No seleccionados,No seleccionados,No seleccionados,Si,24,No,Si,Si,Muerto,No cardiovascular,1
127,23,Mujer,2019-03-11,2019-04-08,28,No,No,No,No,Si,No,No,No,Si,No seleccionados,No seleccionados,No seleccionados,Seleccionados,No seleccionados,No seleccionados,Seleccionados,No seleccionados,No seleccionados,No seleccionados,No seleccionados,No seleccionados,Si,Si,Seleccionados,No seleccionados,No seleccionados,No seleccionados,No seleccionados,No,No,No,Seleccionados,No seleccionados,No seleccionados,No seleccionados,No seleccionados,No seleccionados,No seleccionados,No,No,No,No,Si,No,No,Si,No,No,No,Mediastinitis reciente (2 meses),2019-03-06,No,No,No,Si,Si,Seleccionados,No seleccionados,No seleccionados,No seleccionados,No seleccionados,No seleccionados,No seleccionados,No seleccionados,No,Seleccionados,No seleccionados,No seleccionados,No seleccionados,No seleccionados,Stevenson A,Shock  septico,50,154,"21,1",135.0,55.0,81,98.0,17.0,No,No,No,Si,No,7480.0,1150,5540,"8,8",228000.0,No information,"6,3",No information,"0,7",29,11038,347,No information,No information,"3,1",141,"7,4","9,4",Positivo,"Si, meticilino sensible",No,No,No,No,No,No,No,No information,Si,Si,2019-03-13,55.0,Si,Seleccionados,No seleccionados,No seleccionados,No seleccionados,No seleccionados,No seleccionados,No seleccionados,No seleccionados,No seleccionados,No seleccionados,Seleccionados,No seleccionados,No seleccionados,No seleccionados,No seleccionados,Seleccionados,Seleccionados,No seleccionados,No seleccionados,No seleccionados,No information,2019-03-13,Si,Si,Protesica,Aguda,Definitivo,no,No,Si,No,Seleccionados,No seleccionados,No seleccionados,No seleccionados,No,No,No,No,No,No,No,No,Si,Si,No seleccionados,Seleccionados,No seleccionados,Seleccionados,No seleccionados,No seleccionados,No seleccionados,No seleccionados,No seleccionados,No seleccionados,No seleccionados,Seleccionados,No seleccionados,No seleccionados,Seleccionados,No seleccionados,No seleccionados,Seleccionados,No seleccionados,Ciprofloxacina,35.0,No,,,,,No seleccionados,No seleccionados,No seleccionados,No seleccionados,No seleccionados,No seleccionados,No seleccionados,No seleccionados,Si,9,No,No,Si,Muerto,Cardiovascular,1
128,37,Hombre,2019-05-01,2019-05-12,11,Si,Si,No,Obesidad (>=30 IMC),No,No,Si,No,No,No seleccionados,No seleccionados,No seleccionados,No seleccionados,No seleccionados,No seleccionados,No seleccionados,No seleccionados,No seleccionados,No seleccionados,No seleccionados,No seleccionados,,No,Seleccionados,No seleccionados,No seleccionados,No seleccionados,No seleccionados,No,No,No,Seleccionados,No seleccionados,No seleccionados,No seleccionados,No seleccionados,No seleccionados,No seleccionados,No,No,No,No,No,No,No,No,No,Si,No,No information,2019-05-01,Si,Si,Si,No,Si,No seleccionados,Seleccionados,No seleccionados,No seleccionados,No seleccionados,No seleccionados,No seleccionados,No seleccionados,No,Seleccionados,No seleccionados,No seleccionados,No seleccionados,No seleccionados,No aplica,Sepsis,158,168,53,135.0,34.51,69,92.0,35.0,No,Si,No,No,Si,11190.0,1330,8930,"9,1",319000.0,7,"9,69",No information,"0,94","21,1",1650,406,No information,"0,084",4,136,450,130,Positivo,No,No,S. viridans,No,No,No,No,No,No information,Si,Si,2019-05-03,60.0,Si,Seleccionados,No seleccionados,No seleccionados,No seleccionados,No seleccionados,No seleccionados,No seleccionados,Seleccionados,Seleccionados,No seleccionados,No seleccionados,No seleccionados,No seleccionados,No seleccionados,Seleccionados,No seleccionados,No seleccionados,No seleccionados,No seleccionados,No seleccionados,No information,2019-05-03,Si,Si,Nativa,Aguda,Definitivo,no,No,Si,No,Seleccionados,No seleccionados,Seleccionados,No seleccionados,Si,No,Si,No,Si,No,No,Si,No,Si,Seleccionados,Seleccionados,No seleccionados,Seleccionados,No seleccionados,No seleccionados,No seleccionados,Seleccionados,No seleccionados,No seleccionados,No seleccionados,No seleccionados,Seleccionados,No seleccionados,No seleccionados,No seleccionados,No seleccionados,Seleccionados,No seleccionados,Caspofungina,11.0,Si,Abierta,Protesis mecanica,Ninguno,No,Seleccionados,No seleccionados,No seleccionados,No seleccionados,No seleccionados,No seleccionados,No seleccionados,No seleccionados,Si,11,Si,Si,Si,Muerto,Cardiovascular,1
129,79,Hombre,2019-06-01,2019-06-10,9,Si,No,No,Sobrepeso (>=25-29.9 IMC),Si,No,No,No,No,No seleccionados,No seleccionados,No seleccionados,No seleccionados,No seleccionados,No seleccionados,No seleccionados,No seleccionados,No seleccionados,No seleccionados,No seleccionados,No seleccionados,,No,Seleccionados,No seleccionados,No seleccionados,No seleccionados,No seleccionados,No,No,Si,Seleccionados,No seleccionados,No seleccionados,No seleccionados,No seleccionados,No seleccionados,No seleccionados,No,"Si, sin dialisis",No,No,No,No,No,No,No,No,No,No information,2019-05-27,Si,Si,Si,Si,No,Seleccionados,No seleccionados,No seleccionados,No seleccionados,No seleccionados,No seleccionados,No seleccionados,No seleccionados,Si,Seleccionados,No seleccionados,No seleccionados,No seleccionados,No seleccionados,No aplica,No,75,165,"27,5",115.0,49.0,71,88.0,16.0,No,No,No,No,Si,9650.0,1220,6770,"7,2",196000.0,No information,"14,16",No information,5,"83,2",No information,No information,No information,No information,"6,53","138,2",13,8,Positivo,"Si, meticilino sensible",No,No,No,No,No,No,No,No information,Si,Si,2019-06-02,60.0,Si,No seleccionados,Seleccionados,No seleccionados,No seleccionados,No seleccionados,No seleccionados,Seleccionados,No seleccionados,No seleccionados,No seleccionados,No seleccionados,No seleccionados,No seleccionados,Seleccionados,No seleccionados,No seleccionados,No seleccionados,No seleccionados,No seleccionados,No seleccionados,No information,2019-06-02,Si,Si,Nativa,Aguda,Definitivo,no,ACV isquemico,No,No,No seleccionados,No seleccionados,Seleccionados,No seleccionados,Si,No,No,No,No,No,No,Si,No,Si,Seleccionados,Seleccionados,No seleccionados,No seleccionados,No seleccionados,No seleccionados,No seleccionados,No seleccionados,No seleccionados,No seleccionados,No seleccionados,No seleccionados,No seleccionados,No seleccionados,Seleccionados,No seleccionados,No seleccionados,No seleccionados,No seleccionados,No information,9.0,No,,,,,No seleccionados,No seleccionados,No seleccionados,No seleccionados,No seleccionados,No seleccionados,No seleccionados,No seleccionados,Si,5,No,Si,No,Muerto,Cardiovascular,1
130,72,Hombre,2019-08-07,2019-09-21,45,Si,No,No,Obesidad (>=30 IMC),No,No,No,No,No,No seleccionados,No seleccionados,No seleccionados,No seleccionados,No seleccionados,No seleccionados,No seleccionados,No seleccionados,No seleccionados,No seleccionados,No seleccionados,No seleccionados,,No,Seleccionados,No seleccionados,No seleccionados,No seleccionados,No seleccionados,No,No,Si,No seleccionados,No seleccionados,No seleccionados,No seleccionados,No seleccionados,Seleccionados,No seleccionados,No,No,No,No,No,No,No,No,No,No,No,ISO cadera + bacteremia,2019-08-07,Si,Si,Si,No,No,Seleccionados,No seleccionados,No seleccionados,No seleccionados,No seleccionados,No seleccionados,No seleccionados,No seleccionados,No,Seleccionados,No seleccionados,No seleccionados,No seleccionados,No seleccionados,No aplica,Shock  septico,60,132,34,117.0,87.0,97,77.0,20.0,No,No,No,No,No,11910.0,320,10570,"9,7",239000.0,"2,62","4,93",No information,"0,67","13,9",243,No information,No information,No information,"2,9",146,29,46,Positivo,"Si, meticilino resistente",No,No,No,No,No,No,No,No information,Si,Si,2019-08-09,60.0,No,No seleccionados,No seleccionados,No seleccionados,No seleccionados,No seleccionados,No seleccionados,No seleccionados,No seleccionados,No seleccionados,No seleccionados,No seleccionados,No seleccionados,No seleccionados,No seleccionados,Seleccionados,No seleccionados,No seleccionados,No seleccionados,No seleccionados,No seleccionados,No information,2019-08-09,Si,Si,Nativa,Aguda,Definitivo,no,No,No,No,Seleccionados,No seleccionados,No seleccionados,No seleccionados,Si,No,Si,No,No,No,No,No,No,Si,No seleccionados,No seleccionados,No seleccionados,Seleccionados,No seleccionados,No seleccionados,No seleccionados,No seleccionados,No seleccionados,No seleccionados,No seleccionados,Seleccionados,Seleccionados,No seleccionados,No seleccionados,No seleccionados,No seleccionados,No seleccionados,No seleccionados,No information,42.0,No,,,,,No seleccionados,No seleccionados,No seleccionados,No seleccionados,No seleccionados,No seleccionados,No seleccionados,No seleccionados,Si,26,Si,Si,Si,Muerto,No cardiovascular,1
131,55,Hombre,2020-12-30,2021-01-14,15,Si,No,No,No,No,No,Si,No,Si,Seleccionados,No seleccionados,No seleccionados,No seleccionados,No seleccionados,No seleccionados,No seleccionados,No seleccionados,No seleccionados,Seleccionados,No seleccionados,No seleccionados,Si,No,Seleccionados,No seleccionados,No seleccionados,No seleccionados,No seleccionados,No,No,No,Seleccionados,No seleccionados,No seleccionados,No seleccionados,No seleccionados,No seleccionados,No seleccionados,No,"Si, con hemodialisis",No,No,No,No,No,No,No,No,No,Ninguno,2020-12-27,Si,Si,Si,Si,No,Seleccionados,No seleccionados,No seleccionados,No seleccionados,No seleccionados,No seleccionados,No seleccionados,No seleccionados,No,Seleccionados,No seleccionados,No seleccionados,No seleccionados,No seleccionados,No aplica,No,"74,5",174,"24,4",155.0,85.0,108,131.0,24.0,No,No,No,No,No,4270.0,580,3340,"8,8",32000.0,No information,"56,49",No information,"11,91",69,No information,5247,No information,No information,"4,85",137,"12,5",10,Positivo,"Si, meticilino resistente",No,No,No,No,No,No,No,No information,Si,Si,2020-12-30,40.0,Si,No seleccionados,No seleccionados,Seleccionados,No seleccionados,No seleccionados,No seleccionados,Seleccionados,No seleccionados,No seleccionados,No seleccionados,No seleccionados,No seleccionados,No seleccionados,No seleccionados,Seleccionados,No seleccionados,No seleccionados,No seleccionados,No seleccionados,No seleccionados,No information,2020-12-30,Si,Si,Protesica,Aguda,Definitivo,no,ACV hemorragico,No,No,Seleccionados,No seleccionados,No seleccionados,No seleccionados,No,No,No,No,Si,No,No,No,No,Si,No seleccionados,Seleccionados,No seleccionados,No seleccionados,Seleccionados,No seleccionados,No seleccionados,No seleccionados,No seleccionados,No seleccionados,No seleccionados,Seleccionados,Seleccionados,No seleccionados,Seleccionados,No seleccionados,No seleccionados,No seleccionados,No seleccionados,No information,15.0,No,,,,,No seleccionados,No seleccionados,No seleccionados,No seleccionados,No seleccionados,No seleccionados,No seleccionados,No seleccionados,Si,15,No,Si,No,Muerto,Cardiovascular,1
132,66,Hombre,2021-12-29,2022-01-15,17,Si,Si,No,Sobrepeso (>=25-29.9 IMC),Si,Si,No,Si,Si,Seleccionados,No seleccionados,No seleccionados,No seleccionados,No seleccionados,No seleccionados,No seleccionados,No seleccionados,No seleccionados,No seleccionados,Seleccionados,No seleccionados,Si,No,No seleccionados,No seleccionados,No seleccionados,Seleccionados,No seleccionados,No,No,No,Seleccionados,No seleccionados,No seleccionados,No seleccionados,No seleccionados,No seleccionados,No seleccionados,No,"Si, con hemodialisis",No,Hipotiroidismo,No,No,No,Si,No,No,No,No information,2021-12-28,No,No,Si,No,No,Seleccionados,No seleccionados,No seleccionados,No seleccionados,No seleccionados,No seleccionados,No seleccionados,No seleccionados,No,Seleccionados,No seleccionados,No seleccionados,No seleccionados,No seleccionados,No aplica,No,78,174,"25,8",125.0,72.0,89,91.0,19.0,No,No,No,No,No,22260.0,1160,19050,"12,6",181000.0,No information,20,No information,"0,83",49,No information,No information,No information,No information,"5,2",132,35,20,Positivo,"Si, meticilino sensible",No,No,No,No,No,No,No,No information,Si,Si,2022-01-01,60.0,No,No seleccionados,No seleccionados,No seleccionados,No seleccionados,No seleccionados,No seleccionados,No seleccionados,No seleccionados,No seleccionados,No seleccionados,No seleccionados,No seleccionados,No seleccionados,No seleccionados,Seleccionados,No seleccionados,No seleccionados,No seleccionados,No seleccionados,No seleccionados,No information,2022-01-01,Si,Si,Protesica,Aguda,Definitivo,no,No,No,Si,Seleccionados,No seleccionados,No seleccionados,No seleccionados,No,No,No,No,No,No,No,No,No,Si,No seleccionados,Seleccionados,No seleccionados,No seleccionados,No seleccionados,No seleccionados,No seleccionados,No seleccionados,No seleccionados,No seleccionados,No seleccionados,No seleccionados,Seleccionados,No seleccionados,Seleccionados,No seleccionados,No seleccionados,No seleccionados,No seleccionados,No information,15.0,No,,,,,No seleccionados,No seleccionados,No seleccionados,No seleccionados,No seleccionados,No seleccionados,No seleccionados,No seleccionados,No,0,No,No,No,Muerto,Cardiovascular,1
133,53,Hombre,2022-07-20,2022-07-27,7,Si,No,No,Obesidad (>=30 IMC),No,No,No,No,No,No seleccionados,No seleccionados,No seleccionados,No seleccionados,No seleccionados,No seleccionados,No seleccionados,No seleccionados,No seleccionados,No seleccionados,No seleccionados,No seleccionados,,No,Seleccionados,No seleccionados,No seleccionados,No seleccionados,No seleccionados,No,No,No,Seleccionados,No seleccionados,No seleccionados,No seleccionados,No seleccionados,No seleccionados,No seleccionados,No,No,No,No,No,No,No,No,No,Si,No,No information,2020-07-10,Si,Si,Si,No,Si,Seleccionados,No seleccionados,No seleccionados,No seleccionados,No seleccionados,No seleccionados,No seleccionados,No seleccionados,No,Seleccionados,No seleccionados,No seleccionados,No seleccionados,No seleccionados,No aplica,No,93,172,"31,5",156.0,87.0,110,92.0,18.0,No,No,No,No,No,9760.0,2120,6500,"10,7",341000.0,No information,"6,5",No information,"1,02",55,No information,378,No information,No information,"4,12",144,"18,7",13,Positivo,No,No,S. gallolyticus  (bovis),No,No,No,No,No,No information,Si,Si,2022-07-20,65.0,Si,Seleccionados,No seleccionados,No seleccionados,No seleccionados,No seleccionados,No seleccionados,No seleccionados,Seleccionados,Seleccionados,No seleccionados,No seleccionados,No seleccionados,No seleccionados,Seleccionados,Seleccionados,No seleccionados,No seleccionados,No seleccionados,No seleccionados,No seleccionados,No information,2022-07-20,Si,Si,Nativa,Aguda,Definitivo,Otro,ACV hemorragico,Si,No,Seleccionados,No seleccionados,No seleccionados,No seleccionados,No,No,No,Si,No,No,No,No,No,Si,Seleccionados,Seleccionados,No seleccionados,No seleccionados,Seleccionados,No seleccionados,No seleccionados,Seleccionados,No seleccionados,No seleccionados,No seleccionados,No seleccionados,No seleccionados,No seleccionados,No seleccionados,No seleccionados,No seleccionados,No seleccionados,No seleccionados,No information,7.0,No,,,,,No seleccionados,No seleccionados,No seleccionados,No seleccionados,No seleccionados,No seleccionados,No seleccionados,No seleccionados,Si,7,No,No,Si,Muerto,No cardiovascular,1
134,13,Mujer,2022-04-01,2022-04-16,15,No,No,No,No,No,No,No,No,Si,No seleccionados,No seleccionados,Seleccionados,No seleccionados,No seleccionados,No seleccionados,No seleccionados,No seleccionados,Seleccionados,No seleccionados,No seleccionados,No seleccionados,Si,Si,No seleccionados,No seleccionados,No seleccionados,Seleccionados,No seleccionados,Si,No,No,Seleccionados,No seleccionados,No seleccionados,No seleccionados,No seleccionados,No seleccionados,No seleccionados,No,No,No,No,Si,No,No,No,Si,No,No,No information,2022-03-18,Si,No,No,Si,No,Seleccionados,No seleccionados,No seleccionados,No seleccionados,No seleccionados,No seleccionados,No seleccionados,No seleccionados,No,Seleccionados,No seleccionados,No seleccionados,No seleccionados,No seleccionados,No aplica,No,45,162,17,99.0,56.0,"70,33",68.0,24.0,No,No,No,Si,No,14420.0,2690,9120,"11,1",141000.0,28,"27,08",No information,"0,69","16,1",1576,No information,No information,No information,"3,93","133,9","30,6","25,6",Positivo,"Si, meticilino sensible",No,No,No,No,No,No,No,No information,Si,Si,2022-04-02,72.0,Si,No seleccionados,Seleccionados,No seleccionados,No seleccionados,No seleccionados,No seleccionados,No seleccionados,No seleccionados,Seleccionados,No seleccionados,No seleccionados,No seleccionados,No seleccionados,Seleccionados,No seleccionados,No seleccionados,No seleccionados,No seleccionados,No seleccionados,No seleccionados,No information,2022-04-02,Si,Si,Protesica,Subaguda,Definitivo,no,No,Si,No,Seleccionados,No seleccionados,No seleccionados,No seleccionados,Si,No,No,No,No,No,No,No,No,Si,Seleccionados,No seleccionados,No seleccionados,No seleccionados,Seleccionados,No seleccionados,No seleccionados,No seleccionados,No seleccionados,No seleccionados,No seleccionados,No seleccionados,Seleccionados,No seleccionados,Seleccionados,No seleccionados,No seleccionados,Seleccionados,No seleccionados,Fluconazol,15.0,No,,,,,No seleccionados,No seleccionados,No seleccionados,No seleccionados,No seleccionados,No seleccionados,No seleccionados,No seleccionados,Si,1,Si,Si,Si,Muerto,No cardiovascular,1
135,45,Hombre,2022-09-19,2022-10-31,42,Si,No,No,Obesidad (>=30 IMC),No,No,No,No,No,No seleccionados,No seleccionados,No seleccionados,No seleccionados,No seleccionados,No seleccionados,No seleccionados,No seleccionados,No seleccionados,No seleccionados,No seleccionados,No seleccionados,,No,Seleccionados,No seleccionados,No seleccionados,No seleccionados,No seleccionados,No,No,Si,Seleccionados,No seleccionados,No seleccionados,No seleccionados,No seleccionados,No seleccionados,No seleccionados,No,No,No,No,No,No,No,No,No,Si,No,No information,2022-09-16,No,No,No,Si,No,Seleccionados,No seleccionados,No seleccionados,No seleccionados,No seleccionados,No seleccionados,No seleccionados,No seleccionados,No,Seleccionados,No seleccionados,No seleccionados,No seleccionados,No seleccionados,No aplica,Sepsis,100,178,"31,6",112.0,67.0,82,130.0,20.0,No,No,No,No,No,6430.0,2370,2750,"10,1",292000.0,No information,"9,15",No information,"0,56","4,6",No information,No information,No information,No information,"4,41",142,22,16,Positivo,No,No,No,E. faecalis,No,Pseudomonas spp,No,Si,No information,Si,Si,2022-09-23,60.0,No,No seleccionados,No seleccionados,No seleccionados,No seleccionados,No seleccionados,No seleccionados,No seleccionados,No seleccionados,No seleccionados,No seleccionados,No seleccionados,No seleccionados,No seleccionados,No seleccionados,No seleccionados,No seleccionados,Seleccionados,No seleccionados,No seleccionados,No seleccionados,Ninguno,2022-09-23,No,Si,Nativa,Aguda,Definitivo,no,No,No,No,Seleccionados,No seleccionados,No seleccionados,No seleccionados,No,No,No,No,No,No,No,No,No,Si,No seleccionados,Seleccionados,No seleccionados,No seleccionados,No seleccionados,No seleccionados,No seleccionados,Seleccionados,No seleccionados,No seleccionados,No seleccionados,No seleccionados,No seleccionados,No seleccionados,No seleccionados,Seleccionados,No seleccionados,No seleccionados,No seleccionados,No information,28.0,No,,,,,No seleccionados,No seleccionados,No seleccionados,No seleccionados,No seleccionados,No seleccionados,No seleccionados,No seleccionados,No,0,No,No,No,Vivo,,0
136,76,Mujer,2022-11-05,2022-12-02,27,Si,No,Si,Sobrepeso (>=25-29.9 IMC),No,No,Si,Si,Si,Seleccionados,No seleccionados,No seleccionados,No seleccionados,No seleccionados,No seleccionados,No seleccionados,No seleccionados,Seleccionados,No seleccionados,No seleccionados,No seleccionados,Si,Si,Seleccionados,No seleccionados,No seleccionados,No seleccionados,No seleccionados,No,Si,No,Seleccionados,No seleccionados,No seleccionados,No seleccionados,No seleccionados,No seleccionados,No seleccionados,No,No,No,Hipotiroidismo,Si,No,No,No,No,No,No,Ninguno,2022-10-22,No,No,Si,No,No,Seleccionados,No seleccionados,No seleccionados,No seleccionados,No seleccionados,No seleccionados,No seleccionados,No seleccionados,No,Seleccionados,No seleccionados,No seleccionados,No seleccionados,No seleccionados,No aplica,No,73,168,"25,86",97.0,62.0,"73,67",80.0,18.0,No,No,No,No,No,9110.0,760,7740,9,167000.0,No information,23,No information,"1,02",20,No information,No information,No information,No information,"3,51",128,"14,1","10,7",Positivo,No,No,S. gallolyticus  (bovis),No,No,No,No,No,No information,Si,Si,2022-11-11,60.0,No,No seleccionados,No seleccionados,No seleccionados,No seleccionados,No seleccionados,No seleccionados,No seleccionados,No seleccionados,No seleccionados,No seleccionados,No seleccionados,No seleccionados,No seleccionados,Seleccionados,No seleccionados,No seleccionados,No seleccionados,No seleccionados,No seleccionados,No seleccionados,No information,2022-11-11,No,Si,Protesica,Subaguda,Definitivo,no,ACV hemorragico,No,No,Seleccionados,No seleccionados,No seleccionados,No seleccionados,No,No,No,No,No,No,No,No,No,Si,Seleccionados,Seleccionados,No seleccionados,No seleccionados,No seleccionados,No seleccionados,No seleccionados,No seleccionados,No seleccionados,No seleccionados,No seleccionados,No seleccionados,No seleccionados,Seleccionados,No seleccionados,No seleccionados,No seleccionados,No seleccionados,No seleccionados,No information,42.0,No,,,,,No seleccionados,No seleccionados,No seleccionados,No seleccionados,No seleccionados,No seleccionados,No seleccionados,No seleccionados,No,56,No,No,No,Muerto,No cardiovascular,1
137,44,Mujer,2019-11-17,2019-12-04,17,Si,Si,No,Sobrepeso (>=25-29.9 IMC),No,No,No,No,No,No seleccionados,No seleccionados,No seleccionados,No seleccionados,No seleccionados,No seleccionados,No seleccionados,No seleccionados,No seleccionados,No seleccionados,No seleccionados,No seleccionados,,No,Seleccionados,No seleccionados,No seleccionados,No seleccionados,No seleccionados,No,No,No,Seleccionados,No seleccionados,No seleccionados,No seleccionados,No seleccionados,No seleccionados,No seleccionados,No,"Si, con hemodialisis",No,No,No,Si,No,No,No,No,No,No information,2019-11-17,No,No,Si,No,No,Seleccionados,No seleccionados,No seleccionados,No seleccionados,No seleccionados,No seleccionados,No seleccionados,No seleccionados,No,Seleccionados,No seleccionados,No seleccionados,No seleccionados,No seleccionados,No aplica,Sepsis,"71,5",159,"28,3",173.47000000000003,87.0,"117,7",100.0,18.0,No,No,No,No,No,13680.0,"8,3","85,7","7,8",290000.0,85,18,No information,"3,91",45,No information,No information,No information,189,"4,4",139,72,60,Positivo,"Si, meticilino sensible",No,No,No,No,Proteus  mirabilis,No,Si,No information,Si,Si,2019-12-04,44.0,No,No seleccionados,No seleccionados,No seleccionados,No seleccionados,No seleccionados,No seleccionados,No seleccionados,No seleccionados,No seleccionados,No seleccionados,No seleccionados,No seleccionados,No seleccionados,No seleccionados,No seleccionados,No seleccionados,No seleccionados,No seleccionados,Seleccionados,No seleccionados,Techo de la auricula derecha,2019-12-04,Si,Si,Asociada a cateter,Aguda,Definitivo,Periferico,No,No,No,Seleccionados,No seleccionados,No seleccionados,No seleccionados,Si,No,No,No,No,No,No,No,No,Si,Seleccionados,Seleccionados,No seleccionados,Seleccionados,No seleccionados,No seleccionados,No seleccionados,No seleccionados,No seleccionados,No seleccionados,No seleccionados,No seleccionados,No seleccionados,No seleccionados,No seleccionados,No seleccionados,No seleccionados,No seleccionados,No seleccionados,No information,17.0,Si,Endovascular,Ninguno,Extraccion de masa,No,Seleccionados,No seleccionados,No seleccionados,No seleccionados,No seleccionados,No seleccionados,No seleccionados,No seleccionados,Si,17,Si,Si,Si,Muerto,No cardiovascular,1
138,45,Hombre,2020-02-20,2020-04-06,46,Si,No,No,Sobrepeso (>=25-29.9 IMC),No,No,No,No,No,No seleccionados,No seleccionados,No seleccionados,No seleccionados,No seleccionados,No seleccionados,No seleccionados,No seleccionados,No seleccionados,No seleccionados,No seleccionados,No seleccionados,,No,Seleccionados,No seleccionados,No seleccionados,No seleccionados,No seleccionados,No,No,No,No seleccionados,Seleccionados,No seleccionados,No seleccionados,No seleccionados,No seleccionados,No seleccionados,No,"Si, sin dialisis",No,No,No,No,No,No,No,No,No,No information,2020-02-13,Si,No,Si,No,Si,Seleccionados,No seleccionados,No seleccionados,No seleccionados,No seleccionados,No seleccionados,No seleccionados,No seleccionados,No,Seleccionados,No seleccionados,No seleccionados,No seleccionados,No seleccionados,No aplica,Shock  septico,"80,8",175,"26,4",100.0,70.0,80,84.0,12.0,No,No,No,No,No,8180.0,1370,5710,"7,1",211000.0,47,"26,37",No information,"1,3",50,367,No information,No information,No information,"3,4",145,18,15,Positivo,"Si, meticilino resistente",No,No,No,No,No,No,No,No information,Si,Si,2020-02-24,60.0,No,No seleccionados,No seleccionados,No seleccionados,No seleccionados,No seleccionados,No seleccionados,No seleccionados,No seleccionados,No seleccionados,No seleccionados,No seleccionados,No seleccionados,No seleccionados,Seleccionados,No seleccionados,No seleccionados,No seleccionados,No seleccionados,No seleccionados,No seleccionados,No information,2020-02-24,Si,Si,Nativa,Aguda,Definitivo,Periferico,ACV hemorragico,Si,No,Seleccionados,No seleccionados,No seleccionados,No seleccionados,Si,No,No,No,No,No,No,No,No,Si,No seleccionados,Seleccionados,No seleccionados,Seleccionados,No seleccionados,No seleccionados,No seleccionados,No seleccionados,No seleccionados,No seleccionados,No seleccionados,No seleccionados,No seleccionados,No seleccionados,No seleccionados,No seleccionados,No seleccionados,No seleccionados,No seleccionados,No information,42.0,Si,Abierta,Reparo valvular,Ninguno,No,Seleccionados,No seleccionados,No seleccionados,No seleccionados,No seleccionados,No seleccionados,No seleccionados,No seleccionados,Si,24,Si,Si,Si,Vivo,,0
139,75,Mujer,2020-03-11,2020-04-08,28,Si,Si,No,Sobrepeso (>=25-29.9 IMC),No,No,No,No,No,No seleccionados,No seleccionados,No seleccionados,No seleccionados,No seleccionados,No seleccionados,No seleccionados,No seleccionados,No seleccionados,No seleccionados,No seleccionados,No seleccionados,,No,Seleccionados,No seleccionados,No seleccionados,No seleccionados,No seleccionados,No,No,Si,Seleccionados,No seleccionados,No seleccionados,No seleccionados,No seleccionados,No seleccionados,No seleccionados,No,No,No,No,No,Si,No,No,No,No,No,No information,2020-02-07,No,No,Si,No,No,Seleccionados,No seleccionados,No seleccionados,No seleccionados,No seleccionados,No seleccionados,No seleccionados,No seleccionados,No,Seleccionados,No seleccionados,No seleccionados,No seleccionados,No seleccionados,No aplica,Sepsis,"78,1",172,"26,4",133.0,60.0,"84,33",87.0,19.0,No,No,Si,No,No,5590.0,1410,3310,"7,3",410000.0,187,"17,4",No information,"0,69","5,3",No information,No information,No information,No information,"3,17",142,"95,4",72,Positivo,No,S. epidermidis,No,No,No,No,No,No,No information,Si,Si,2020-03-21,55.0,Si,Seleccionados,No seleccionados,No seleccionados,No seleccionados,No seleccionados,No seleccionados,No seleccionados,Seleccionados,No seleccionados,No seleccionados,No seleccionados,No seleccionados,No seleccionados,Seleccionados,No seleccionados,No seleccionados,No seleccionados,No seleccionados,No seleccionados,No seleccionados,No information,2020-03-21,Si,Si,Nativa,Subaguda,Definitivo,no,No,No,No,Seleccionados,No seleccionados,No seleccionados,No seleccionados,No,No,No,No,No,No,No,No,No,Si,No seleccionados,Seleccionados,No seleccionados,No seleccionados,No seleccionados,No seleccionados,No seleccionados,No seleccionados,No seleccionados,No seleccionados,No seleccionados,No seleccionados,No seleccionados,No seleccionados,Seleccionados,No seleccionados,No seleccionados,No seleccionados,No seleccionados,No information,37.0,No,,,,,No seleccionados,No seleccionados,No seleccionados,No seleccionados,No seleccionados,No seleccionados,No seleccionados,No seleccionados,No,0,No,No,No,Vivo,,0
140,10,Hombre,2020-04-07,2020-05-09,32,No,No,No,No,No,No,No,No,No,No seleccionados,No seleccionados,No seleccionados,No seleccionados,No seleccionados,No seleccionados,No seleccionados,No seleccionados,No seleccionados,No seleccionados,No seleccionados,No seleccionados,,No,Seleccionados,No seleccionados,No seleccionados,No seleccionados,No seleccionados,No,No,No,Seleccionados,No seleccionados,No seleccionados,No seleccionados,No seleccionados,No seleccionados,No seleccionados,No,No,No,No,Si,No,No,No,No,No,No,No information,2020-03-30,Si,No,Si,No,No,Seleccionados,No seleccionados,No seleccionados,No seleccionados,No seleccionados,No seleccionados,No seleccionados,No seleccionados,Si,Seleccionados,No seleccionados,No seleccionados,No seleccionados,No seleccionados,No aplica,Sepsis,28,118,"20,11",101.0,83.0,89,78.0,29.0,No,No,No,No,No,12200.0,1200,8200,"9,9",92000.0,125,"87,7",No information,"0,72","15,4",No information,No information,No information,No information,"3,8",135,25,32,Positivo,"Si, meticilino sensible",No,No,No,No,No,No,No,No information,Si,Si,2020-04-09,45.0,No,No seleccionados,No seleccionados,No seleccionados,No seleccionados,No seleccionados,No seleccionados,No seleccionados,No seleccionados,No seleccionados,No seleccionados,No seleccionados,No seleccionados,No seleccionados,Seleccionados,No seleccionados,No seleccionados,No seleccionados,No seleccionados,No seleccionados,No seleccionados,No information,2020-04-09,No,Si,Nativa,Aguda,Definitivo,no,ACV isquemico,Si,No,Seleccionados,No seleccionados,No seleccionados,No seleccionados,No,No,Si,No,Si,No,No,No,No,Si,Seleccionados,Seleccionados,No seleccionados,No seleccionados,Seleccionados,No seleccionados,No seleccionados,No seleccionados,No seleccionados,No seleccionados,No seleccionados,No seleccionados,No seleccionados,No seleccionados,No seleccionados,No seleccionados,No seleccionados,Seleccionados,No seleccionados,No information,28.0,Si,Abierta,Protesis mecanica,Ninguno,No,No seleccionados,Seleccionados,No seleccionados,No seleccionados,No seleccionados,No seleccionados,No seleccionados,No seleccionados,Si,15,Si,Si,Si,Vivo,,0
141,0,Mujer,2020-09-11,2021-02-28,170,No,No,No,No,No,No,No,No,No,No seleccionados,No seleccionados,No seleccionados,No seleccionados,No seleccionados,No seleccionados,No seleccionados,No seleccionados,No seleccionados,No seleccionados,No seleccionados,No seleccionados,,No,Seleccionados,No seleccionados,No seleccionados,No seleccionados,No seleccionados,No,No,No,Seleccionados,No seleccionados,No seleccionados,No seleccionados,No seleccionados,No seleccionados,No seleccionados,No,No,No,No,Si,No,No,No,No,No,No,Alto riesgo de transmision vertical de infecciones perinatales,2020-11-19,Si,Si,Si,Si,No,Seleccionados,No seleccionados,No seleccionados,No seleccionados,No seleccionados,No seleccionados,No seleccionados,No seleccionados,No,Seleccionados,No seleccionados,No seleccionados,No seleccionados,No seleccionados,Stevenson A,Shock  septico,"3,8","62,1","9,85",89.0,47.0,61,141.0,44.940000000000055,No,No,No,Si,No,18410.0,2500,2940,"11,2",125000.0,"16,2","4,51",No information,"0,27","18,4",No information,131,No information,No information,"2,6",141,"61,8","54,5",Positivo,No,No,No,E. faecium,No,No,No,No,No information,Si,Si,2020-12-15,15.0,No,No seleccionados,No seleccionados,No seleccionados,No seleccionados,No seleccionados,No seleccionados,No seleccionados,No seleccionados,No seleccionados,No seleccionados,No seleccionados,No seleccionados,No seleccionados,Seleccionados,No seleccionados,No seleccionados,No seleccionados,No seleccionados,No seleccionados,No seleccionados,No information,2020-12-15,Si,Si,Nativa,Subaguda,Definitivo,Pulmon,No,Si,No,Seleccionados,No seleccionados,No seleccionados,No seleccionados,Si,No,Si,No,No,No,No,No,No,Si,Seleccionados,Seleccionados,No seleccionados,No seleccionados,No seleccionados,No seleccionados,No seleccionados,Seleccionados,No seleccionados,No seleccionados,No seleccionados,No seleccionados,No seleccionados,No seleccionados,Seleccionados,No seleccionados,No seleccionados,No seleccionados,No seleccionados,No information,90.0,No,,,,,No seleccionados,No seleccionados,No seleccionados,No seleccionados,No seleccionados,No seleccionados,No seleccionados,No seleccionados,Si,30,Si,Si,Si,Vivo,,0
142,40,Mujer,2021-01-31,2021-02-13,13,Si,Si,No,Sobrepeso (>=25-29.9 IMC),No,No,No,No,No,No seleccionados,No seleccionados,No seleccionados,No seleccionados,No seleccionados,No seleccionados,No seleccionados,No seleccionados,No seleccionados,No seleccionados,No seleccionados,No seleccionados,,No,Seleccionados,No seleccionados,No seleccionados,No seleccionados,No seleccionados,No,No,No,Seleccionados,No seleccionados,No seleccionados,No seleccionados,No seleccionados,No seleccionados,No seleccionados,No,"Si, con hemodialisis",No,No,No,Si,No,No,No,No,No,No information,2021-01-22,Si,No,Si,Si,No,Seleccionados,No seleccionados,No seleccionados,No seleccionados,No seleccionados,No seleccionados,No seleccionados,No seleccionados,No,Seleccionados,No seleccionados,No seleccionados,No seleccionados,No seleccionados,No aplica,Sepsis,67,154,"28,2",144.0,68.0,"93,33",98.0,18.0,No,No,No,No,No,35259.8,2940,29090,6,345000.0,"14,6","37,68",No information,"3,5","87,9",No information,No information,No information,No information,"5,3","128,1",45,32,Positivo,"Si, meticilino sensible",No,No,No,No,No,No,No,No information,Si,Si,2021-01-31,65.0,Si,Seleccionados,No seleccionados,No seleccionados,No seleccionados,No seleccionados,No seleccionados,No seleccionados,No seleccionados,No seleccionados,No seleccionados,Seleccionados,No seleccionados,No seleccionados,No seleccionados,No seleccionados,No seleccionados,Seleccionados,No seleccionados,No seleccionados,No seleccionados,No information,2021-01-31,No,Si,Nativa,Aguda,Definitivo,Pulmon,No,No,No,No seleccionados,No seleccionados,Seleccionados,No seleccionados,Si,No,No,No,No,No,No,No,No,Si,No seleccionados,Seleccionados,No seleccionados,No seleccionados,No seleccionados,No seleccionados,No seleccionados,Seleccionados,No seleccionados,No seleccionados,No seleccionados,No seleccionados,No seleccionados,No seleccionados,Seleccionados,No seleccionados,No seleccionados,No seleccionados,No seleccionados,No information,13.0,Si,Abierta,Protesis biologica,Ninguno,No,No seleccionados,No seleccionados,No seleccionados,Seleccionados,No seleccionados,No seleccionados,No seleccionados,No seleccionados,Si,13,Si,Si,Si,Muerto,Cardiovascular,1
143,45,Hombre,2020-04-22,2020-04-30,8,Si,No,No,No,No,No,No,No,No,No seleccionados,No seleccionados,No seleccionados,No seleccionados,No seleccionados,No seleccionados,No seleccionados,No seleccionados,No seleccionados,No seleccionados,No seleccionados,No seleccionados,,No,Seleccionados,No seleccionados,No seleccionados,No seleccionados,No seleccionados,No,No,No,Seleccionados,No seleccionados,No seleccionados,No seleccionados,No seleccionados,No seleccionados,No seleccionados,No,"Si, sin dialisis",No,No,No,Si,No,Si,Si,Si,No,No information,2020-04-22,Si,No,Si,No,Si,Seleccionados,No seleccionados,No seleccionados,No seleccionados,No seleccionados,No seleccionados,No seleccionados,No seleccionados,No,Seleccionados,No seleccionados,No seleccionados,No seleccionados,No seleccionados,No aplica,Shock  septico,56,168,"19,84",96.0,59.0,71,87.0,28.0,No,No,No,No,No,13500.0,2413,5930,"9,6",159000.0,No information,"44,1",No information,"2,4",36,459,No information,No information,No information,"3,7","139,3","67,5","28,3",Positivo,"Si, meticilino resistente",No,No,No,No,No,No,No,No information,Si,Si,2020-04-23,70.0,Si,Seleccionados,No seleccionados,No seleccionados,No seleccionados,No seleccionados,No seleccionados,Seleccionados,No seleccionados,No seleccionados,No seleccionados,No seleccionados,No seleccionados,No seleccionados,Seleccionados,Seleccionados,No seleccionados,No seleccionados,No seleccionados,No seleccionados,No seleccionados,No information,2020-04-23,Si,Si,Nativa,Aguda,Definitivo,Pulmon,No,Si,No,Seleccionados,No seleccionados,No seleccionados,No seleccionados,Si,No,Si,No,No,No,No,No,No,Si,No seleccionados,Seleccionados,No seleccionados,No seleccionados,No seleccionados,No seleccionados,No seleccionados,No seleccionados,No seleccionados,No seleccionados,No seleccionados,Seleccionados,Seleccionados,No seleccionados,No seleccionados,No seleccionados,No seleccionados,No seleccionados,No seleccionados,No information,6.0,No,,,,,No seleccionados,No seleccionados,No seleccionados,No seleccionados,No seleccionados,No seleccionados,No seleccionados,No seleccionados,Si,6,No,No,Si,Muerto,Cardiovascular,1
144,71,Hombre,2022-11-18,2022-12-03,15,Si,No,No,Sobrepeso (>=25-29.9 IMC),Si,No,No,No,No,No seleccionados,No seleccionados,No seleccionados,No seleccionados,No seleccionados,No seleccionados,No seleccionados,No seleccionados,No seleccionados,No seleccionados,No seleccionados,No seleccionados,,No,No seleccionados,No seleccionados,Seleccionados,No seleccionados,No seleccionados,No,No,No,Seleccionados,No seleccionados,No seleccionados,No seleccionados,No seleccionados,No seleccionados,No seleccionados,No,No,Si,No,No,No,No,No,No,No,No,POP cardio de resincronizador 13-09-22,2022-10-20,No,No,No,No,No,Seleccionados,No seleccionados,No seleccionados,No seleccionados,No seleccionados,No seleccionados,No seleccionados,No seleccionados,No,Seleccionados,No seleccionados,No seleccionados,No seleccionados,No seleccionados,No aplica,No,75,167,"26,9",94.0,68.0,76,61.0,18.0,No,No,No,No,No,5850.0,940,3570,12,181000.0,No information,"1,52",No information,"2,64","50,8",4520,No information,No information,No information,"3,74","136,8","74,3","70,2",Negativo,No,No,No,No,No,No,No,No,No information,No,Si,2022-11-19,30.0,Si,Seleccionados,No seleccionados,No seleccionados,No seleccionados,No seleccionados,No seleccionados,No seleccionados,No seleccionados,Seleccionados,No seleccionados,Seleccionados,No seleccionados,No seleccionados,No seleccionados,No seleccionados,No seleccionados,No seleccionados,Seleccionados,No seleccionados,No seleccionados,Ninguno ,2022-11-19,Si,Si,Asociada a Dispositvo cardiaco,Subaguda,Definitivo,no,No,Si,No,No seleccionados,Seleccionados,No seleccionados,No seleccionados,Si,No,No,No,No,No,No,No,No,Si,No seleccionados,Seleccionados,Seleccionados,Seleccionados,No seleccionados,No seleccionados,No seleccionados,Seleccionados,No seleccionados,No seleccionados,No seleccionados,No seleccionados,Seleccionados,No seleccionados,No seleccionados,No seleccionados,No seleccionados,No seleccionados,No seleccionados,No information,35.0,Si,Endovascular,Ninguno,Ninguno,Retiro percutaneo,Seleccionados,No seleccionados,No seleccionados,No seleccionados,No seleccionados,No seleccionados,No seleccionados,No seleccionados,Si,12,Si,Si,No,Muerto,Cardiovascular,1
145,80,Hombre,2022-01-02,2022-02-01,30,Si,No,No,No,No,No,No,No,No,No seleccionados,No seleccionados,No seleccionados,No seleccionados,No seleccionados,No seleccionados,No seleccionados,No seleccionados,No seleccionados,No seleccionados,No seleccionados,No seleccionados,,No,Seleccionados,No seleccionados,No seleccionados,No seleccionados,No seleccionados,No,No,Si,Seleccionados,No seleccionados,No seleccionados,No seleccionados,No seleccionados,No seleccionados,No seleccionados,No,No,No,No,No,No,No,No,No,Si,No,No information,2021-12-31,No,No,No,No,No,Seleccionados,No seleccionados,No seleccionados,No seleccionados,No seleccionados,No seleccionados,No seleccionados,No seleccionados,No,Seleccionados,No seleccionados,No seleccionados,No seleccionados,No seleccionados,No aplica,No,61,162,"23,2",115.0,60.0,78,104.0,19.0,No,No,No,No,No,14670.0,620,12090,12,76000.0,No information,24,No information,"2,2",37,No information,No information,No information,No information,"3,2",138,"10,2","8,5",Positivo,"Si, meticilino sensible",No,No,No,No,No,No,No,No information,Si,Si,2022-01-17,50.0,Si,Seleccionados,No seleccionados,No seleccionados,No seleccionados,No seleccionados,No seleccionados,No seleccionados,No seleccionados,Seleccionados,No seleccionados,No seleccionados,No seleccionados,No seleccionados,No seleccionados,Seleccionados,No seleccionados,No seleccionados,No seleccionados,No seleccionados,No seleccionados,No information,2022-01-17,No,Si,Nativa,Subaguda,Definitivo,no,No,Si,Si,Seleccionados,No seleccionados,No seleccionados,No seleccionados,No,No,No,No,Si,No,No,No,No,Si,No seleccionados,Seleccionados,No seleccionados,Seleccionados,No seleccionados,No seleccionados,No seleccionados,No seleccionados,No seleccionados,No seleccionados,No seleccionados,Seleccionados,Seleccionados,No seleccionados,No seleccionados,No seleccionados,No seleccionados,Seleccionados,No seleccionados,Linezolid,24.0,No,,,,,No seleccionados,No seleccionados,No seleccionados,No seleccionados,No seleccionados,No seleccionados,No seleccionados,No seleccionados,No,0,No,No,No,Vivo,,0
146,40,Hombre,2021-03-28,2021-05-21,54,Si,No,No,Sobrepeso (>=25-29.9 IMC),No,No,No,No,No,No seleccionados,No seleccionados,No seleccionados,No seleccionados,No seleccionados,No seleccionados,No seleccionados,No seleccionados,No seleccionados,No seleccionados,No seleccionados,No seleccionados,,No,Seleccionados,No seleccionados,No seleccionados,No seleccionados,No seleccionados,No,No,Si,Seleccionados,No seleccionados,No seleccionados,No seleccionados,No seleccionados,No seleccionados,No seleccionados,No,"Si, con hemodialisis",No,No,No,Si,No,No,No,No,No,Infecciones recurrentes en tejidos blandos,2021-03-10,Si,No,Si,No,No,Seleccionados,No seleccionados,No seleccionados,No seleccionados,No seleccionados,No seleccionados,No seleccionados,No seleccionados,No,Seleccionados,No seleccionados,No seleccionados,No seleccionados,No seleccionados,No aplica,Sepsis,"84,6",178,"26,7",120.0,80.0,"93,33",74.0,14.0,No,No,No,No,No,16320.0,1637,8310,"7,6",119000.0,No information,27,No information,"0,73","22,5",No information,No information,No information,No information,"3,9",138,"115,7",120,Positivo,"Si, meticilino resistente",No,No,No,No,No,No,No,No information,Si,Si,2021-03-30,60.0,Si,Seleccionados,No seleccionados,No seleccionados,No seleccionados,No seleccionados,No seleccionados,No seleccionados,No seleccionados,Seleccionados,No seleccionados,Seleccionados,No seleccionados,No seleccionados,No seleccionados,Seleccionados,No seleccionados,No seleccionados,No seleccionados,No seleccionados,No seleccionados,No information,2021-03-30,Si,Si,Nativa,Subaguda,Definitivo,Periferico,ACV hemorragico,Si,No,Seleccionados,No seleccionados,No seleccionados,No seleccionados,Si,No,No,No,Si,No,No,No,No,Si,No seleccionados,Seleccionados,No seleccionados,Seleccionados,No seleccionados,No seleccionados,No seleccionados,No seleccionados,No seleccionados,No seleccionados,No seleccionados,Seleccionados,Seleccionados,No seleccionados,No seleccionados,No seleccionados,No seleccionados,No seleccionados,No seleccionados,No information,42.0,Si,Abierta,Protesis biologica,Cierre de CIA,No,No seleccionados,No seleccionados,No seleccionados,No seleccionados,No seleccionados,Seleccionados,No seleccionados,No seleccionados,Si,35,No,No,No,Vivo,,0
147,54,Mujer,2021-04-19,2021-06-21,63,Si,No,No,No,No,No,No,Si,No,No seleccionados,No seleccionados,No seleccionados,No seleccionados,No seleccionados,No seleccionados,No seleccionados,No seleccionados,No seleccionados,No seleccionados,No seleccionados,No seleccionados,,No,Seleccionados,No seleccionados,No seleccionados,No seleccionados,No seleccionados,No,No,No,No seleccionados,No seleccionados,No seleccionados,No seleccionados,Seleccionados,No seleccionados,No seleccionados,No,"Si, con dialisis peritoneal",No,No,No,Si,No,No,No,No,No,No information,2021-04-17,No,Si,Si,No,No,Seleccionados,No seleccionados,No seleccionados,No seleccionados,No seleccionados,No seleccionados,No seleccionados,No seleccionados,No,Seleccionados,No seleccionados,No seleccionados,No seleccionados,No seleccionados,No aplica,No,43,157,"17,5",78.0,42.0,54,95.0,17.0,No,No,No,No,No,10960.0,2080,7510,"7,7",34000.0,145,"1,77",No information,"0,97",10,No information,No information,No information,No information,"3,8",136,"245,8",110,Positivo,No,No,No,No,No,Pseudomonas spp,No,No,No information,Si,Si,2021-04-28,73.0,Si,Seleccionados,No seleccionados,No seleccionados,No seleccionados,No seleccionados,No seleccionados,No seleccionados,Seleccionados,No seleccionados,No seleccionados,No seleccionados,No seleccionados,No seleccionados,Seleccionados,No seleccionados,No seleccionados,No seleccionados,No seleccionados,No seleccionados,No seleccionados,No information,2021-04-28,Si,Si,Asociada a cateter,Aguda,Definitivo,no,No,No,No,Seleccionados,No seleccionados,No seleccionados,No seleccionados,Si,No,No,No,No,No,No,Si,No,Si,No seleccionados,Seleccionados,Seleccionados,Seleccionados,No seleccionados,No seleccionados,No seleccionados,No seleccionados,No seleccionados,No seleccionados,No seleccionados,No seleccionados,No seleccionados,No seleccionados,No seleccionados,No seleccionados,No seleccionados,No seleccionados,No seleccionados,No information,62.0,Si,Abierta,Protesis biologica,Extraccion de masa,Retiro quirurgico,No seleccionados,No seleccionados,Seleccionados,No seleccionados,No seleccionados,No seleccionados,No seleccionados,No seleccionados,Si,62,Si,Si,Si,Muerto,No cardiovascular,1
148,2,Hombre,2021-04-19,2021-05-20,31,No,No,No,No,No,No,No,No,No,No seleccionados,No seleccionados,No seleccionados,No seleccionados,No seleccionados,No seleccionados,No seleccionados,No seleccionados,No seleccionados,No seleccionados,No seleccionados,No seleccionados,,No,Seleccionados,No seleccionados,No seleccionados,No seleccionados,No seleccionados,No,No,No,Seleccionados,No seleccionados,No seleccionados,No seleccionados,No seleccionados,No seleccionados,No seleccionados,No,No,No,No,No,No,Gastrointestinal,No,No,,No,,,No,No,No,No,No,Seleccionados,No seleccionados,No seleccionados,No seleccionados,No seleccionados,No seleccionados,No seleccionados,No seleccionados,No,Seleccionados,No seleccionados,No seleccionados,No seleccionados,No seleccionados,No aplica,No information,"7,2",75,"12,8",99.0,35.0,56,157.0,44.940000000000055,No,No,No,No,No,11000.0,,,,201000.0,,,,,,,,,,,,,,Positivo,,,,,,,,,,Si,,,60.0,Si,No seleccionados,No seleccionados,No seleccionados,No seleccionados,No seleccionados,No seleccionados,No seleccionados,No seleccionados,No seleccionados,No seleccionados,No seleccionados,No seleccionados,No seleccionados,No seleccionados,No seleccionados,No seleccionados,No seleccionados,No seleccionados,No seleccionados,No seleccionados,,,Si,Si,,,,,,No,No,No seleccionados,No seleccionados,No seleccionados,No seleccionados,No,No,No,No,No,No,No,No,No,Si,No seleccionados,No seleccionados,No seleccionados,No seleccionados,No seleccionados,No seleccionados,No seleccionados,No seleccionados,No seleccionados,No seleccionados,No seleccionados,No seleccionados,No seleccionados,No seleccionados,No seleccionados,No seleccionados,No seleccionados,No seleccionados,No seleccionados,,42.0,No,,,,,No seleccionados,No seleccionados,No seleccionados,No seleccionados,No seleccionados,No seleccionados,No seleccionados,No seleccionados,Si,,No,Si,No,,,0
150,54,Hombre,2021-05-25,2021-06-12,18,Si,Si,No,Obesidad (>=30 IMC),No,No,No,No,No,No seleccionados,No seleccionados,No seleccionados,No seleccionados,No seleccionados,No seleccionados,No seleccionados,No seleccionados,No seleccionados,No seleccionados,No seleccionados,No seleccionados,,No,Seleccionados,No seleccionados,No seleccionados,No seleccionados,No seleccionados,No,No information,No,Seleccionados,No seleccionados,No seleccionados,No seleccionados,No seleccionados,No seleccionados,No seleccionados,No,"Si, con hemodialisis",No,No,No,Si,No,No,Si,Si,No,Neumonia severa por SARS CoV2 + VMI prolongada,2021-05-25,Si,No,Si,Si,No,Seleccionados,No seleccionados,No seleccionados,No seleccionados,No seleccionados,No seleccionados,No seleccionados,No seleccionados,No,Seleccionados,No seleccionados,No seleccionados,No seleccionados,No seleccionados,No aplica,Shock  septico,107,180,33,119.0,73.0,88,75.0,20.0,No,No,No,No,Si,12900.0,800,11680,"10,9",35000.0,107,13,No information,"1,8",18,2626,"29,7",No information,No information,"2,9",138,80,131,Positivo,No,No,No,No,No,Serratia marcescens,Candida spp,Si,No information,Si,Si,2021-05-27,60.0,Si,Seleccionados,No seleccionados,No seleccionados,No seleccionados,No seleccionados,No seleccionados,No seleccionados,Seleccionados,No seleccionados,No seleccionados,No seleccionados,No seleccionados,No seleccionados,Seleccionados,No seleccionados,No seleccionados,No seleccionados,No seleccionados,No seleccionados,No seleccionados,No information,2021-05-27,No,Si,Nativa,Aguda,Definitivo,no,No,No,Si,Seleccionados,No seleccionados,No seleccionados,No seleccionados,Si,No,Si,No,Si,No,No,Si,No,Si,No seleccionados,No seleccionados,No seleccionados,Seleccionados,No seleccionados,No seleccionados,No seleccionados,No seleccionados,No seleccionados,No seleccionados,No seleccionados,No seleccionados,No seleccionados,No seleccionados,No seleccionados,No seleccionados,No seleccionados,Seleccionados,No seleccionados,CaspofunginayAntofericinaB,17.0,No,,,,,No seleccionados,No seleccionados,No seleccionados,No seleccionados,No seleccionados,No seleccionados,No seleccionados,No seleccionados,Si,17,Si,Si,Si,Muerto,Cardiovascular,1
151,71,Hombre,2021-06-29,2021-08-11,43,Si,Si,No,Sobrepeso (>=25-29.9 IMC),No,No,No,No,No,No seleccionados,No seleccionados,No seleccionados,No seleccionados,No seleccionados,No seleccionados,No seleccionados,No seleccionados,No seleccionados,No seleccionados,No seleccionados,No seleccionados,,No,Seleccionados,No seleccionados,No seleccionados,No seleccionados,No seleccionados,No,No,Si,Seleccionados,No seleccionados,No seleccionados,No seleccionados,No seleccionados,No seleccionados,No seleccionados,No,No,No,No,No,No,Gastrointestinal,No,No,Si,No,No information,2021-06-13,Si,No,No,Si,No,Seleccionados,No seleccionados,No seleccionados,No seleccionados,No seleccionados,No seleccionados,No seleccionados,No seleccionados,No,Seleccionados,No seleccionados,No seleccionados,No seleccionados,No seleccionados,No aplica,Shock  septico,80,175,26,126.0,43.0,71,50.0,11.02,No,No,No,No,Si,6370.0,1640,4190,"7,1",221000.0,145,"13,98",No information,"2,46","22,4",149,105,No information,68,"3,68",154,"20,9","23,7",Positivo,"Si, meticilino resistente",No,No,No,No,No,No,No,No information,Si,Si,2021-07-03,65.0,Si,Seleccionados,No seleccionados,No seleccionados,No seleccionados,No seleccionados,No seleccionados,No seleccionados,Seleccionados,No seleccionados,No seleccionados,No seleccionados,No seleccionados,No seleccionados,Seleccionados,No seleccionados,No seleccionados,No seleccionados,No seleccionados,No seleccionados,No seleccionados,No information,2021-07-03,Si,Si,Nativa,Subaguda,Definitivo,no,No,No,No,Seleccionados,No seleccionados,No seleccionados,No seleccionados,Si,No,Si,No,No,No,No,No,Si,Si,No seleccionados,No seleccionados,No seleccionados,No seleccionados,No seleccionados,No seleccionados,No seleccionados,No seleccionados,No seleccionados,No seleccionados,No seleccionados,Seleccionados,Seleccionados,No seleccionados,No seleccionados,No seleccionados,No seleccionados,No seleccionados,No seleccionados,No information,38.0,No,,,,,No seleccionados,No seleccionados,No seleccionados,No seleccionados,No seleccionados,No seleccionados,No seleccionados,No seleccionados,Si,30,Si,Si,Si,Vivo,,0
152,0,Mujer,2022-03-25,2022-05-27,63,No,No,No,No,No,No,No,No,No,No seleccionados,No seleccionados,No seleccionados,No seleccionados,No seleccionados,No seleccionados,No seleccionados,No seleccionados,No seleccionados,No seleccionados,No seleccionados,No seleccionados,,No,Seleccionados,No seleccionados,No seleccionados,No seleccionados,No seleccionados,No,No,No,Seleccionados,No seleccionados,No seleccionados,No seleccionados,No seleccionados,No seleccionados,No seleccionados,No,No,No,No,Si,Si,No,No,No,No,No,No information,2022-03-25,Si,Si,Si,No,No,Seleccionados,No seleccionados,No seleccionados,No seleccionados,No seleccionados,No seleccionados,No seleccionados,No seleccionados,No,Seleccionados,No seleccionados,No seleccionados,No seleccionados,No seleccionados,No aplica,Sepsis,"2,6",55,"8,6",76.0,42.0,53,157.98000000000002,42.0,No,No,No,No,No,13370.0,19320,9740,"13,3",321000.0,No information,4,No information,"0,5","43,9",No information,No information,No information,No information,"1,9",148,677,156,Positivo,No,No,No,E. faecalis,No,No,No,No,No information,Si,Si,2022-05-25,10.0,Si,Seleccionados,No seleccionados,No seleccionados,No seleccionados,No seleccionados,No seleccionados,No seleccionados,No seleccionados,Seleccionados,No seleccionados,Seleccionados,No seleccionados,No seleccionados,No seleccionados,Seleccionados,No seleccionados,Seleccionados,No seleccionados,No seleccionados,No seleccionados,No information,2022-05-25,No,Si,Nativa,Cronica,Definitivo,no,No,Si,No,Seleccionados,No seleccionados,No seleccionados,No seleccionados,Si,No,No,No,No,No,No,No,No,Si,No seleccionados,Seleccionados,No seleccionados,Seleccionados,Seleccionados,No seleccionados,No seleccionados,No seleccionados,No seleccionados,No seleccionados,No seleccionados,No seleccionados,No seleccionados,No seleccionados,No seleccionados,Seleccionados,No seleccionados,No seleccionados,No seleccionados,No information,47.0,Si,Abierta,Reparo valvular,Otro,No,Seleccionados,No seleccionados,No seleccionados,No seleccionados,No seleccionados,No seleccionados,No seleccionados,No seleccionados,Si,47,Si,Si,Si,Muerto,Cardiovascular,1
