ID;Edad;Sexo;Fecha de ingreso;Fecha de egreso;Dias estancia;Hipertension arterial;Diabetes mellitus;Dislipidemia  ;Obesidad Sobrepeso;Falla cardiaca;FEVI;Fibrilacion auricular;Enfermedad coronaria;Accidente cerebrovascular;Valvulopatia;Estenosis valvular Ninguna;Estenosis valvular Tricuspide;Estenosis valvular Aortica;Estenosis valvular Pulmonar;Estenosis valvular Mitral;Estenosis valvular No information;Insuficiencia valvular Ninguna;Insuficiencia valvular Tricuspide;Insuficiencia valvular Aortica;Insuficiencia valvular Pulmonar;Insuficiencia valvular Mitral;Insuficiencia valvular No information;Reemplazo valvular;Reemplazo valvular mecanico;Reemplazo valvular biologica  ;Cirugia cardiaca no valvular;Dispositivo cardiaco No;Dispositivo cardiaco CDI;Dispositivo cardiaco TRC;Dispositivo cardiaco Marcapasos;Dispositivo cardiaco No information;Enfermedad cardiaca reumatica;Abuso de alcohol;Cancer;Inmunosupresion o enfermedad autoinmune No;Inmunosupresion o enfermedad autoinmune Trasplantado;Inmunosupresion o enfermedad autoinmune Enfermedad autoinmune;Inmunosupresion o enfermedad autoinmune Uso de esteroides;Inmunosupresion o enfermedad autoinmune VIH;Inmunosupresion o enfermedad autoinmune Otro;Inmunosupresion o enfermedad autoinmune No information;Enfermedad hepatica cirrosis;Enfermedad renal;Enfermedad pulmonar obstructiva cronica;Enfermedad tiroidea;Cardiopatia congenita;Cateter permanente  ;Cirugia o procedimiento endoscopico previo;Endocarditis previa;Procedimiento odontologico previo;Presencia de inflamacion infeccion odontologica;Uso de drogas IV;Otro factor predisponente;Fecha de inicio de los sintomas;Fiebre;Disnea;Astenia adinamia;Sintomas neurologicos;Tos;Eventos vasculares No;Eventos vasculares Lesion de Janeway;Eventos vasculares Hemorragia en astilla;Eventos vasculares Embolismo;Eventos vasculares Hemorragia conjuntival;Eventos vasculares ACV hemorragico;Eventos vasculares ACV isquemico;Eventos vasculares No information;Hematuria  ;Manifestacion inmunologica No;Manifestacion inmunologica Nodulo de Osler;Manifestacion inmunologica Manchas de Roth;Manifestacion inmunologica Glomerulonefritis;Manifestacion inmunologica No information;Descompensacion de falla cardiaca;Sepsis Shock Septico  ;Peso  ;Talla  ;IMC;Presion arterial sistolica;Presion arterial diastolica;Presion arterial media;Frecuencia cardiaca;Frecuencia respiratoria  ;Esplenomegalia;Hepatomegalia;Soplo cardiaco de novo;Exacerbacion  soplo cardiaco preexistente;Edema en miembros inferiores;Leucocitos  ;Linfocitos  ;Neutrofilos  ;Hemoglobina  ;Plaquetas;Velocidad eritrosedimentacion;Proteina C reactiva;Factor reumatoideo  ;Creatinina;Nitrogeno ureico;NT proBNP BNP  ;Troponina I ultrasensible;Troponina T;Procalcitonina;Potasio;Sodio;AST;ALT;Hemocultivo;Staphylococcus aureus;Staphylococcus coagulasa negativo;Streptococcus;Enterococcus spp;HACEK;Bacteria gram negativa;Hongos;Polimicrobiano;Otro patogeno;Aislamiento positivo;Ecocardiograma;Fecha ecocardiograma;FEVI;Valvulopatia;Estenosis valvular No);Estenosis valvular Aortica);Estenosis valvular Mitral);Estenosis valvular Pulmonar);Estenosis valvular Tricuspidea);Estenosis valvular No information);Insuficiencia valvular No);Insuficiencia valvular Aortica);Insuficiencia valvular Mitral);Insuficiencia valvular Pulmonar);Insuficiencia valvular Tricuspidea);Insuficiencia valvular No information);VegetacionesNo);VegetacionesAortica);VegetacionesMitral);VegetacionesPulmonar);VegetacionesTricuspidea);VegetacionesDispositivo);VegetacionesOtro);VegetacionesNo information);Otro sitio anatomico para vegetacion;Fecha del diagnostico  ;Sospecha clinica;Confirmacion con imagen  ;Tipo de endocarditis;Tipo de endocarditis (temporalidad);Diagnostico con criterios de Duke;Evento embolico;Evento cerebrovascular;Falla cardiaca descompensada;Hemocultivo  positivo persistente;ArritmiaNo);ArritmiaVentricular);ArritmiaSupraventricular);ArritmiaNo information);Shock septico;Espondilitis;Fiebre persistente;Aneurisma micotico;Trombocitopenia;Glomerulonefritis;Absceso;Hemodialisis;Mediastinitis;Antibiotico;Antibiotico  recibidoCeftriaxona);Antibiotico  recibidoVancomicina);Antibiotico  recibidoCeftazidima avibactam);Antibiotico  recibidoMeropenem);Antibiotico  recibidoGentamicina);Antibiotico  recibidoRifampicina);Antibiotico  recibidoAmoxicilina);Antibiotico  recibidoCefepime);Antibiotico  recibidoDoxiciclina);Antibiotico  recibidoPenicilina benzatinica);Antibiotico  recibidoFlucloxacilina);Antibiotico  recibidoCeftarolina);Antibiotico  recibidoDaptomicina);Antibiotico  recibidoPiperacilina Tazobactam);Antibiotico  recibidoOxacilina);Antibiotico  recibidoAmpicilina);Antibiotico  recibidoMoxifloxacino);Antibiotico  recibidoOtro);Antibiotico  recibidoNo information);Otro antibiotico;Dias antibiotico;Intervencion quirurgica;Tipo de cirugia  ;Procedimiento valvular;Procedimiento concomitante;Otro procedimiento concomitante;Requerimiento de Retiro de  algun dispositivo ;Complicacion postoperatoriaNinguna);Complicacion postoperatoriaACV);Complicacion postoperatoriaDialisis);Complicacion postoperatoriaAlteracion de la conduccion);Complicacion postoperatoriaDispositivo cardiaco);Complicacion postoperatoriaReintervencion por sangrado);Complicacion postoperatoriaISO);Complicacion postoperatoriaNo information);Requerimiento de UCI;Dias de estancia en UCI;Requerimiento de inotropicos;Requerimiento de vasoactivos;Requerimiento de VMI;Estado vital al  finalizar hospitalizacion;Causa de muerte;Mortalidad intraoperatoria;Mortalidad en las primeras 48 horas POP
1;60;Hombre;25/10/22;18/11/22;24;No;No;No;No;No;;No;No;No;No;No seleccionados;No seleccionados;No seleccionados;No seleccionados;No seleccionados;No seleccionados;No seleccionados;No seleccionados;No seleccionados;No seleccionados;No seleccionados;No seleccionados;;;;No;Seleccionados;No seleccionados;No seleccionados;No seleccionados;No seleccionados;No;No;No;Seleccionados;No seleccionados;No seleccionados;No seleccionados;No seleccionados;No seleccionados;No seleccionados;No;No;No;No;Si;No;No;No;No;No information;No;infeccion urinaria y artritis septica;21/09/22;No;Si;Si;No;Si;Seleccionados;No seleccionados;No seleccionados;No seleccionados;No seleccionados;No seleccionados;No seleccionados;No seleccionados;No;Seleccionados;No seleccionados;No seleccionados;No seleccionados;No seleccionados;Stevenson B;No;59,1;169;20,7;150;65;93;108;19;No;No;No;No;No;9120;1210;6840;11,4;195000;67;9,7;No information;0,99;8,7;1782;188;No information;0,062;4,1;138;11;16;Negativo;No;No;No;No;No;No;No;No;No information;No;Si;26/10/22;35;Si;Seleccionados;No seleccionados;No seleccionados;No seleccionados;No seleccionados;No seleccionados;No seleccionados;Seleccionados;No seleccionados;No seleccionados;No seleccionados;No seleccionados;No seleccionados;Seleccionados;No seleccionados;No seleccionados;No seleccionados;No seleccionados;No seleccionados;No seleccionados;No information;28/10/22;Si;Si;Nativa;Aguda;Definitivo;no;No;Si;No;No seleccionados;No seleccionados;Seleccionados;No seleccionados;No;No;No;No;No;No;No;No;No;Si;No seleccionados;No seleccionados;No seleccionados;No seleccionados;No seleccionados;No seleccionados;No seleccionados;No seleccionados;No seleccionados;No seleccionados;No seleccionados;Seleccionados;Seleccionados;Seleccionados;No seleccionados;No seleccionados;No seleccionados;No seleccionados;No seleccionados;No information;23;Si;Abierta;Protesis mecanica;Ninguno;;No;No seleccionados;No seleccionados;No seleccionados;Seleccionados;No seleccionados;No seleccionados;No seleccionados;No seleccionados;Si;13;No;No;No;Vivo;;;
2;75;Hombre;25/10/22;29/11/22;35;Si;No;No;No;No;;No;Si;No;Si;Seleccionados;No seleccionados;No seleccionados;No seleccionados;No seleccionados;No seleccionados;Seleccionados;No seleccionados;No seleccionados;No seleccionados;No seleccionados;No seleccionados;Si;No Aplica;Mitral;No;Seleccionados;No seleccionados;No seleccionados;No seleccionados;No seleccionados;No;No;No;Seleccionados;No seleccionados;No seleccionados;No seleccionados;No seleccionados;No seleccionados;No seleccionados;No;No;No;No;No;No;No;No;No;No;No;No information;13/10/22;Si;No;Si;Si;No;Seleccionados;No seleccionados;No seleccionados;No seleccionados;No seleccionados;No seleccionados;No seleccionados;No seleccionados;No;Seleccionados;No seleccionados;No seleccionados;No seleccionados;No seleccionados;No aplica;Shock  septico;62;170;21,5;75;37;49,67;110;26;No;No;No;No;No;10040;1060;6930;10,5;14600;No information;7,02;No information;0,69;17,3;No information;No information;No information;No information;3,3;135;No information;No information;Positivo;Si, meticilino sensible;No;No;No;No;No;No;No;No information;Si;Si;10/11/22;64;Si;No seleccionados;No seleccionados;Seleccionados;No seleccionados;No seleccionados;No seleccionados;Seleccionados;No seleccionados;No seleccionados;No seleccionados;No seleccionados;No seleccionados;Seleccionados;No seleccionados;No seleccionados;No seleccionados;No seleccionados;No seleccionados;No seleccionados;No seleccionados;No information;29/10/22;Si;Si;Protesica;Aguda;Definitivo;no;No;No;No;Seleccionados;No seleccionados;No seleccionados;No seleccionados;Si;No;No;No;No;No;No;No;No;Si;No seleccionados;Seleccionados;No seleccionados;Seleccionados;No seleccionados;No seleccionados;No seleccionados;No seleccionados;No seleccionados;No seleccionados;No seleccionados;No seleccionados;No seleccionados;No seleccionados;Seleccionados;No seleccionados;No seleccionados;No seleccionados;No seleccionados;No information;40;Si;Endovascular;Protesis biologica;Extraccion de masa;;No;No seleccionados;No seleccionados;No seleccionados;Seleccionados;No seleccionados;No seleccionados;No seleccionados;No seleccionados;Si;27;Si;Si;No;Vivo;;;
3;2;Mujer;13/12/16;22/03/17;99;No;No;No;No;No;;No;No;No;No;No seleccionados;No seleccionados;No seleccionados;No seleccionados;No seleccionados;No seleccionados;No seleccionados;No seleccionados;No seleccionados;No seleccionados;No seleccionados;No seleccionados;;;;No;Seleccionados;No seleccionados;No seleccionados;No seleccionados;No seleccionados;No;No;No;Seleccionados;No seleccionados;No seleccionados;No seleccionados;No seleccionados;No seleccionados;No seleccionados;No;No;No;Hipotiroidismo;No;Si;Gastrointestinal;No;No;No;No;Vacunacion incompleta;10/11/16;Si;No;No;Si;Si;Seleccionados;No seleccionados;No seleccionados;No seleccionados;No seleccionados;No seleccionados;No seleccionados;No seleccionados;No;Seleccionados;No seleccionados;No seleccionados;No seleccionados;No seleccionados;No aplica;No;10;85;13,8;94;56;68;91;24;No;No;No;No;No;8970;3100;4280;9,3;132000;No information;2,31;No information;0,34;34;No information;No information;No information;No information;3,44;141;435;441;Positivo;Si, meticilino resistente;S. epidermidis;No;No;No;No;No;Si;Staphylococcushaemolyticus;Si;Si;13/12/16;68;No;No seleccionados;No seleccionados;No seleccionados;No seleccionados;No seleccionados;No seleccionados;No seleccionados;No seleccionados;No seleccionados;No seleccionados;No seleccionados;No seleccionados;No seleccionados;No seleccionados;No seleccionados;No seleccionados;Seleccionados;No seleccionados;No seleccionados;No seleccionados;No information;9/12/16;Si;Si;Nativa;Aguda;Definitivo;no;No;No;No;Seleccionados;No seleccionados;No seleccionados;No seleccionados;No;No;No;No;Si;No;No;No;No;Si;No seleccionados;Seleccionados;No seleccionados;No seleccionados;No seleccionados;No seleccionados;No seleccionados;No seleccionados;No seleccionados;No seleccionados;No seleccionados;No seleccionados;No seleccionados;No seleccionados;No seleccionados;No seleccionados;No seleccionados;No seleccionados;No seleccionados;No information;42;No;;;;;;No seleccionados;No seleccionados;No seleccionados;No seleccionados;No seleccionados;No seleccionados;No seleccionados;No seleccionados;No;0;No;No;No;Vivo;;;
4;62;Hombre;15/02/17;17/04/17;61;Si;No;Si;Sobrepeso (>=25-29.9 IMC);Si;< 40%;No;No;No;Si;No seleccionados;No seleccionados;Seleccionados;No seleccionados;No seleccionados;No seleccionados;No seleccionados;No seleccionados;No seleccionados;No seleccionados;Seleccionados;No seleccionados;No;;;No;Seleccionados;No seleccionados;No seleccionados;No seleccionados;No seleccionados;No;No;Si;Seleccionados;No seleccionados;No seleccionados;No seleccionados;No seleccionados;No seleccionados;No seleccionados;No;No;Si;No;No;No;No;No;No;No;No;No information;15/02/17;No;Si;Si;No;Si;Seleccionados;No seleccionados;No seleccionados;No seleccionados;No seleccionados;No seleccionados;No seleccionados;No seleccionados;No;Seleccionados;No seleccionados;No seleccionados;No seleccionados;No seleccionados;No aplica;No;52;165;19,1;105;62;76;104;19;No;No;No;Si;No;9010;1530;5750;7,2;332000;No information;16,59;No information;0,85;18,9;No information;24,1;No information;5,78;4,33;136;51,4;64,5;Negativo;No;No;No;No;No;No;No;No;No information;No;Si;16/02/17;54;Si;No seleccionados;Seleccionados;No seleccionados;No seleccionados;No seleccionados;No seleccionados;No seleccionados;No seleccionados;Seleccionados;No seleccionados;No seleccionados;No seleccionados;Seleccionados;No seleccionados;No seleccionados;No seleccionados;No seleccionados;No seleccionados;No seleccionados;No seleccionados;No information;6/03/17;Si;Si;Nativa;Aguda;Definitivo;no;No;No;No;Seleccionados;No seleccionados;No seleccionados;No seleccionados;No;No;Si;No;No;No;Si;No;Si;Si;Seleccionados;Seleccionados;No seleccionados;Seleccionados;No seleccionados;No seleccionados;No seleccionados;No seleccionados;No seleccionados;No seleccionados;No seleccionados;No seleccionados;No seleccionados;No seleccionados;No seleccionados;No seleccionados;No seleccionados;No seleccionados;No seleccionados;No information;60;Si;Abierta;Protesis biologica;RVM;;No;No seleccionados;No seleccionados;No seleccionados;No seleccionados;No seleccionados;No seleccionados;Seleccionados;No seleccionados;Si;35;Si;No;No;Vivo;;;
5;72;Mujer;30/12/16;9/02/17;41;Si;No;No;Sobrepeso (>=25-29.9 IMC);No;;No;No;No;No;No seleccionados;No seleccionados;No seleccionados;No seleccionados;No seleccionados;No seleccionados;No seleccionados;No seleccionados;No seleccionados;No seleccionados;No seleccionados;No seleccionados;;;;No;Seleccionados;No seleccionados;No seleccionados;No seleccionados;No seleccionados;No;No;No;Seleccionados;No seleccionados;No seleccionados;No seleccionados;No seleccionados;No seleccionados;No seleccionados;No;No;Si;No;No;No;No;No;No;No;No;No information;30/12/16;No;No;No;Si;No;Seleccionados;No seleccionados;No seleccionados;No seleccionados;No seleccionados;No seleccionados;No seleccionados;No seleccionados;No;Seleccionados;No seleccionados;No seleccionados;No seleccionados;No seleccionados;No aplica;No;75;160;29,3;147;62;90;102;16;No;No;No;No;No;19290;610;17880;11,2;317000;No information;47,6;No information;0,86;17,1;No information;No information;No information;No information;4,44;147;40,3;59,4;Positivo;No;No;S. pneumoniae;No;No;No;No;No;No information;Si;Si;6/01/17;75;No;No seleccionados;No seleccionados;No seleccionados;No seleccionados;No seleccionados;No seleccionados;No seleccionados;No seleccionados;No seleccionados;No seleccionados;No seleccionados;No seleccionados;No seleccionados;No seleccionados;Seleccionados;No seleccionados;No seleccionados;No seleccionados;No seleccionados;No seleccionados;No information;6/01/17;Si;Si;Nativa;Aguda;Definitivo;Otro;No;No;No;No seleccionados;No seleccionados;Seleccionados;No seleccionados;No;No;No;No;No;No;Si;No;No;Si;Seleccionados;Seleccionados;No seleccionados;No seleccionados;No seleccionados;No seleccionados;No seleccionados;No seleccionados;No seleccionados;No seleccionados;No seleccionados;No seleccionados;No seleccionados;No seleccionados;No seleccionados;No seleccionados;No seleccionados;No seleccionados;No seleccionados;No information;42;No;;;;;;No seleccionados;No seleccionados;No seleccionados;No seleccionados;No seleccionados;No seleccionados;No seleccionados;No seleccionados;Si;1;No;Si;No;Vivo;;;
6;7;Mujer;20/01/17;22/02/17;33;No;No;No;No;No;;No;No;No;Si;Seleccionados;No seleccionados;No seleccionados;No seleccionados;No seleccionados;No seleccionados;No seleccionados;No seleccionados;No seleccionados;No seleccionados;Seleccionados;No seleccionados;No;;;Si;Seleccionados;No seleccionados;No seleccionados;No seleccionados;No seleccionados;No;No;No;Seleccionados;No seleccionados;No seleccionados;No seleccionados;No seleccionados;No seleccionados;No seleccionados;No;No;No;No;Si;No;No;No;No;No;No;Desnutricion;8/01/17;Si;No;No;No;No;No seleccionados;No seleccionados;No seleccionados;Seleccionados;No seleccionados;No seleccionados;No seleccionados;No seleccionados;No;Seleccionados;No seleccionados;No seleccionados;No seleccionados;No seleccionados;No aplica;No;14,2;125;9,1;111;74;86;75;38;No;Si;Si;No;No;18020;1750;14190;9,9;213000;No information;14,52;No information;0,33;13,4;4206;No information;No information;No information;4,72;138;34;37,4;Negativo;No;No;No;No;No;No;No;No;No information;No;Si;21/01/17;48;Si;Seleccionados;No seleccionados;No seleccionados;No seleccionados;No seleccionados;No seleccionados;No seleccionados;No seleccionados;Seleccionados;No seleccionados;No seleccionados;No seleccionados;Seleccionados;No seleccionados;No seleccionados;No seleccionados;No seleccionados;No seleccionados;No seleccionados;No seleccionados;No information;18/01/17;No;Si;Nativa;Aguda;Posible;Otro;ACV hemorragico;Si;No;Seleccionados;No seleccionados;No seleccionados;No seleccionados;No;No;No;No;No;No;Si;No;No;Si;Seleccionados;Seleccionados;No seleccionados;No seleccionados;No seleccionados;No seleccionados;No seleccionados;No seleccionados;No seleccionados;No seleccionados;No seleccionados;No seleccionados;No seleccionados;No seleccionados;No seleccionados;No seleccionados;No seleccionados;Seleccionados;No seleccionados;Metronidazol;28;No;;;;;;No seleccionados;No seleccionados;No seleccionados;No seleccionados;No seleccionados;No seleccionados;No seleccionados;No seleccionados;Si;6;Si;No;No;Vivo;;;
7;14;Mujer;29/01/17;1/03/17;31;No;No;No;No;Si;> o igual 50%;No;No;Si;Si;No seleccionados;No seleccionados;No seleccionados;No seleccionados;Seleccionados;No seleccionados;No seleccionados;Seleccionados;No seleccionados;No seleccionados;No seleccionados;No seleccionados;Si;No Aplica;Mitral;No;Seleccionados;No seleccionados;No seleccionados;No seleccionados;No seleccionados;No;No;No;Seleccionados;No seleccionados;No seleccionados;No seleccionados;No seleccionados;No seleccionados;No seleccionados;No;No;No;No;No;No;No;No;No;No;No;No information;22/01/17;Si;Si;Si;Si;Si;No seleccionados;No seleccionados;No seleccionados;No seleccionados;No seleccionados;No seleccionados;Seleccionados;No seleccionados;No;Seleccionados;No seleccionados;No seleccionados;No seleccionados;No seleccionados;Stevenson A;No;29,8;150;13,2;93;57;69;105;25;No;No;No;No;Si;5810;770;4190;10,9;295000;No information;0,89;No information;0,66;9,4;6651;No information;No information;No information;3,89;138;31;20,4;Negativo;No;No;No;No;No;No;No;No;No information;No;Si;29/01/17;30;Si;No seleccionados;No seleccionados;Seleccionados;No seleccionados;No seleccionados;No seleccionados;No seleccionados;No seleccionados;No seleccionados;Seleccionados;Seleccionados;No seleccionados;Seleccionados;No seleccionados;No seleccionados;No seleccionados;No seleccionados;No seleccionados;No seleccionados;No seleccionados;No information;7/02/17;Si;No;Nativa;Aguda;Improbable;Coronarias;ACV isquemico;Si;No;Seleccionados;No seleccionados;No seleccionados;No seleccionados;No;No;No;No;No;No;Si;No;No;Si;No seleccionados;Seleccionados;No seleccionados;No seleccionados;No seleccionados;Seleccionados;No seleccionados;Seleccionados;No seleccionados;No seleccionados;No seleccionados;No seleccionados;No seleccionados;No seleccionados;No seleccionados;No seleccionados;No seleccionados;No seleccionados;No seleccionados;Metronidazol;28;No;;;;;;No seleccionados;No seleccionados;No seleccionados;No seleccionados;No seleccionados;No seleccionados;No seleccionados;No seleccionados;Si;5;No;No;No;Vivo;;;
8;17;Mujer;4/08/17;18/08/17;14;No;No;No;No;No;;No;No;No;No;No seleccionados;No seleccionados;No seleccionados;No seleccionados;No seleccionados;No seleccionados;No seleccionados;No seleccionados;No seleccionados;No seleccionados;No seleccionados;No seleccionados;;;;No;Seleccionados;No seleccionados;No seleccionados;No seleccionados;No seleccionados;No;No;No;Seleccionados;No seleccionados;No seleccionados;No seleccionados;No seleccionados;No seleccionados;No seleccionados;No;No;No;No;Si;No;No;No;No;No;No;No information;4/06/17;Si;No;Si;No;No;No seleccionados;No seleccionados;No seleccionados;Seleccionados;No seleccionados;No seleccionados;No seleccionados;No seleccionados;No;Seleccionados;No seleccionados;No seleccionados;No seleccionados;No seleccionados;No aplica;No;58;160;22,7;107;77;87;84;18;Si;Si;No;Si;No;6990;1810;6840;11,2;355000;22;2,43;No information;0,58;5,4;No information;No information;No information;No information;4,59;143;14,2;14,1;Positivo;No;No;S. viridans;No;No;No;No;No;No information;Si;Si;10/08/17;60;No;No seleccionados;No seleccionados;No seleccionados;No seleccionados;No seleccionados;No seleccionados;No seleccionados;No seleccionados;No seleccionados;No seleccionados;No seleccionados;No seleccionados;Seleccionados;No seleccionados;No seleccionados;No seleccionados;No seleccionados;No seleccionados;No seleccionados;No seleccionados;No information;11/08/17;Si;No;Protesica;Subaguda;Definitivo;Pulmon;No;No;No;Seleccionados;No seleccionados;No seleccionados;No seleccionados;No;No;No;No;No;No;No;No;No;Si;Seleccionados;Seleccionados;No seleccionados;No seleccionados;No seleccionados;No seleccionados;No seleccionados;No seleccionados;No seleccionados;No seleccionados;No seleccionados;No seleccionados;No seleccionados;No seleccionados;No seleccionados;No seleccionados;No seleccionados;No seleccionados;No seleccionados;No information;28;No;;;;;;No seleccionados;No seleccionados;No seleccionados;No seleccionados;No seleccionados;No seleccionados;No seleccionados;No seleccionados;No;0;No;No;No;Vivo;;;
9;52;Hombre;12/03/17;2/05/17;51;Si;No;No;No;No;;No;No;No;No;No seleccionados;No seleccionados;No seleccionados;No seleccionados;No seleccionados;No seleccionados;No seleccionados;No seleccionados;No seleccionados;No seleccionados;No seleccionados;No seleccionados;;;;No;Seleccionados;No seleccionados;No seleccionados;No seleccionados;No seleccionados;No;Si;No;No seleccionados;No seleccionados;Seleccionados;No seleccionados;No seleccionados;No seleccionados;No seleccionados;No;No;No;No;No;No;No;No;No;No;No;No information;27/03/17;Si;No;Si;Si;No;No seleccionados;No seleccionados;No seleccionados;Seleccionados;No seleccionados;No seleccionados;Seleccionados;No seleccionados;No;Seleccionados;No seleccionados;No seleccionados;No seleccionados;No seleccionados;No aplica;Shock  septico;70;170;24,2;146;62;90;86;16;No;No;Si;No;No;10820;950;8490;6,1;276000;No information;2,72;No information;1,39;27,1;No information;No information;No information;No information;4,08;138;30,7;29,2;Positivo;Si, meticilino resistente;No;No;No;No;No;No;No;No information;Si;Si;3/04/17;60;No;No seleccionados;No seleccionados;No seleccionados;No seleccionados;No seleccionados;No seleccionados;No seleccionados;No seleccionados;No seleccionados;No seleccionados;No seleccionados;No seleccionados;No seleccionados;Seleccionados;No seleccionados;No seleccionados;No seleccionados;No seleccionados;No seleccionados;No seleccionados;No information;4/04/17;Si;Si;Nativa;Aguda;Definitivo;Pulmon;ACV isquemico;No;No;Seleccionados;No seleccionados;No seleccionados;No seleccionados;Si;No;No;No;No;No;No;No;No;Si;No seleccionados;Seleccionados;No seleccionados;No seleccionados;No seleccionados;No seleccionados;No seleccionados;No seleccionados;No seleccionados;No seleccionados;No seleccionados;Seleccionados;No seleccionados;No seleccionados;Seleccionados;No seleccionados;Seleccionados;No seleccionados;No seleccionados;No information;60;No;;;;;;No seleccionados;No seleccionados;No seleccionados;No seleccionados;No seleccionados;No seleccionados;No seleccionados;No seleccionados;Si;28;No;Si;Si;Vivo;;;
10;35;Hombre;2/06/17;14/07/17;42;Si;No;No;Sobrepeso (>=25-29.9 IMC);No;;No;No;No;No;No seleccionados;No seleccionados;No seleccionados;No seleccionados;No seleccionados;No seleccionados;No seleccionados;No seleccionados;No seleccionados;No seleccionados;No seleccionados;No seleccionados;;;;No;Seleccionados;No seleccionados;No seleccionados;No seleccionados;No seleccionados;No;No;No;Seleccionados;No seleccionados;No seleccionados;No seleccionados;No seleccionados;No seleccionados;No seleccionados;No;Si, con hemodialisis;No;No;No;Si;No;No;No;No;No;No information;2/06/17;Si;No;Si;No;No;Seleccionados;No seleccionados;No seleccionados;No seleccionados;No seleccionados;No seleccionados;No seleccionados;No seleccionados;No;Seleccionados;No seleccionados;No seleccionados;No seleccionados;No seleccionados;No aplica;No;85;172;28,7;128;65;86;122;20;No;No;Si;No;No;8380;800;7070;4,7;71000;31;7,83;246;5,94;47,6;No information;No information;No information;No information;4,64;131;No information;No information;Positivo;Si, meticilino sensible;No;No;No;No;Serratia marcescens;No;Si;No information;Si;Si;12/06/17;65;Si;Seleccionados;No seleccionados;No seleccionados;No seleccionados;No seleccionados;No seleccionados;No seleccionados;No seleccionados;Seleccionados;No seleccionados;Seleccionados;No seleccionados;No seleccionados;No seleccionados;No seleccionados;No seleccionados;Seleccionados;No seleccionados;No seleccionados;No seleccionados;No information;13/06/17;Si;Si;Nativa;Aguda;Definitivo;no;No;No;No;Seleccionados;No seleccionados;No seleccionados;No seleccionados;No;No;No;No;Si;No;No;No;No;Si;No seleccionados;No seleccionados;No seleccionados;Seleccionados;No seleccionados;No seleccionados;No seleccionados;No seleccionados;No seleccionados;No seleccionados;No seleccionados;No seleccionados;No seleccionados;No seleccionados;Seleccionados;No seleccionados;No seleccionados;No seleccionados;No seleccionados;No information;31;Si;Abierta;Reparo valvular;Extraccion de masa;;No;Seleccionados;No seleccionados;No seleccionados;No seleccionados;No seleccionados;No seleccionados;No seleccionados;No seleccionados;No;0;No;No;No;Vivo;;;
11;21;Hombre;27/08/17;9/10/17;43;No;No;No;No;No;;No;No;No;No;No seleccionados;No seleccionados;No seleccionados;No seleccionados;No seleccionados;No seleccionados;No seleccionados;No seleccionados;No seleccionados;No seleccionados;No seleccionados;No seleccionados;;;;No;Seleccionados;No seleccionados;No seleccionados;No seleccionados;No seleccionados;No;No;No;Seleccionados;No seleccionados;No seleccionados;No seleccionados;No seleccionados;No seleccionados;No seleccionados;No;Si, con hemodialisis;No;No;No;Si;Urologico;No;No;No;No;Mielomeningocele;17/08/17;Si;Si;Si;No;Si;Seleccionados;No seleccionados;No seleccionados;No seleccionados;No seleccionados;No seleccionados;No seleccionados;No seleccionados;Si;Seleccionados;No seleccionados;No seleccionados;No seleccionados;No seleccionados;Stevenson B;Sepsis;52;170;17,99;76;38;50,7;100;22;No;No;Si;No;Si;27150;1800;24110;7,6;397000;No information;15,3;13,3;7,4;62;No information;No information;No information;No information;5,1;140,2;24,4;13,5;Positivo;No;S. epidermidis;No;No;No;No;No;No;No information;Si;Si;28/08/17;60;Si;Seleccionados;No seleccionados;No seleccionados;No seleccionados;No seleccionados;No seleccionados;No seleccionados;No seleccionados;Seleccionados;No seleccionados;No seleccionados;No seleccionados;No seleccionados;No seleccionados;Seleccionados;No seleccionados;No seleccionados;No seleccionados;No seleccionados;No seleccionados;No information;17/08/17;No;Si;Nativa;Aguda;Definitivo;no;No;Si;No;Seleccionados;No seleccionados;No seleccionados;No seleccionados;No;No;No;No;No;No;No;No;No;Si;Seleccionados;Seleccionados;No seleccionados;Seleccionados;No seleccionados;No seleccionados;No seleccionados;No seleccionados;No seleccionados;No seleccionados;No seleccionados;No seleccionados;Seleccionados;No seleccionados;No seleccionados;No seleccionados;No seleccionados;No seleccionados;No seleccionados;No information;42;Si;Abierta;Protesis biologica;Extraccion de masa;;No;Seleccionados;No seleccionados;No seleccionados;No seleccionados;No seleccionados;No seleccionados;No seleccionados;No seleccionados;Si;7;Si;Si;Si;Vivo;;;
12;41;Hombre;19/05/17;9/06/17;21;No;No;No;No;Si;> o igual 50%;Si;No;No;Si;Seleccionados;No seleccionados;No seleccionados;No seleccionados;No seleccionados;No seleccionados;No seleccionados;Seleccionados;No seleccionados;No seleccionados;Seleccionados;No seleccionados;Si;No Aplica;Mitral;Si;Seleccionados;No seleccionados;No seleccionados;No seleccionados;No seleccionados;No;No;No;Seleccionados;No seleccionados;No seleccionados;No seleccionados;No seleccionados;No seleccionados;No seleccionados;No;No;No;No;No;No;Gastrointestinal;No;No;No;No;No information;28/04/17;Si;No;No;Si;No;No seleccionados;No seleccionados;No seleccionados;Seleccionados;No seleccionados;Seleccionados;Seleccionados;No seleccionados;No;Seleccionados;No seleccionados;No seleccionados;No seleccionados;No seleccionados;No aplica;Sepsis;60;176;19,4;125;76;92,3;71;20;No;No;Si;No;No;6390;1260;4010;9,5;290000;No information;1,27;No information;0,61;14,1;No information;No information;No information;No information;4,42;133;No information;No information;Positivo;No;S. capitis;No;No;No;No;No;No;No information;Si;Si;19/05/17;60;Si;Seleccionados;No seleccionados;No seleccionados;No seleccionados;No seleccionados;No seleccionados;Seleccionados;No seleccionados;No seleccionados;No seleccionados;No seleccionados;No seleccionados;No seleccionados;No seleccionados;Seleccionados;No seleccionados;No seleccionados;No seleccionados;No seleccionados;No seleccionados;No information;21/05/17;Si;Si;Protesica;Subaguda;Definitivo;Otro;ACV isquemico;No;No;Seleccionados;No seleccionados;No seleccionados;No seleccionados;No;No;No;No;Si;No;No;No;No;Si;Seleccionados;Seleccionados;No seleccionados;No seleccionados;No seleccionados;No seleccionados;No seleccionados;No seleccionados;No seleccionados;No seleccionados;No seleccionados;No seleccionados;No seleccionados;No seleccionados;No seleccionados;No seleccionados;No seleccionados;No seleccionados;No seleccionados;No information;42;Si;Abierta;Protesis biologica;Ninguno;;No;Seleccionados;No seleccionados;No seleccionados;No seleccionados;No seleccionados;No seleccionados;No seleccionados;No seleccionados;Si;6;Si;Si;Si;Vivo;;;
13;47;Hombre;22/06/17;27/06/17;5;Si;Si;No;Obesidad (>=30 IMC);No;;No;No;No;No;No seleccionados;No seleccionados;No seleccionados;No seleccionados;No seleccionados;No seleccionados;No seleccionados;No seleccionados;No seleccionados;No seleccionados;No seleccionados;No seleccionados;;;;No;Seleccionados;No seleccionados;No seleccionados;No seleccionados;No seleccionados;No;No;No;Seleccionados;No seleccionados;No seleccionados;No seleccionados;No seleccionados;No seleccionados;No seleccionados;Si;No;No;No;No;No;No;No;Si;Si;No;Polineuropatia motora y sensitiva desmielinizante;22/04/17;Si;Si;Si;No;Si;Seleccionados;No seleccionados;No seleccionados;No seleccionados;No seleccionados;No seleccionados;No seleccionados;No seleccionados;No;Seleccionados;No seleccionados;No seleccionados;No seleccionados;No seleccionados;No aplica;No;100;170;34,6;100;45;63,33;98;17;No;No;No;No;No;8180;1150;6690;8,8;180000;No information;7,84;45,9;1,86;22,8;No information;No information;No information;No information;4,11;134;20,8;14,4;Positivo;No;No;S. viridans;No;No;No;No;No;No information;Si;Si;24/06/17;75;No;No seleccionados;No seleccionados;No seleccionados;No seleccionados;No seleccionados;No seleccionados;No seleccionados;No seleccionados;No seleccionados;No seleccionados;No seleccionados;No seleccionados;No seleccionados;Seleccionados;Seleccionados;No seleccionados;No seleccionados;No seleccionados;No seleccionados;No seleccionados;No information;24/06/17;Si;Si;Nativa;Subaguda;Definitivo;no;No;No;No;Seleccionados;No seleccionados;No seleccionados;No seleccionados;No;No;No;No;No;No;No;No;No;Si;Seleccionados;Seleccionados;No seleccionados;No seleccionados;Seleccionados;No seleccionados;No seleccionados;No seleccionados;Seleccionados;No seleccionados;No seleccionados;No seleccionados;No seleccionados;No seleccionados;No seleccionados;No seleccionados;No seleccionados;No seleccionados;No seleccionados;No information;10;No;;;;;;No seleccionados;No seleccionados;No seleccionados;No seleccionados;No seleccionados;No seleccionados;No seleccionados;No seleccionados;Si;3;No;No;No;Remitido;;;
14;43;Hombre;25/09/17;17/10/17;22;No;No;No;No;No;;No;No;No;Si;Seleccionados;No seleccionados;No seleccionados;No seleccionados;No seleccionados;No seleccionados;No seleccionados;No seleccionados;Seleccionados;No seleccionados;No seleccionados;No seleccionados;No;;;No;Seleccionados;No seleccionados;No seleccionados;No seleccionados;No seleccionados;No;Si;No;Seleccionados;No seleccionados;No seleccionados;No seleccionados;No seleccionados;No seleccionados;No seleccionados;No;No;No;No;No;No;No;Si;No;Si;No;No information;26/08/17;Si;Si;Si;No;No;Seleccionados;No seleccionados;No seleccionados;No seleccionados;No seleccionados;No seleccionados;No seleccionados;No seleccionados;No;Seleccionados;No seleccionados;No seleccionados;No seleccionados;No seleccionados;No information;Shock  septico;65;No information;No information;99;47;64,3;110;19;No;Si;Si;No;No;9510;2070;5960;13;308000;No information;2,42;10;0,99;11,9;2823;No information;No information;0,147;3,57;140;57,3;47,9;Negativo;No;No;No;No;No;No;No;No;No information;No;Si;27/08/17;55;Si;Seleccionados;No seleccionados;No seleccionados;No seleccionados;No seleccionados;No seleccionados;No seleccionados;Seleccionados;Seleccionados;No seleccionados;No seleccionados;No seleccionados;No seleccionados;Seleccionados;No seleccionados;No seleccionados;No seleccionados;No seleccionados;No seleccionados;No seleccionados;No information;20/09/17;Si;Si;Nativa;Aguda;Definitivo;no;No;Si;No;Seleccionados;No seleccionados;No seleccionados;No seleccionados;Si;No;No;No;No;No;No;No;No;Si;Seleccionados;Seleccionados;No seleccionados;No seleccionados;No seleccionados;No seleccionados;No seleccionados;No seleccionados;No seleccionados;No seleccionados;No seleccionados;No seleccionados;No seleccionados;No seleccionados;No seleccionados;No seleccionados;No seleccionados;No seleccionados;No seleccionados;No information;26;Si;Abierta;Protesis mecanica;Ninguno;;No;Seleccionados;No seleccionados;No seleccionados;No seleccionados;No seleccionados;No seleccionados;No seleccionados;No seleccionados;Si;8;Si;Si;Si;Vivo;;;
15;63;Hombre;16/02/18;17/03/18;29;Si;No;No;No;Si;< 40%;No;No;No;Si;No seleccionados;No seleccionados;Seleccionados;No seleccionados;No seleccionados;No seleccionados;No seleccionados;No seleccionados;No seleccionados;No seleccionados;Seleccionados;No seleccionados;No;;;Si;No seleccionados;Seleccionados;No seleccionados;No seleccionados;No seleccionados;No;Si;No;Seleccionados;No seleccionados;No seleccionados;No seleccionados;No seleccionados;No seleccionados;No seleccionados;No;Si, sin dialisis;No;Hipotiroidismo;No;No;No;No;No;No;No;No information;10/12/17;Si;No information;No information;No;No information;Seleccionados;No seleccionados;No seleccionados;No seleccionados;No seleccionados;No seleccionados;No seleccionados;No seleccionados;No;Seleccionados;No seleccionados;No seleccionados;No seleccionados;No seleccionados;No information;No;74,5;175;24,3;125;71;89;56;16;No;No;No;No;No;7910;1700;5480;13,8;188000;No information;2,65;No information;1,11;18,7;No information;No information;No information;No information;3,25;139;17,3;11,1;Negativo;No;No;No;No;No;No;No;No;No information;No;Si;2/01/18;30;Si;No seleccionados;No seleccionados;Seleccionados;No seleccionados;No seleccionados;No seleccionados;No seleccionados;Seleccionados;No seleccionados;No seleccionados;No seleccionados;No seleccionados;Seleccionados;No seleccionados;No seleccionados;No seleccionados;No seleccionados;Seleccionados;No seleccionados;No seleccionados;No information;2/01/18;Si;Si;Asociada a Dispositvo cardiaco;Subaguda;Definitivo;no;No;No;No;Seleccionados;No seleccionados;No seleccionados;No seleccionados;No;No;No;No;No;No;No;No;No;Si;No seleccionados;Seleccionados;No seleccionados;Seleccionados;No seleccionados;Seleccionados;No seleccionados;No seleccionados;No seleccionados;No seleccionados;No seleccionados;No seleccionados;No seleccionados;No seleccionados;No seleccionados;No seleccionados;No seleccionados;No seleccionados;No seleccionados;No information;86;Si;Abierta;Protesis biologica;Extraccion de masa;;Retiro percutaneo;Seleccionados;No seleccionados;No seleccionados;No seleccionados;No seleccionados;No seleccionados;No seleccionados;No seleccionados;Si;22;No;Si;No;Vivo;;;
16;38;Hombre;18/02/18;8/03/18;18;No;No;No;No;No;;No;No;No;Si;No seleccionados;No seleccionados;Seleccionados;No seleccionados;No seleccionados;No seleccionados;Seleccionados;No seleccionados;No seleccionados;No seleccionados;No seleccionados;No seleccionados;No;;;No;Seleccionados;No seleccionados;No seleccionados;No seleccionados;No seleccionados;No;No;No;Seleccionados;No seleccionados;No seleccionados;No seleccionados;No seleccionados;No seleccionados;No seleccionados;No;No;No;No;Si;No;No;No;No;No;No;No information;18/01/18;Si;Si;No;No;Si;Seleccionados;No seleccionados;No seleccionados;No seleccionados;No seleccionados;No seleccionados;No seleccionados;No seleccionados;No;Seleccionados;No seleccionados;No seleccionados;No seleccionados;No seleccionados;No aplica;No;51;150;22,7;78;58;64;83;16;No;No;No;Si;No;10870;940;9000;8,6;291000;No information;21,66;17,8;0,58;7;No information;No information;No information;No information;3,73;134;11,3;7;Positivo;No;No;No;No;Aggregatibacter spp;No;No;No;No information;Si;Si;19/02/18;70;Si;No seleccionados;Seleccionados;No seleccionados;No seleccionados;No seleccionados;No seleccionados;No seleccionados;Seleccionados;No seleccionados;No seleccionados;No seleccionados;No seleccionados;Seleccionados;No seleccionados;No seleccionados;No seleccionados;No seleccionados;No seleccionados;No seleccionados;No seleccionados;No information;15/02/18;Si;Si;Nativa;Subaguda;Definitivo;no;No;No;No;Seleccionados;No seleccionados;No seleccionados;No seleccionados;No;No;No;No;No;No;No;No;No;Si;Seleccionados;Seleccionados;No seleccionados;No seleccionados;Seleccionados;No seleccionados;No seleccionados;No seleccionados;No seleccionados;No seleccionados;No seleccionados;No seleccionados;No seleccionados;No seleccionados;No seleccionados;No seleccionados;No seleccionados;No seleccionados;No seleccionados;No information;28;Si;Abierta;Protesis biologica;Ninguno;;No;Seleccionados;No seleccionados;No seleccionados;No seleccionados;No seleccionados;No seleccionados;No seleccionados;No seleccionados;Si;4;Si;Si;Si;Vivo;;;
17;63;Mujer;10/03/18;24/04/18;45;No;Si;Si;Sobrepeso (>=25-29.9 IMC);No;;No;No;No;No;No seleccionados;No seleccionados;No seleccionados;No seleccionados;No seleccionados;No seleccionados;No seleccionados;No seleccionados;No seleccionados;No seleccionados;No seleccionados;No seleccionados;;;;No;Seleccionados;No seleccionados;No seleccionados;No seleccionados;No seleccionados;No;No;No;Seleccionados;No seleccionados;No seleccionados;No seleccionados;No seleccionados;No seleccionados;No seleccionados;No;No;No;No;No;No;No;No;No;Si;No;No information;7/03/18;Si;Si;Si;Si;No;Seleccionados;No seleccionados;No seleccionados;No seleccionados;No seleccionados;No seleccionados;No seleccionados;No seleccionados;No;Seleccionados;No seleccionados;No seleccionados;No seleccionados;No seleccionados;No aplica;Shock  septico;60;145;28,5;80;40;53,3;124;20;No;No;No;No;No;17320;1200;14850;9,1;8000;58;43,89;No information;1,13;30,8;No information;No information;No information;No information;3,92;139;346;49,9;Positivo;No;No;No;No;No;Klebsiella spp;No;No;No information;Si;Si;14/03/18;60;No;No seleccionados;No seleccionados;No seleccionados;No seleccionados;No seleccionados;No seleccionados;No seleccionados;No seleccionados;No seleccionados;No seleccionados;No seleccionados;No seleccionados;No seleccionados;Seleccionados;No seleccionados;No seleccionados;No seleccionados;No seleccionados;No seleccionados;No seleccionados;No information;14/03/18;Si;Si;Nativa;Aguda;Definitivo;Bazo;No;No;No;Seleccionados;No seleccionados;No seleccionados;No seleccionados;Si;No;No;No;Si;No;Si;Si;No;Si;Seleccionados;No seleccionados;No seleccionados;No seleccionados;No seleccionados;No seleccionados;No seleccionados;Seleccionados;No seleccionados;No seleccionados;No seleccionados;No seleccionados;No seleccionados;Seleccionados;No seleccionados;No seleccionados;Seleccionados;No seleccionados;No seleccionados;No information;39;No;;;;;;No seleccionados;No seleccionados;No seleccionados;No seleccionados;No seleccionados;No seleccionados;No seleccionados;No seleccionados;Si;24;Si;Si;Si;Vivo;;;
18;65;Hombre;16/03/18;22/03/18;6;Si;No;No;No;No;;No;No;No;Si;Seleccionados;No seleccionados;No seleccionados;No seleccionados;No seleccionados;No seleccionados;No seleccionados;No seleccionados;No seleccionados;No seleccionados;Seleccionados;No seleccionados;No;;;No;Seleccionados;No seleccionados;No seleccionados;No seleccionados;No seleccionados;No;No;No;Seleccionados;No seleccionados;No seleccionados;No seleccionados;No seleccionados;No seleccionados;No seleccionados;No;No;No;No;No;No;No;No;Si;Si;No;No information;9/03/18;Si;No;No;No;No;Seleccionados;No seleccionados;No seleccionados;No seleccionados;No seleccionados;No seleccionados;No seleccionados;No seleccionados;No;Seleccionados;No seleccionados;No seleccionados;No seleccionados;No seleccionados;No aplica;No;64;164;23,8;112;80;90,7;90;18;No;No;No;No;No;11520;2460;7910;15,7;247000;2;9,9;No information;0,86;9,3;No information;No information;No information;No information;4,65;139;31,7;40,6;Positivo;No;No;S. viridans;No;No;No;No;No;No information;Si;Si;3/03/18;70;Si;Seleccionados;No seleccionados;No seleccionados;No seleccionados;No seleccionados;No seleccionados;No seleccionados;No seleccionados;Seleccionados;No seleccionados;No seleccionados;No seleccionados;No seleccionados;No seleccionados;Seleccionados;No seleccionados;No seleccionados;No seleccionados;No seleccionados;No seleccionados;No information;16/03/18;Si;No;Nativa;Aguda;Definitivo;no;No;No;No;Seleccionados;No seleccionados;No seleccionados;No seleccionados;No;No;No;No;No;No;No;No;No;Si;Seleccionados;No seleccionados;No seleccionados;No seleccionados;No seleccionados;No seleccionados;No seleccionados;No seleccionados;No seleccionados;No seleccionados;No seleccionados;No seleccionados;Seleccionados;No seleccionados;No seleccionados;No seleccionados;No seleccionados;No seleccionados;No seleccionados;No information;25;No;;;;;;No seleccionados;No seleccionados;No seleccionados;No seleccionados;No seleccionados;No seleccionados;No seleccionados;No seleccionados;No;0;No;No;No;Vivo;;;
19;70;Hombre;25/03/18;15/05/18;51;Si;Si;No;No;No;;No;No;Si;No;No seleccionados;No seleccionados;No seleccionados;No seleccionados;No seleccionados;No seleccionados;No seleccionados;No seleccionados;No seleccionados;No seleccionados;No seleccionados;No seleccionados;;;;No;Seleccionados;No seleccionados;No seleccionados;No seleccionados;No seleccionados;No;No;No;No seleccionados;No seleccionados;No seleccionados;No seleccionados;No seleccionados;Seleccionados;No seleccionados;No;No;No;No;No;Si;Gastrointestinal;No;No;No;No;Desnutricion;25/09/17;Si;Si;Si;Si;No;Seleccionados;No seleccionados;No seleccionados;No seleccionados;No seleccionados;No seleccionados;No seleccionados;No seleccionados;No;Seleccionados;No seleccionados;No seleccionados;No seleccionados;No seleccionados;No aplica;No;70;175;22,9;175;95;121,7;100;18;No;No;No;No;Si;10120;4700;4770;9;178000;25;13,87;No information;0,54;29,1;No information;No information;No information;No information;2,94;150;547;148;Positivo;No;No;No;E. faecalis;No;Pseudomonas spp;No;Si;No information;Si;Si;26/04/18;60;No;No seleccionados;No seleccionados;No seleccionados;No seleccionados;No seleccionados;No seleccionados;No seleccionados;No seleccionados;No seleccionados;No seleccionados;No seleccionados;No seleccionados;No seleccionados;Seleccionados;No seleccionados;No seleccionados;No seleccionados;No seleccionados;No seleccionados;No seleccionados;No information;28/04/18;Si;Si;Nativa;Subaguda;Definitivo;Pulmon;No;No;Si;Seleccionados;No seleccionados;No seleccionados;No seleccionados;No;No;No;No;No;No;No;No;No;Si;Seleccionados;Seleccionados;No seleccionados;Seleccionados;No seleccionados;No seleccionados;No seleccionados;No seleccionados;No seleccionados;No seleccionados;No seleccionados;No seleccionados;No seleccionados;No seleccionados;No seleccionados;No seleccionados;No seleccionados;Seleccionados;No seleccionados;PolimixinaB;35;No;;;;;;No seleccionados;No seleccionados;No seleccionados;No seleccionados;No seleccionados;No seleccionados;No seleccionados;No seleccionados;Si;16;No;Si;Si;Remitido;;;
20;80;Hombre;5/05/18;18/05/18;13;Si;Si;No;No;No;;No;No;No;Si;No seleccionados;No seleccionados;Seleccionados;No seleccionados;No seleccionados;No seleccionados;Seleccionados;No seleccionados;No seleccionados;No seleccionados;No seleccionados;No seleccionados;Si;No Aplica;Aortica;No;Seleccionados;No seleccionados;No seleccionados;No seleccionados;No seleccionados;No;No;No;No seleccionados;No seleccionados;No seleccionados;No seleccionados;No seleccionados;Seleccionados;No seleccionados;No;Si, con hemodialisis;No;No;No;Si;Urologico;No;No;No;No;Reciente infeccion asociada a cateter central por Serratia marcescens;28/04/18;Si;No;Si;Si;No;Seleccionados;No seleccionados;No seleccionados;No seleccionados;No seleccionados;No seleccionados;No seleccionados;No seleccionados;No;Seleccionados;No seleccionados;No seleccionados;No seleccionados;No seleccionados;No aplica;Sepsis;74;179;23,1;86;35;52;82;20;No;No;Si;No;No;23680;1582;20312;6,6;71000;No information;15;No information;2,33;16,7;No information;No information;No information;No information;3,64;139;No information;No information;Positivo;No;No;No;No;No;Serratia marcescens;No;No;No information;Si;Si;7/05/18;65;No;No seleccionados;No seleccionados;No seleccionados;No seleccionados;No seleccionados;No seleccionados;No seleccionados;No seleccionados;No seleccionados;No seleccionados;No seleccionados;No seleccionados;No seleccionados;Seleccionados;No seleccionados;No seleccionados;No seleccionados;No seleccionados;No seleccionados;No seleccionados;No information;6/05/18;Si;Si;Protesica;Aguda;Definitivo;no;No;No;No;Seleccionados;No seleccionados;No seleccionados;No seleccionados;No;No;No;No;Si;No;Si;No;No;Si;No seleccionados;Seleccionados;No seleccionados;Seleccionados;No seleccionados;No seleccionados;No seleccionados;No seleccionados;No seleccionados;No seleccionados;No seleccionados;No seleccionados;No seleccionados;No seleccionados;No seleccionados;No seleccionados;No seleccionados;No seleccionados;No seleccionados;No information;40;No;;;;;;No seleccionados;No seleccionados;No seleccionados;No seleccionados;No seleccionados;No seleccionados;No seleccionados;No seleccionados;Si;3;No;Si;No;Remitido;;;
21;65;Hombre;11/06/18;29/06/18;18;Si;No;No;Obesidad (>=30 IMC);Si;< 40%;No;Si;No;No;No seleccionados;No seleccionados;No seleccionados;No seleccionados;No seleccionados;No seleccionados;No seleccionados;No seleccionados;No seleccionados;No seleccionados;No seleccionados;No seleccionados;;;;No;No seleccionados;No seleccionados;Seleccionados;No seleccionados;No seleccionados;No;No;No;Seleccionados;No seleccionados;No seleccionados;No seleccionados;No seleccionados;No seleccionados;No seleccionados;No;No;No;No;No;No;No;No;No;No;No;No information;4/06/18;Si;Si;Si;Si;Si;Seleccionados;No seleccionados;No seleccionados;No seleccionados;No seleccionados;No seleccionados;No seleccionados;No seleccionados;No;Seleccionados;No seleccionados;No seleccionados;No seleccionados;No seleccionados;Stevenson L;No;98;178;32;83;53;63;92;19;No;No;No;No;Si;14530;145,3;13512;12,8;130000;No information;27,88;No information;1,95;37;No information;0,0053;No information;No information;4,45;138;No information;No information;Positivo;Si, meticilino sensible;No;No;No;No;No;No;No;No information;Si;Si;12/06/18;36;No;No seleccionados;No seleccionados;No seleccionados;No seleccionados;No seleccionados;No seleccionados;No seleccionados;No seleccionados;No seleccionados;No seleccionados;No seleccionados;No seleccionados;No seleccionados;No seleccionados;No seleccionados;No seleccionados;Seleccionados;No seleccionados;No seleccionados;No seleccionados;No information;14/06/18;Si;Si;Nativa;Aguda;Definitivo;no;No;Si;No;Seleccionados;No seleccionados;No seleccionados;No seleccionados;No;No;No;No;Si;No;No;No;No;Si;Seleccionados;Seleccionados;No seleccionados;No seleccionados;No seleccionados;No seleccionados;No seleccionados;No seleccionados;No seleccionados;No seleccionados;No seleccionados;No seleccionados;No seleccionados;No seleccionados;Seleccionados;No seleccionados;No seleccionados;No seleccionados;No seleccionados;No information;30;Si;Abierta;Reparo valvular;Ninguno;;Retiro percutaneo;Seleccionados;No seleccionados;No seleccionados;No seleccionados;No seleccionados;No seleccionados;No seleccionados;No seleccionados;Si;3;Si;Si;No;Vivo;;;
22;70;Hombre;25/07/18;27/08/18;33;Si;No;No;No;Si;> o igual 50%;No;No;No;Si;No seleccionados;No seleccionados;No seleccionados;No seleccionados;Seleccionados;No seleccionados;No seleccionados;No seleccionados;Seleccionados;No seleccionados;Seleccionados;No seleccionados;No;;;No;Seleccionados;No seleccionados;No seleccionados;No seleccionados;No seleccionados;No;No;No;Seleccionados;No seleccionados;No seleccionados;No seleccionados;No seleccionados;No seleccionados;No seleccionados;No;No;No;No;Si;No;No;No;No;No;No;No information;25/05/18;No;Si;Si;No;No;Seleccionados;No seleccionados;No seleccionados;No seleccionados;No seleccionados;No seleccionados;No seleccionados;No seleccionados;No;Seleccionados;No seleccionados;No seleccionados;No seleccionados;No seleccionados;Stevenson B;No;74;175;24,2;121;55;77;109;17;No;No;No;No;Si;10850;1380;8060;12,7;149000;No information;3,5;No information;0,92;30,6;12325;No information;No information;No information;4,17;136;46,9;28,5;Positivo;No;No;S. gallolyticus  (bovis);No;No;No;No;No;No information;Si;Si;28/07/18;60;Si;Seleccionados;No seleccionados;No seleccionados;No seleccionados;No seleccionados;No seleccionados;No seleccionados;Seleccionados;Seleccionados;No seleccionados;No seleccionados;No seleccionados;No seleccionados;Seleccionados;Seleccionados;No seleccionados;No seleccionados;No seleccionados;No seleccionados;No seleccionados;No information;28/07/18;Si;Si;Nativa;Aguda;Definitivo;no;No;Si;No;No seleccionados;No seleccionados;Seleccionados;No seleccionados;No;No;No;No;Si;No;No;No;No;Si;Seleccionados;Seleccionados;No seleccionados;No seleccionados;No seleccionados;No seleccionados;No seleccionados;No seleccionados;No seleccionados;No seleccionados;No seleccionados;No seleccionados;No seleccionados;No seleccionados;Seleccionados;No seleccionados;No seleccionados;No seleccionados;No seleccionados;Penicilinacristalina;30;Si;Abierta;Protesis biologica;Cierre de CIA;;No;No seleccionados;No seleccionados;No seleccionados;No seleccionados;Seleccionados;No seleccionados;No seleccionados;No seleccionados;Si;15;Si;Si;Si;Vivo;;;
23;2;Mujer;12/07/18;17/08/18;36;No;No;No;No;Si;40-49%;No;No;No;Si;Seleccionados;No seleccionados;No seleccionados;No seleccionados;No seleccionados;No seleccionados;No seleccionados;Seleccionados;No seleccionados;No seleccionados;No seleccionados;No seleccionados;Si;No Aplica;Pulmonar;Si;No seleccionados;No seleccionados;No seleccionados;Seleccionados;No seleccionados;No;No;No;Seleccionados;No seleccionados;No seleccionados;No seleccionados;No seleccionados;No seleccionados;No seleccionados;No;No;No;No;Si;No;No;No;No;No;No;Sindrome de Down con Tetralogia de Fallot;22/06/18;Si;Si;Si;No;Si;Seleccionados;No seleccionados;No seleccionados;No seleccionados;No seleccionados;No seleccionados;No seleccionados;No seleccionados;No;Seleccionados;No seleccionados;No seleccionados;No seleccionados;No seleccionados;Stevenson B;No;13,5;90,5;16,5;99;61;73,7;126;24;No;Si;Si;No;No;11640;1850;8740;9,7;385000;No information;15,25;No information;0,36;27,2;No information;No information;No information;No information;3,43;144;33,6;16,8;Positivo;No;S. haemolyticus;No;E. faecalis;No;No;No;Si;No information;Si;Si;13/08/18;56;Si;No seleccionados;No seleccionados;No seleccionados;Seleccionados;No seleccionados;No seleccionados;No seleccionados;No seleccionados;No seleccionados;Seleccionados;Seleccionados;No seleccionados;No seleccionados;No seleccionados;No seleccionados;Seleccionados;No seleccionados;No seleccionados;No seleccionados;No seleccionados;No information;19/08/18;Si;Si;Protesica;Subaguda;Definitivo;no;No;Si;No;Seleccionados;No seleccionados;No seleccionados;No seleccionados;No;No;No;No;Si;No;No;No;No;Si;No seleccionados;Seleccionados;No seleccionados;No seleccionados;Seleccionados;No seleccionados;No seleccionados;Seleccionados;No seleccionados;No seleccionados;No seleccionados;No seleccionados;No seleccionados;No seleccionados;No seleccionados;No seleccionados;No seleccionados;No seleccionados;No seleccionados;Amikacina;28;Si;Abierta;Protesis biologica;Ninguno;;No;Seleccionados;No seleccionados;No seleccionados;No seleccionados;No seleccionados;No seleccionados;No seleccionados;No seleccionados;Si;12;Si;Si;Si;Vivo;;;
24;28;Mujer;12/07/18;10/10/18;90;No;Si;No;Sobrepeso (>=25-29.9 IMC);No;;No;No;No;Si;Seleccionados;No seleccionados;No seleccionados;No seleccionados;No seleccionados;No seleccionados;No seleccionados;Seleccionados;No seleccionados;No seleccionados;No seleccionados;No seleccionados;Si;No Aplica;Tricuspide;Si;No seleccionados;No seleccionados;No seleccionados;Seleccionados;No seleccionados;No;No;No;Seleccionados;No seleccionados;No seleccionados;No seleccionados;No seleccionados;No seleccionados;No seleccionados;No;Si, sin dialisis;No;No;No;No;No;No;No;No;No;No information;23/06/18;Si;No;Si;Si;No;Seleccionados;No seleccionados;No seleccionados;No seleccionados;No seleccionados;No seleccionados;No seleccionados;No seleccionados;No;Seleccionados;No seleccionados;No seleccionados;No seleccionados;No seleccionados;No aplica;No;85;170;29,4;119;79;92,3;97;18;No;No;No;No;No;13350;2420;9660;9,7;342000;No information;19,22;No information;0,57;2,6;No information;No information;No information;No information;3,55;139;70,3;37,9;Positivo;Si, meticilino sensible;No;No;No;No;No;No;No;No information;Si;Si;12/07/18;60;Si;No seleccionados;No seleccionados;No seleccionados;Seleccionados;No seleccionados;No seleccionados;No seleccionados;No seleccionados;No seleccionados;No seleccionados;Seleccionados;No seleccionados;No seleccionados;No seleccionados;No seleccionados;Seleccionados;Seleccionados;No seleccionados;No seleccionados;No seleccionados;No information;12/07/18;Si;Si;Nativa;Subaguda;Definitivo;Pulmon;No;No;No;Seleccionados;No seleccionados;No seleccionados;No seleccionados;No;No;No;No;No;No;No;No;No;Si;No seleccionados;Seleccionados;No seleccionados;No seleccionados;Seleccionados;Seleccionados;No seleccionados;Seleccionados;No seleccionados;No seleccionados;No seleccionados;No seleccionados;No seleccionados;Seleccionados;Seleccionados;No seleccionados;No seleccionados;Seleccionados;No seleccionados;Amikacina;28;Si;Abierta;Protesis biologica;Extraccion de masa;;No;Seleccionados;No seleccionados;No seleccionados;No seleccionados;No seleccionados;No seleccionados;No seleccionados;No seleccionados;Si;12;Si;Si;Si;Vivo;;;
25;62;Hombre;22/09/18;29/10/18;37;Si;Si;Si;No;Si;40-49%;No;No;No;Si;Seleccionados;No seleccionados;No seleccionados;No seleccionados;No seleccionados;No seleccionados;No seleccionados;No seleccionados;Seleccionados;No seleccionados;No seleccionados;No seleccionados;Si;Aortica;No aplica;No;Seleccionados;No seleccionados;No seleccionados;No seleccionados;No seleccionados;No;Si;No;Seleccionados;No seleccionados;No seleccionados;No seleccionados;No seleccionados;No seleccionados;No seleccionados;No;No;No;No;No;No;Urologico;No;No;No;No;Reciente choque septico de origen urinario;13/08/18;Si;No;Si;No;No;Seleccionados;No seleccionados;No seleccionados;No seleccionados;No seleccionados;No seleccionados;No seleccionados;No seleccionados;Si;Seleccionados;No seleccionados;No seleccionados;No seleccionados;No seleccionados;Stevenson B;Shock  septico;56;156;23;115;83;93,7;92;18;No;No;No;No;No;2300;970;500;9;212000;No information;6,44;No information;0,77;165,2;No information;No information;No information;No information;3,83;135;12,6;16,8;Positivo;No;S. haemolyticus;No;No;No;Klebsiella spp;No;Si;No information;Si;Si;25/08/18;40;Si;Seleccionados;No seleccionados;No seleccionados;No seleccionados;No seleccionados;No seleccionados;No seleccionados;Seleccionados;No seleccionados;No seleccionados;No seleccionados;No seleccionados;No seleccionados;Seleccionados;No seleccionados;No seleccionados;No seleccionados;No seleccionados;No seleccionados;No seleccionados;No information;16/08/18;Si;Si;Protesica;Subaguda;Definitivo;Bazo;No;No;No;No seleccionados;No seleccionados;Seleccionados;No seleccionados;Si;No;No;No;No;No;Si;No;No;Si;Seleccionados;Seleccionados;No seleccionados;No seleccionados;No seleccionados;No seleccionados;No seleccionados;Seleccionados;No seleccionados;No seleccionados;No seleccionados;No seleccionados;No seleccionados;No seleccionados;No seleccionados;Seleccionados;No seleccionados;No seleccionados;No seleccionados;No information;42;Si;Endovascular;Protesis biologica;Ninguno;;No;No seleccionados;No seleccionados;No seleccionados;No seleccionados;Seleccionados;No seleccionados;No seleccionados;No seleccionados;Si;8;Si;No;No;Vivo;;;
26;61;Hombre;28/11/18;8/01/19;41;No;No;No;Obesidad (>=30 IMC);No;;No;No;No;No;No seleccionados;No seleccionados;No seleccionados;No seleccionados;No seleccionados;No seleccionados;No seleccionados;No seleccionados;No seleccionados;No seleccionados;No seleccionados;No seleccionados;;;;No;Seleccionados;No seleccionados;No seleccionados;No seleccionados;No seleccionados;No;Si;No;Seleccionados;No seleccionados;No seleccionados;No seleccionados;No seleccionados;No seleccionados;No seleccionados;No;No;No;No;No;No;No;No;No;No;No;No information;25/11/18;Si;No;Si;Si;No;Seleccionados;No seleccionados;No seleccionados;No seleccionados;No seleccionados;No seleccionados;No seleccionados;No seleccionados;No;Seleccionados;No seleccionados;No seleccionados;No seleccionados;No seleccionados;No aplica;Shock  septico;105;150;46,7;124;91;102;121;19;No;No;Si;No;No;12760;790;11130;14,8;124000;No information;20,46;No information;0,75;18,7;No information;No information;No information;No information;3,51;132,6;21,9;20,5;Positivo;Si, meticilino sensible;No;No;No;No;No;No;No;No information;Si;Si;29/11/18;70;Si;Seleccionados;No seleccionados;No seleccionados;No seleccionados;No seleccionados;No seleccionados;No seleccionados;Seleccionados;No seleccionados;No seleccionados;No seleccionados;No seleccionados;No seleccionados;Seleccionados;No seleccionados;No seleccionados;No seleccionados;No seleccionados;No seleccionados;No seleccionados;No information;29/11/18;Si;Si;Nativa;Aguda;Definitivo;no;No;No;Si;Seleccionados;No seleccionados;No seleccionados;No seleccionados;Si;No;Si;No;Si;No;No;No;No;Si;Seleccionados;Seleccionados;No seleccionados;Seleccionados;No seleccionados;No seleccionados;No seleccionados;No seleccionados;No seleccionados;No seleccionados;No seleccionados;No seleccionados;Seleccionados;No seleccionados;Seleccionados;No seleccionados;No seleccionados;No seleccionados;No seleccionados;No information;32;Si;Abierta;Protesis biologica;Ninguno;;No;Seleccionados;No seleccionados;No seleccionados;No seleccionados;No seleccionados;No seleccionados;No seleccionados;No seleccionados;Si;22;Si;Si;Si;Vivo;;;
27;88;Hombre;30/12/18;6/02/19;38;Si;Si;No;Sobrepeso (>=25-29.9 IMC);No;;No;No information;No;No;No seleccionados;No seleccionados;No seleccionados;No seleccionados;No seleccionados;No seleccionados;No seleccionados;No seleccionados;No seleccionados;No seleccionados;No seleccionados;No seleccionados;;;;Si;No seleccionados;No seleccionados;No seleccionados;Seleccionados;No seleccionados;No;No;No;No seleccionados;No seleccionados;No seleccionados;No seleccionados;No seleccionados;Seleccionados;No seleccionados;No;Si, sin dialisis;Si;Hipotiroidismo;No;No;No;No;No;No;No;Colocacion reciente de marcapasos;27/12/18;Si;No;Si;Si;No;Seleccionados;No seleccionados;No seleccionados;No seleccionados;No seleccionados;No seleccionados;No seleccionados;No seleccionados;No;Seleccionados;No seleccionados;No seleccionados;No seleccionados;No seleccionados;No aplica;No;60;155;25;172;56;94,7;60;12;No;No;No;No;Si;35270;3050;28900;10,5;405000;No information;17,79;No information;2,58;49,3;No information;No information;No information;No information;4,58;138;No information;No information;Positivo;Si, meticilino resistente;No;No;No;No;No;No;No;No information;Si;Si;30/12/18;55;Si;Seleccionados;No seleccionados;No seleccionados;No seleccionados;No seleccionados;No seleccionados;No seleccionados;No seleccionados;No seleccionados;No seleccionados;Seleccionados;No seleccionados;No seleccionados;No seleccionados;No seleccionados;No seleccionados;No seleccionados;Seleccionados;Seleccionados;No seleccionados;Electrodo de marcapasos en cavidad derecha;30/12/18;Si;Si;Asociada a cateter;Aguda;Definitivo;no;No;No;No;Seleccionados;No seleccionados;No seleccionados;No seleccionados;No;No;No;No;No;No;No;No;No;Si;No seleccionados;Seleccionados;No seleccionados;No seleccionados;No seleccionados;No seleccionados;No seleccionados;No seleccionados;No seleccionados;No seleccionados;No seleccionados;No seleccionados;Seleccionados;No seleccionados;Seleccionados;No seleccionados;No seleccionados;Seleccionados;No seleccionados;Trimetoprimsulfametoxazol;42;Si;Endovascular;Reparo valvular;Extraccion de masa;;Retiro percutaneo;Seleccionados;No seleccionados;No seleccionados;No seleccionados;No seleccionados;No seleccionados;No seleccionados;No seleccionados;Si;5;Si;No;No;Vivo;;;
28;78;Hombre;4/01/19;1/05/19;117;Si;No;No;Sobrepeso (>=25-29.9 IMC);Si;< 40%;Si;No;No;Si;No seleccionados;No seleccionados;Seleccionados;No seleccionados;No seleccionados;No seleccionados;Seleccionados;No seleccionados;No seleccionados;No seleccionados;No seleccionados;No seleccionados;Si;No Aplica;Aortica;No;Seleccionados;No seleccionados;No seleccionados;No seleccionados;No seleccionados;No;No;Si;No seleccionados;No seleccionados;No seleccionados;No seleccionados;No seleccionados;Seleccionados;No seleccionados;No;No;No;No;No;No;No;No;No;No;No;No information;21/12/18;Si;No;Si;No;No;Seleccionados;No seleccionados;No seleccionados;No seleccionados;No seleccionados;No seleccionados;No seleccionados;No seleccionados;No;Seleccionados;No seleccionados;No seleccionados;No seleccionados;No seleccionados;No aplica;No;68;165;25;114;57;76;75;16;No;No;No;No;No;18550;270;17090;12,4;172000;No information;16,35;No information;1,02;31,8;No information;No information;No information;1,08;3,23;136,5;33,7;39;Positivo;No;No;S. agalactiae;No;No;No;No;No;No information;Si;Si;5/01/19;65;Si;No seleccionados;Seleccionados;No seleccionados;No seleccionados;No seleccionados;No seleccionados;No seleccionados;Seleccionados;No seleccionados;No seleccionados;No seleccionados;No seleccionados;No seleccionados;Seleccionados;No seleccionados;No seleccionados;No seleccionados;No seleccionados;No seleccionados;No seleccionados;No information;6/01/19;Si;Si;Protesica;Aguda;Definitivo;Bazo;No;No;No;Seleccionados;No seleccionados;No seleccionados;No seleccionados;No;No;No;No;No;No;Si;No;No;Si;Seleccionados;Seleccionados;No seleccionados;Seleccionados;Seleccionados;No seleccionados;No seleccionados;No seleccionados;No seleccionados;No seleccionados;No seleccionados;No seleccionados;No seleccionados;No seleccionados;No seleccionados;No seleccionados;No seleccionados;No seleccionados;No seleccionados;No information;46;Si;Abierta;Protesis biologica;Ninguno;;No;Seleccionados;No seleccionados;No seleccionados;No seleccionados;No seleccionados;No seleccionados;No seleccionados;No seleccionados;Si;5;Si;Si;Si;Vivo;;;
29;63;Hombre;20/08/17;4/10/17;45;Si;Si;Si;Sobrepeso (>=25-29.9 IMC);Si;< 40%;No;Si;No;No;No seleccionados;No seleccionados;No seleccionados;No seleccionados;No seleccionados;No seleccionados;No seleccionados;No seleccionados;No seleccionados;No seleccionados;No seleccionados;No seleccionados;;;;No;Seleccionados;No seleccionados;No seleccionados;No seleccionados;No seleccionados;No;No;No;Seleccionados;No seleccionados;No seleccionados;No seleccionados;No seleccionados;No seleccionados;No seleccionados;No;Si, sin dialisis;No;No;No;Si;Gastrointestinal;No;No;No;No;EAOC con amputaciones y ulceras infectadas;20/08/17;Si;No;Si;Si;Si;Seleccionados;No seleccionados;No seleccionados;No seleccionados;No seleccionados;No seleccionados;No seleccionados;No seleccionados;No;Seleccionados;No seleccionados;No seleccionados;No seleccionados;No seleccionados;Stevenson B;No;70;160;27,3;133;86;102;100;22;No;No;No;No;Si;5330;1120;4040;10,1;269000;No information;0,82;No information;1,82;33,3;No information;1000;No information;No information;5,1;134;15,9;9,7;Positivo;Si, meticilino resistente;No;No;No;No;No;No;No;No information;Si;Si;22/08/17;50;Si;Seleccionados;No seleccionados;No seleccionados;No seleccionados;No seleccionados;No seleccionados;No seleccionados;Seleccionados;No seleccionados;No seleccionados;No seleccionados;No seleccionados;No seleccionados;Seleccionados;No seleccionados;No seleccionados;No seleccionados;No seleccionados;Seleccionados;No seleccionados;Masa bilobulada desembocadura vena cava superior;23/08/17;Si;Si;Nativa;Aguda;Definitivo;no;No;Si;No;Seleccionados;No seleccionados;No seleccionados;No seleccionados;No;No;Si;No;No;No;No;No;No;Si;No seleccionados;Seleccionados;No seleccionados;Seleccionados;No seleccionados;No seleccionados;No seleccionados;No seleccionados;No seleccionados;No seleccionados;No seleccionados;No seleccionados;No seleccionados;No seleccionados;Seleccionados;No seleccionados;No seleccionados;No seleccionados;No seleccionados;No information;42;No;;;;;;No seleccionados;No seleccionados;No seleccionados;No seleccionados;No seleccionados;No seleccionados;No seleccionados;No seleccionados;Si;8;No;No;No;Vivo;;;
30;45;Hombre;12/01/19;7/02/19;26;Si;No;No;Sobrepeso (>=25-29.9 IMC);No;;No;No;No;No;No seleccionados;No seleccionados;No seleccionados;No seleccionados;No seleccionados;No seleccionados;No seleccionados;No seleccionados;No seleccionados;No seleccionados;No seleccionados;No seleccionados;;;;No;Seleccionados;No seleccionados;No seleccionados;No seleccionados;No seleccionados;No;No;No;No seleccionados;No seleccionados;No seleccionados;No seleccionados;No seleccionados;Seleccionados;No seleccionados;No;Si, con hemodialisis;No;No;No;Si;No;No;No;No;No;No information;7/01/19;Si;No;Si;No;No;Seleccionados;No seleccionados;No seleccionados;No seleccionados;No seleccionados;No seleccionados;No seleccionados;No seleccionados;No;Seleccionados;No seleccionados;No seleccionados;No seleccionados;No seleccionados;No aplica;No;84;173;28,1;119;78;91,7;131;18;No;No;Si;No;No;13070;1360;11120;10,1;247000;No information;4,29;No information;6,8;36,8;No information;No information;No information;No information;5,41;135,8;17,8;24,6;Positivo;Si, meticilino resistente;No;No;No;No;No;No;No;No information;Si;Si;15/01/19;60;No;No seleccionados;No seleccionados;No seleccionados;No seleccionados;No seleccionados;No seleccionados;No seleccionados;No seleccionados;No seleccionados;No seleccionados;No seleccionados;No seleccionados;No seleccionados;No seleccionados;No seleccionados;No seleccionados;No seleccionados;No seleccionados;Seleccionados;No seleccionados;Masa movil en desembocadura de vena cava superior ;16/01/19;Si;Si;Nativa;Aguda;Definitivo;no;No;No;No;Seleccionados;No seleccionados;No seleccionados;No seleccionados;No;No;No;No;No;No;No;Si;No;Si;No seleccionados;No seleccionados;No seleccionados;No seleccionados;No seleccionados;No seleccionados;No seleccionados;No seleccionados;No seleccionados;No seleccionados;No seleccionados;Seleccionados;Seleccionados;No seleccionados;Seleccionados;No seleccionados;No seleccionados;No seleccionados;No seleccionados;No information;30;No;;;;;;No seleccionados;No seleccionados;No seleccionados;No seleccionados;No seleccionados;No seleccionados;No seleccionados;No seleccionados;Si;4;Si;No;No;Vivo;;;
31;41;Mujer;7/03/19;19/04/19;43;Si;No;No;Obesidad (>=30 IMC);Si;> o igual 50%;No;No;No;No;No seleccionados;No seleccionados;No seleccionados;No seleccionados;No seleccionados;No seleccionados;No seleccionados;No seleccionados;No seleccionados;No seleccionados;No seleccionados;No seleccionados;;;;No;Seleccionados;No seleccionados;No seleccionados;No seleccionados;No seleccionados;No;No;No;Seleccionados;No seleccionados;No seleccionados;No seleccionados;No seleccionados;No seleccionados;No seleccionados;No;No;No;No;No;No;No;No;No;No;No;POP cesarea shock septico y cardiogenico por bacteremia MSSA;6/03/19;Si;Si;Si;No;No;Seleccionados;No seleccionados;No seleccionados;No seleccionados;No seleccionados;No seleccionados;No seleccionados;No seleccionados;No;Seleccionados;No seleccionados;No seleccionados;No seleccionados;No seleccionados;Stevenson A;Shock  septico;80;161;30,9;118;69;85,3;118;24;No;No;No;No;Si;24880;590;23110;11,2;267000;No information;2,15;No information;0,6;11,2;No information;No information;No information;0,05;3,45;137,1;29;16,5;Positivo;Si, meticilino sensible;S. hominis;No;No;No;Pseudomonas spp;No;Si;No information;Si;Si;15/03/19;65;Si;Seleccionados;No seleccionados;No seleccionados;No seleccionados;No seleccionados;No seleccionados;No seleccionados;Seleccionados;No seleccionados;No seleccionados;No seleccionados;No seleccionados;No seleccionados;Seleccionados;No seleccionados;No seleccionados;No seleccionados;No seleccionados;No seleccionados;No seleccionados;No information;15/03/19;No;Si;Nativa;Aguda;Definitivo;no;No;Si;No;Seleccionados;No seleccionados;No seleccionados;No seleccionados;Si;No;No;No;No;No;No;No;No;Si;No seleccionados;Seleccionados;No seleccionados;Seleccionados;No seleccionados;No seleccionados;No seleccionados;No seleccionados;No seleccionados;No seleccionados;No seleccionados;No seleccionados;No seleccionados;No seleccionados;Seleccionados;No seleccionados;No seleccionados;No seleccionados;No seleccionados;No information;48;Si;Endovascular;Protesis mecanica;Ninguno;;No;Seleccionados;No seleccionados;No seleccionados;No seleccionados;No seleccionados;No seleccionados;No seleccionados;No seleccionados;Si;20;Si;Si;No;Vivo;;;
32;40;Hombre;14/03/19;22/04/19;39;No;No;No;No;Si;> o igual 50%;No;No;No;Si;Seleccionados;No seleccionados;No seleccionados;No seleccionados;No seleccionados;No seleccionados;No seleccionados;Seleccionados;No seleccionados;No seleccionados;Seleccionados;No seleccionados;Si;Mitral;No aplica;Si;No seleccionados;No seleccionados;Seleccionados;Seleccionados;No seleccionados;No;No;No;Seleccionados;No seleccionados;No seleccionados;No seleccionados;No seleccionados;No seleccionados;No seleccionados;No;No;No;No;Si;No;No;Si;No;No;No;No information;14/02/19;No;No;No;No;No;Seleccionados;No seleccionados;No seleccionados;No seleccionados;No seleccionados;No seleccionados;No seleccionados;No seleccionados;No;Seleccionados;No seleccionados;No seleccionados;No seleccionados;No seleccionados;No aplica;No;63;170;21,8;110;50;70;44;16;No;No;No;No;No;8530;1790;6050;16,1;228000;No information;1,83;No information;1,13;17,4;No information;No information;No information;No information;3,5;141;47,7;23;Positivo;No;S. epidermidis;No;No;No;No;No;No;No information;Si;Si;15/03/19;60;No;No seleccionados;No seleccionados;No seleccionados;No seleccionados;No seleccionados;No seleccionados;No seleccionados;No seleccionados;No seleccionados;No seleccionados;No seleccionados;No seleccionados;No seleccionados;No seleccionados;Seleccionados;No seleccionados;No seleccionados;Seleccionados;Seleccionados;No seleccionados;Vena cava inferior;15/03/19;Si;Si;Protesica;Subaguda;Definitivo;no;No;No;No;Seleccionados;No seleccionados;No seleccionados;No seleccionados;No;No;No;No;No;No;No;No;No;Si;No seleccionados;Seleccionados;No seleccionados;Seleccionados;No seleccionados;No seleccionados;No seleccionados;No seleccionados;No seleccionados;No seleccionados;No seleccionados;No seleccionados;No seleccionados;No seleccionados;No seleccionados;No seleccionados;No seleccionados;No seleccionados;No seleccionados;No information;14;Si;Abierta;Protesis mecanica;Ninguno;;Retiro quirurgico;Seleccionados;No seleccionados;No seleccionados;No seleccionados;No seleccionados;No seleccionados;No seleccionados;No seleccionados;Si;8;Si;Si;Si;Vivo;;;
33;69;Hombre;8/04/19;23/05/19;45;No;No;No;Sobrepeso (>=25-29.9 IMC);No;;No;No;No;Si;Seleccionados;No seleccionados;No seleccionados;No seleccionados;No seleccionados;No seleccionados;No seleccionados;No seleccionados;Seleccionados;No seleccionados;Seleccionados;No seleccionados;No;;;No;Seleccionados;No seleccionados;No seleccionados;No seleccionados;No seleccionados;No;Si;No;Seleccionados;No seleccionados;No seleccionados;No seleccionados;No seleccionados;No seleccionados;No seleccionados;No;No;No;No;No;No;No;No;No;No;No;No information;1/04/19;Si;Si;No;No;No;No seleccionados;Seleccionados;No seleccionados;No seleccionados;No seleccionados;Seleccionados;No seleccionados;No seleccionados;No;Seleccionados;No seleccionados;No seleccionados;No seleccionados;No seleccionados;No aplica;Shock  septico;75;165;27,6;90;48;62;126;22;No;No;Si;No;No;13140;1010;11220;11,1;64000;No information;24,96;No information;2,7;101,4;No information;No information;No information;No information;5,37;149,3;39,6;26;Positivo;Si, meticilino sensible;No;No;No;No;Klebsiella spp;No;Si;No information;Si;Si;9/04/19;60;No;No seleccionados;No seleccionados;No seleccionados;No seleccionados;No seleccionados;No seleccionados;No seleccionados;No seleccionados;No seleccionados;No seleccionados;No seleccionados;No seleccionados;No seleccionados;Seleccionados;Seleccionados;No seleccionados;No seleccionados;No seleccionados;No seleccionados;No seleccionados;No information;9/04/19;Si;Si;Nativa;Subaguda;Definitivo;Periferico;ACV hemorragico;No;No;Seleccionados;No seleccionados;No seleccionados;No seleccionados;Si;No;No;No;No;No;Si;Si;No;Si;No seleccionados;No seleccionados;No seleccionados;Seleccionados;No seleccionados;No seleccionados;No seleccionados;No seleccionados;No seleccionados;No seleccionados;No seleccionados;No seleccionados;No seleccionados;No seleccionados;Seleccionados;No seleccionados;No seleccionados;No seleccionados;No seleccionados;No information;42;Si;Abierta;Protesis biologica;Extraccion de masa;;No;No seleccionados;No seleccionados;No seleccionados;No seleccionados;No seleccionados;Seleccionados;No seleccionados;No seleccionados;Si;33;No;Si;Si;Vivo;;;
34;29;Hombre;10/04/19;28/05/19;48;Si;No;No;No;Si;> o igual 50%;No;No;No;No;No seleccionados;No seleccionados;No seleccionados;No seleccionados;No seleccionados;No seleccionados;No seleccionados;No seleccionados;No seleccionados;No seleccionados;No seleccionados;No seleccionados;;;;No;Seleccionados;No seleccionados;No seleccionados;No seleccionados;No seleccionados;No;No;No;No seleccionados;No seleccionados;No seleccionados;No seleccionados;No seleccionados;Seleccionados;No seleccionados;No;Si, con hemodialisis;No;No;No;Si;Urologico;No;No;No;No;No information;10/03/19;Si;No;Si;No;No;No seleccionados;Seleccionados;No seleccionados;No seleccionados;No seleccionados;No seleccionados;No seleccionados;No seleccionados;No;Seleccionados;No seleccionados;No seleccionados;No seleccionados;No seleccionados;Stevenson B;No;60,1;170;20,8;143;72;95,7;81;18;No;No;Si;No;No;11000;1740;7640;8,2;134000;No information;12,42;No information;4,5;44,2;No information;No information;No information;No information;5,01;138,1;7,5;7,2;Positivo;Si, meticilino resistente;No;No;No;No;No;No;No;No information;Si;Si;28/03/19;60;No;No seleccionados;No seleccionados;No seleccionados;No seleccionados;No seleccionados;No seleccionados;No seleccionados;No seleccionados;No seleccionados;No seleccionados;No seleccionados;No seleccionados;No seleccionados;No seleccionados;No seleccionados;No seleccionados;Seleccionados;No seleccionados;No seleccionados;No seleccionados;No information;28/03/19;Si;Si;Nativa;Aguda;Definitivo;Periferico;No;No;No;Seleccionados;No seleccionados;No seleccionados;No seleccionados;No;No;No;No;Si;No;Si;No;No;Si;No seleccionados;Seleccionados;No seleccionados;No seleccionados;No seleccionados;No seleccionados;No seleccionados;No seleccionados;No seleccionados;No seleccionados;No seleccionados;No seleccionados;No seleccionados;No seleccionados;Seleccionados;No seleccionados;No seleccionados;No seleccionados;No seleccionados;No information;21;Si;Abierta;Ninguno;Extraccion de masa;;No;Seleccionados;No seleccionados;No seleccionados;No seleccionados;No seleccionados;No seleccionados;No seleccionados;No seleccionados;Si;7;No;Si;No;Vivo;;;
35;41;Mujer;19/04/19;29/04/19;10;No;No;No;No;No;;No;No;No;No;No seleccionados;No seleccionados;No seleccionados;No seleccionados;No seleccionados;No seleccionados;No seleccionados;No seleccionados;No seleccionados;No seleccionados;No seleccionados;No seleccionados;;;;No;Seleccionados;No seleccionados;No seleccionados;No seleccionados;No seleccionados;No;No;Si;No seleccionados;No seleccionados;No seleccionados;No seleccionados;No seleccionados;Seleccionados;No seleccionados;No;No;No;No;No;No;No;No;No;No;No;No information;18/04/19;Si;No;Si;No;No;No seleccionados;Seleccionados;No seleccionados;No seleccionados;Seleccionados;No seleccionados;No seleccionados;No seleccionados;No;Seleccionados;No seleccionados;No seleccionados;No seleccionados;No seleccionados;No aplica;Sepsis;41;160;16;71;50;57;124;18;No;No;No;No;No;19190;1870;16270;11,6;312000;No information;43,19;No information;0,42;14,9;No information;No information;No information;No information;3,64;134,3;30;83,4;Positivo;Si, meticilino sensible;No;No;No;No;No;No;No;No information;Si;Si;22/04/19;65;No;No seleccionados;No seleccionados;No seleccionados;No seleccionados;No seleccionados;No seleccionados;No seleccionados;No seleccionados;No seleccionados;No seleccionados;No seleccionados;No seleccionados;No seleccionados;No seleccionados;No seleccionados;No seleccionados;No seleccionados;No seleccionados;Seleccionados;No seleccionados;Musculo papilar del ventriculo izquierdo;24/04/19;Si;Si;Nativa;Aguda;Definitivo;Periferico;No;No;No;Seleccionados;No seleccionados;No seleccionados;No seleccionados;No;No;No;No;Si;No;No;No;No;Si;No seleccionados;No seleccionados;No seleccionados;No seleccionados;No seleccionados;No seleccionados;No seleccionados;No seleccionados;No seleccionados;No seleccionados;No seleccionados;No seleccionados;No seleccionados;No seleccionados;Seleccionados;No seleccionados;No seleccionados;Seleccionados;No seleccionados;Cefuroxima;72;No;;;;;;No seleccionados;No seleccionados;No seleccionados;No seleccionados;No seleccionados;No seleccionados;No seleccionados;No seleccionados;No;0;No;No;No;Remitido;;;
36;64;Hombre;24/04/19;23/06/19;60;No;No;No;Sobrepeso (>=25-29.9 IMC);No;;No;No;No;Si;Seleccionados;No seleccionados;No seleccionados;No seleccionados;No seleccionados;No seleccionados;No seleccionados;No seleccionados;Seleccionados;No seleccionados;No seleccionados;No seleccionados;No;;;No;Seleccionados;No seleccionados;No seleccionados;No seleccionados;No seleccionados;No;Si;Si;No seleccionados;Seleccionados;Seleccionados;Seleccionados;No seleccionados;No seleccionados;No seleccionados;No;No;No;No;No;No;Gastrointestinal;No;No;No;No;No information;6/05/19;Si;No;Si;No;No;Seleccionados;No seleccionados;No seleccionados;No seleccionados;No seleccionados;No seleccionados;No seleccionados;No seleccionados;No;Seleccionados;No seleccionados;No seleccionados;No seleccionados;No seleccionados;No aplica;No;78;175;25,5;103;70;81;82;18;No;No;No;No;No;6350;1070;3140;11,1;78000;No information;4,05;No information;0,89;5;No information;No information;No information;No information;4,44;142,9;10,7;6,4;Positivo;No;S. epidermidis;No;No;No;No;No;No;No information;Si;Si;6/06/19;50;No;No seleccionados;No seleccionados;No seleccionados;No seleccionados;No seleccionados;No seleccionados;No seleccionados;No seleccionados;No seleccionados;No seleccionados;No seleccionados;No seleccionados;No seleccionados;No seleccionados;No seleccionados;No seleccionados;Seleccionados;No seleccionados;No seleccionados;No seleccionados;No information;7/06/19;Si;Si;Nativa;Subaguda;Definitivo;no;No;No;No;Seleccionados;No seleccionados;No seleccionados;No seleccionados;No;No;Si;No;Si;No;No;No;No;Si;No seleccionados;Seleccionados;No seleccionados;No seleccionados;No seleccionados;No seleccionados;No seleccionados;Seleccionados;No seleccionados;No seleccionados;No seleccionados;No seleccionados;No seleccionados;No seleccionados;No seleccionados;No seleccionados;No seleccionados;No seleccionados;No seleccionados;No information;42;No;;;;;;No seleccionados;No seleccionados;No seleccionados;No seleccionados;No seleccionados;No seleccionados;No seleccionados;No seleccionados;No;No information;No;No;No;Vivo;;;
37;45;Mujer;15/05/19;30/06/19;46;Si;No;No;No;Si;< 40%;No;No;No;Si;Seleccionados;No seleccionados;No seleccionados;No seleccionados;No seleccionados;No seleccionados;No seleccionados;No seleccionados;No seleccionados;No seleccionados;Seleccionados;No seleccionados;No;;;No;Seleccionados;No seleccionados;No seleccionados;No seleccionados;No seleccionados;No;No;No;Seleccionados;No seleccionados;No seleccionados;No seleccionados;No seleccionados;No seleccionados;No seleccionados;No;No;No;No;No;No;No;No;No;No;No;No information;8/05/19;Si;Si;Si;No;No;Seleccionados;No seleccionados;No seleccionados;No seleccionados;No seleccionados;No seleccionados;No seleccionados;No seleccionados;No;Seleccionados;No seleccionados;No seleccionados;No seleccionados;No seleccionados;Stevenson C;No;43;144;20,7;85;57;66,3;91;17;No;Si;Si;No;Si;7860;1030;5910;9;143000;No information;3,82;No information;4,59;98,4;No information;No information;No information;No information;130,9;3,74;226,4;595,7;Positivo;Si, meticilino sensible;No;No;No;No;No;No;No;No information;Si;Si;22/05/19;20;Si;Seleccionados;No seleccionados;No seleccionados;No seleccionados;No seleccionados;No seleccionados;No seleccionados;No seleccionados;Seleccionados;No seleccionados;Seleccionados;No seleccionados;No seleccionados;No seleccionados;Seleccionados;No seleccionados;No seleccionados;No seleccionados;No seleccionados;No seleccionados;No information;28/05/19;No;Si;Nativa;Aguda;Definitivo;no;No;No;No;No seleccionados;No seleccionados;Seleccionados;No seleccionados;No;No;No;No;Si;No;No;Si;No;Si;Seleccionados;No seleccionados;No seleccionados;No seleccionados;No seleccionados;No seleccionados;No seleccionados;No seleccionados;No seleccionados;No seleccionados;No seleccionados;No seleccionados;No seleccionados;No seleccionados;Seleccionados;No seleccionados;No seleccionados;No seleccionados;No seleccionados;No information;42;No;;;;;;No seleccionados;No seleccionados;No seleccionados;No seleccionados;No seleccionados;No seleccionados;No seleccionados;No seleccionados;Si;33;Si;Si;No;Vivo;;;
38;23;Hombre;17/05/19;4/06/19;18;No;No;No;No;No;;No;No;Si;No;No seleccionados;No seleccionados;No seleccionados;No seleccionados;No seleccionados;No seleccionados;No seleccionados;No seleccionados;No seleccionados;No seleccionados;No seleccionados;No seleccionados;;;;No;Seleccionados;No seleccionados;No seleccionados;No seleccionados;No seleccionados;No;No;No;Seleccionados;No seleccionados;No seleccionados;No seleccionados;No seleccionados;No seleccionados;No seleccionados;No;No;No;No;No;No;No;No;No;No;Si;Presidiario;14/02/19;Si;No;Si;Si;No;No seleccionados;No seleccionados;No seleccionados;No seleccionados;No seleccionados;Seleccionados;No seleccionados;No seleccionados;No;Seleccionados;No seleccionados;No seleccionados;No seleccionados;No seleccionados;No aplica;Sepsis;52;157;21,1;126;81;96;126;16;No;No;Si;No;No;8890;3280;3290;12,6;324000;No information;No information;No information;0,96;15,2;No information;No information;No information;No information;5,02;142,7;No information;No information;Positivo;No;S. epidermidis;No;No;No;Pseudomonas spp;No;Si;No information;Si;Si;20/05/19;45;Si;Seleccionados;No seleccionados;No seleccionados;No seleccionados;No seleccionados;No seleccionados;No seleccionados;Seleccionados;Seleccionados;No seleccionados;Seleccionados;No seleccionados;No seleccionados;Seleccionados;Seleccionados;No seleccionados;No seleccionados;No seleccionados;No seleccionados;No seleccionados;No information;20/05/19;Si;Si;Nativa;Cronica;Definitivo;Otro;ACV isquemico;Si;No;Seleccionados;No seleccionados;No seleccionados;No seleccionados;No;No;Si;No;No;No;No;No;No;Si;No seleccionados;Seleccionados;No seleccionados;Seleccionados;No seleccionados;No seleccionados;No seleccionados;No seleccionados;No seleccionados;No seleccionados;No seleccionados;No seleccionados;No seleccionados;No seleccionados;Seleccionados;No seleccionados;No seleccionados;No seleccionados;No seleccionados;No information;42;Si;Endovascular;Protesis biologica;Ninguno;;No;Seleccionados;No seleccionados;No seleccionados;No seleccionados;No seleccionados;No seleccionados;No seleccionados;No seleccionados;Si;10;Si;No;Si;Vivo;;;
39;61;Mujer;2/08/19;20/08/19;18;No;No;No;No;No;;No;No;No;No;No seleccionados;No seleccionados;No seleccionados;No seleccionados;No seleccionados;No seleccionados;No seleccionados;No seleccionados;No seleccionados;No seleccionados;No seleccionados;No seleccionados;;;;No;Seleccionados;No seleccionados;No seleccionados;No seleccionados;No seleccionados;No;No;Si;No seleccionados;No seleccionados;No seleccionados;No seleccionados;No seleccionados;Seleccionados;No seleccionados;No;No;No;No;No;No;No information;No;Si;Si;No;Neumonia nosocomial severa con necesidad de soporte ventilatorio;29/07/19;Si;Si;No;No;Si;Seleccionados;No seleccionados;No seleccionados;No seleccionados;No seleccionados;No seleccionados;No seleccionados;No seleccionados;No;Seleccionados;No seleccionados;No seleccionados;No seleccionados;No seleccionados;No aplica;Shock  septico;58;154;24,5;82;48;59,3;102;28;No;No;No;No;No;7600;2330;3930;7,2;121000;No information;46,26;No information;1,85;41,1;No information;No information;No information;No information;4,2;135,1;43,8;44,8;Positivo;No;No;S. pneumoniae;No;No;No;No;No;No information;Si;Si;15/08/19;40;No;No seleccionados;No seleccionados;No seleccionados;No seleccionados;No seleccionados;No seleccionados;No seleccionados;No seleccionados;No seleccionados;No seleccionados;No seleccionados;No seleccionados;No seleccionados;Seleccionados;No seleccionados;No seleccionados;No seleccionados;No seleccionados;Seleccionados;No seleccionados;Atrio derecho en desembocadura de vena cava inferior;16/08/19;Si;Si;Nativa;Subaguda;Definitivo;no;No;No;No;Seleccionados;No seleccionados;No seleccionados;No seleccionados;Si;No;Si;No;Si;No;No;No;No;Si;Seleccionados;Seleccionados;No seleccionados;Seleccionados;No seleccionados;No seleccionados;No seleccionados;Seleccionados;No seleccionados;No seleccionados;No seleccionados;No seleccionados;No seleccionados;No seleccionados;No seleccionados;No seleccionados;No seleccionados;No seleccionados;No seleccionados;No information;30;No;;;;;;No seleccionados;No seleccionados;No seleccionados;No seleccionados;No seleccionados;No seleccionados;No seleccionados;No seleccionados;Si;10;No;Si;Si;Vivo;;;
40;0;Hombre;23/08/19;6/12/19;105;No;No;No;No;No;;No;No;No;No;No seleccionados;No seleccionados;No seleccionados;No seleccionados;No seleccionados;No seleccionados;No seleccionados;No seleccionados;No seleccionados;No seleccionados;No seleccionados;No seleccionados;;;;Si;Seleccionados;No seleccionados;No seleccionados;No seleccionados;No seleccionados;No;No;No;Seleccionados;No seleccionados;No seleccionados;No seleccionados;No seleccionados;No seleccionados;No seleccionados;No;No;No;No;Si;No;No;No;No;No;No;Previa cirugia de correccion de transposicion de grandes vasos;20/09/19;Si;No information;No information;No;No;Seleccionados;No seleccionados;No seleccionados;No seleccionados;No seleccionados;No seleccionados;No seleccionados;No seleccionados;No;Seleccionados;No seleccionados;No seleccionados;No seleccionados;No seleccionados;No aplica;Sepsis;3;50;12;74;50;58;152;35;No;No;No;No;No;35250;3610;29260;12,4;315000;No information;3,39;No information;0,21;25,3;No information;8,063;No information;No information;3,3;133,6;85,2;62,6;Positivo;Si, meticilino sensible;No;No;No;No;Klebsiella spp;No;Si;No information;Si;Si;25/10/19;50;Si;Seleccionados;No seleccionados;No seleccionados;No seleccionados;No seleccionados;No seleccionados;No seleccionados;Seleccionados;No seleccionados;Seleccionados;No seleccionados;No seleccionados;No seleccionados;No seleccionados;No seleccionados;No seleccionados;No seleccionados;No seleccionados;Seleccionados;No seleccionados;Vegetation de la auricula izquierda a la derecha en relacion al parche de CIA;25/10/19;No;Si;Asociada a Dispositvo cardiaco;Subaguda;Definitivo;no;No;No;No;Seleccionados;No seleccionados;No seleccionados;No seleccionados;No;No;Si;No;No;No;Si;No;No;Si;No seleccionados;Seleccionados;No seleccionados;Seleccionados;Seleccionados;Seleccionados;No seleccionados;Seleccionados;No seleccionados;No seleccionados;No seleccionados;No seleccionados;No seleccionados;No seleccionados;Seleccionados;No seleccionados;No seleccionados;No seleccionados;No seleccionados;No information;84;Si;Abierta;Ninguno;Extraccion de masa;;No;No seleccionados;No seleccionados;No seleccionados;Seleccionados;No seleccionados;No seleccionados;No seleccionados;No seleccionados;Si;60;Si;Si;Si;Vivo;;;
41;12;Hombre;1/10/19;22/10/19;21;Si;No;No;No;No;;No;No;No;Si;No seleccionados;No seleccionados;No seleccionados;No seleccionados;Seleccionados;No seleccionados;Seleccionados;No seleccionados;No seleccionados;No seleccionados;No seleccionados;No seleccionados;Si;Mitral;No aplica;Si;No seleccionados;No seleccionados;No seleccionados;Seleccionados;No seleccionados;No;No;No;Seleccionados;No seleccionados;No seleccionados;No seleccionados;No seleccionados;No seleccionados;No seleccionados;No;No;No;No;Si;No;No;No;No;No;No;No information;1/10/19;Si;Si;No;No;No;Seleccionados;No seleccionados;No seleccionados;No seleccionados;No seleccionados;No seleccionados;No seleccionados;No seleccionados;No;Seleccionados;No seleccionados;No seleccionados;No seleccionados;No seleccionados;No aplica;No;34;153;14,7;106;66;79,3;66;19;No;No;No;No;No;9960;3090;5550;13,5;235000;5;0,75;No information;0,65;13,2;No information;No information;No information;No information;4,63;136,7;14,4;15,1;Positivo;Si, meticilino resistente;No;No;No;No;No;No;No;No information;Si;Si;8/10/19;50;Si;No seleccionados;No seleccionados;Seleccionados;No seleccionados;No seleccionados;No seleccionados;Seleccionados;No seleccionados;No seleccionados;No seleccionados;No seleccionados;No seleccionados;No seleccionados;No seleccionados;Seleccionados;No seleccionados;No seleccionados;No seleccionados;No seleccionados;No seleccionados;No information;8/10/19;No;Si;Protesica;Aguda;Definitivo;no;No;No;No;Seleccionados;No seleccionados;No seleccionados;No seleccionados;No;Si;No;No;No;No;No;No;No;Si;No seleccionados;Seleccionados;No seleccionados;No seleccionados;Seleccionados;Seleccionados;No seleccionados;No seleccionados;No seleccionados;No seleccionados;No seleccionados;No seleccionados;No seleccionados;No seleccionados;No seleccionados;No seleccionados;No seleccionados;No seleccionados;No seleccionados;No information;42;Si;Abierta;Protesis mecanica;Ninguno;;No;Seleccionados;No seleccionados;No seleccionados;No seleccionados;No seleccionados;No seleccionados;No seleccionados;No seleccionados;Si;13;Si;Si;Si;Vivo;;;
42;67;Mujer;26/10/19;31/10/19;5;Si;No;No;Obesidad (>=30 IMC);No;;Si;No;No;No;No seleccionados;No seleccionados;No seleccionados;No seleccionados;No seleccionados;No seleccionados;No seleccionados;No seleccionados;No seleccionados;No seleccionados;No seleccionados;No seleccionados;;;;No;Seleccionados;No seleccionados;No seleccionados;No seleccionados;No seleccionados;No;No;No;Seleccionados;No seleccionados;No seleccionados;No seleccionados;No seleccionados;No seleccionados;No seleccionados;No;No;No;No;No;No;Gastrointestinal;No;No;No;No;Bacteremia reciente por SARM;26/10/19;No;Si;Si;Si;No;Seleccionados;No seleccionados;No seleccionados;No seleccionados;No seleccionados;No seleccionados;No seleccionados;No seleccionados;No;Seleccionados;No seleccionados;No seleccionados;No seleccionados;No seleccionados;No aplica;Shock  septico;87;158;34,9;111;77;88,3;110;38;No;No;No;No;No;9760;710;8600;8,9;54000;28,37;No information;No information;1,31;34,6;No information;0,3345;No information;No information;4,73;130,4;39,3;18;Positivo;Si, meticilino resistente;No;No;No;No;No;No;No;No information;Si;Si;28/10/19;55;Si;Seleccionados;No seleccionados;No seleccionados;No seleccionados;No seleccionados;No seleccionados;No seleccionados;No seleccionados;Seleccionados;No seleccionados;No seleccionados;No seleccionados;No seleccionados;No seleccionados;Seleccionados;No seleccionados;No seleccionados;No seleccionados;No seleccionados;No seleccionados;No information;28/10/19;No;Si;Nativa;Aguda;Definitivo;Otro;No;No;No;Seleccionados;No seleccionados;No seleccionados;No seleccionados;Si;No;No;No;No;No;No;No;No;Si;No seleccionados;Seleccionados;No seleccionados;No seleccionados;No seleccionados;No seleccionados;No seleccionados;No seleccionados;No seleccionados;No seleccionados;No seleccionados;No seleccionados;No seleccionados;No seleccionados;Seleccionados;No seleccionados;No seleccionados;No seleccionados;No seleccionados;No information;60;No;;;;;;No seleccionados;No seleccionados;No seleccionados;No seleccionados;No seleccionados;No seleccionados;No seleccionados;No seleccionados;Si;6;Si;Si;Si;Remitido;;;
43;80;Hombre;23/11/19;25/11/19;2;Si;No;No;No;Si;> o igual 50%;No;No;No;Si;Seleccionados;No seleccionados;No seleccionados;No seleccionados;No seleccionados;No seleccionados;No seleccionados;No seleccionados;No seleccionados;No seleccionados;Seleccionados;No seleccionados;Si;No Aplica;Mitral;No;Seleccionados;No seleccionados;No seleccionados;No seleccionados;No seleccionados;No;No;No;Seleccionados;No seleccionados;No seleccionados;No seleccionados;No seleccionados;No seleccionados;No seleccionados;No;No;No;No;No;No;No;No;No;No;No;Cirugia de columna;3/11/19;Si;No;No;No;No;Seleccionados;No seleccionados;No seleccionados;No seleccionados;No seleccionados;No seleccionados;No seleccionados;No seleccionados;No;Seleccionados;No seleccionados;No seleccionados;No seleccionados;No seleccionados;No aplica;Shock  septico;72;174;23,8;136;59;84,7;54;18;No;No;Si;No;No;26200;1530;22590;12;182000;No information;18,79;No information;1,62;30,5;No information;No information;No information;No information;4,79;131,2;No information;47,9;Positivo;Si, meticilino resistente;No;No;E. faecalis;No;No;No;No;No information;Si;Si;25/11/19;70;Si;Seleccionados;No seleccionados;No seleccionados;No seleccionados;No seleccionados;No seleccionados;No seleccionados;No seleccionados;Seleccionados;No seleccionados;No seleccionados;No seleccionados;No seleccionados;No seleccionados;Seleccionados;No seleccionados;No seleccionados;No seleccionados;No seleccionados;No seleccionados;Asociado a protesis mitral biologica;25/11/19;Si;Si;Protesica;Subaguda;Definitivo;no;No;No;No;Seleccionados;No seleccionados;No seleccionados;No seleccionados;Si;No;No;No;No;No;No;No;No;Si;No seleccionados;Seleccionados;No seleccionados;Seleccionados;No seleccionados;No seleccionados;No seleccionados;No seleccionados;No seleccionados;No seleccionados;No seleccionados;No seleccionados;No seleccionados;No seleccionados;No seleccionados;No seleccionados;No seleccionados;No seleccionados;No seleccionados;No information;42;No;;;;;;No seleccionados;No seleccionados;No seleccionados;No seleccionados;No seleccionados;No seleccionados;No seleccionados;No seleccionados;Si;15;No;Si;No;Remitido;;;
44;68;Mujer;12/12/19;23/12/19;11;No;No;No;No;No;;No;No;No;No;No seleccionados;No seleccionados;No seleccionados;No seleccionados;No seleccionados;No seleccionados;No seleccionados;No seleccionados;No seleccionados;No seleccionados;No seleccionados;No seleccionados;;;;No;Seleccionados;No seleccionados;No seleccionados;No seleccionados;No seleccionados;No;No;No;No seleccionados;Seleccionados;No seleccionados;No seleccionados;No seleccionados;No seleccionados;No seleccionados;No;Si, con hemodialisis;No;No;No;Si;No;No;No;No;No;Resection de tiroides y paratiroides;9/12/19;Si;No;No;No;No;No seleccionados;No seleccionados;No seleccionados;Seleccionados;No seleccionados;No seleccionados;No seleccionados;No seleccionados;No;Seleccionados;No seleccionados;No seleccionados;No seleccionados;No seleccionados;No aplica;No;54;159;21,4;155;71;99;75;16;No;No;No;No;Si;6740;550;4610;10,3;435000;No information;7,25;No information;0,8;20,4;No information;No information;No information;No information;4,78;No information;No information;No information;Negativo;No;No;No;No;No;No;No;No;No information;No;Si;14/12/19;65;Si;Seleccionados;No seleccionados;No seleccionados;No seleccionados;No seleccionados;No seleccionados;No seleccionados;No seleccionados;Seleccionados;No seleccionados;No seleccionados;No seleccionados;No seleccionados;No seleccionados;Seleccionados;No seleccionados;No seleccionados;No seleccionados;No seleccionados;No seleccionados;No information;14/12/19;No;Si;Nativa;Aguda;Definitivo;no;No;No;No;Seleccionados;No seleccionados;No seleccionados;No seleccionados;No;No;No;No;No;No;No;No;No;Si;No seleccionados;No seleccionados;No seleccionados;No seleccionados;No seleccionados;No seleccionados;No seleccionados;Seleccionados;No seleccionados;No seleccionados;No seleccionados;No seleccionados;Seleccionados;No seleccionados;No seleccionados;No seleccionados;No seleccionados;No seleccionados;No seleccionados;No information;30;No;;;;;;No seleccionados;No seleccionados;No seleccionados;No seleccionados;No seleccionados;No seleccionados;No seleccionados;No seleccionados;No;0;No;No;No;Vivo;;;
45;39;Hombre;30/01/20;27/02/20;28;Si;No;No;No;Si;< 40%;No;No;No;Si;Seleccionados;No seleccionados;No seleccionados;No seleccionados;No seleccionados;No seleccionados;No seleccionados;No seleccionados;Seleccionados;No seleccionados;Seleccionados;No seleccionados;No;;;No;No seleccionados;No seleccionados;No seleccionados;Seleccionados;No seleccionados;No;No;No;No seleccionados;No seleccionados;No seleccionados;Seleccionados;No seleccionados;No seleccionados;No seleccionados;No;No;No;No;Si;No;No;No;Si;Si;No;No information;25/01/20;No;Si;No;No;No;Seleccionados;No seleccionados;No seleccionados;No seleccionados;No seleccionados;No seleccionados;No seleccionados;No seleccionados;No;Seleccionados;No seleccionados;No seleccionados;No seleccionados;No seleccionados;Stevenson B;No;59;175;19,3;101;44;63;63;22;No;No;Si;No;Si;8870;800;7510;9,8;205000;10;1,15;12,8;0,98;40,6;13866;105,5;No information;No information;3,65;137,2;34,6;81,4;Positivo;No;No;No;No;No;No;No;No;Actinomycesdenticolens;Si;Si;2/02/20;20;Si;Seleccionados;No seleccionados;No seleccionados;No seleccionados;No seleccionados;No seleccionados;No seleccionados;Seleccionados;Seleccionados;No seleccionados;No seleccionados;No seleccionados;No seleccionados;Seleccionados;No seleccionados;No seleccionados;No seleccionados;No seleccionados;No seleccionados;No seleccionados;No information;2/02/20;Si;Si;Nativa;Aguda;Definitivo;no;No;Si;No;Seleccionados;No seleccionados;No seleccionados;No seleccionados;No;No;No;No;No;No;Si;No;No;Si;No seleccionados;No seleccionados;No seleccionados;No seleccionados;No seleccionados;No seleccionados;No seleccionados;No seleccionados;Seleccionados;Seleccionados;No seleccionados;No seleccionados;No seleccionados;No seleccionados;No seleccionados;No seleccionados;No seleccionados;No seleccionados;No seleccionados;No information;365;Si;Abierta;Protesis biologica;Otro;Plastia mitral cerrando perforacion de valva anterior;No;Seleccionados;No seleccionados;No seleccionados;No seleccionados;No seleccionados;No seleccionados;No seleccionados;No seleccionados;Si;5;Si;Si;No;Remitido;;;
46;76;Hombre;19/03/20;10/04/20;22;Si;No;No;Sobrepeso (>=25-29.9 IMC);No;;No;Si;No;Si;No seleccionados;No seleccionados;Seleccionados;No seleccionados;No seleccionados;No seleccionados;Seleccionados;No seleccionados;No seleccionados;No seleccionados;No seleccionados;No seleccionados;Si;No Aplica;Aortica;Si;Seleccionados;No seleccionados;No seleccionados;No seleccionados;No seleccionados;No;No;No;No seleccionados;No seleccionados;No seleccionados;No seleccionados;No seleccionados;Seleccionados;No seleccionados;No;Si, sin dialisis;No;Hipotiroidismo;No;No;No;No;Si;Si;No;No information;16/03/20;Si;Si;Si;No;No;Seleccionados;No seleccionados;No seleccionados;No seleccionados;No seleccionados;No seleccionados;No seleccionados;No seleccionados;No;Seleccionados;No seleccionados;No seleccionados;No seleccionados;No seleccionados;Stevenson A;Shock  septico;86;175;28,1;81;46;57,7;97;24;No;No;No;Si;Si;6220;180;5850;13,2;39000;No information;21,78;No information;1,7;31,3;12380;1,12;No information;42,6;3,06;140,5;30,5;37,2;Positivo;No;No;No;No;Haemophilus spp;No;No;No;No information;Si;Si;20/03/20;65;Si;No seleccionados;Seleccionados;No seleccionados;No seleccionados;No seleccionados;No seleccionados;No seleccionados;Seleccionados;Seleccionados;No seleccionados;No seleccionados;No seleccionados;No seleccionados;Seleccionados;No seleccionados;No seleccionados;No seleccionados;No seleccionados;No seleccionados;No seleccionados;No information;20/03/20;Si;Si;Protesica;Aguda;Definitivo;no;No;Si;No;Seleccionados;No seleccionados;No seleccionados;No seleccionados;Si;No;No;No;Si;No;No;No;No;Si;Seleccionados;No seleccionados;No seleccionados;Seleccionados;No seleccionados;No seleccionados;Seleccionados;No seleccionados;No seleccionados;No seleccionados;No seleccionados;No seleccionados;No seleccionados;No seleccionados;No seleccionados;No seleccionados;Seleccionados;No seleccionados;No seleccionados;No information;42;No;;;;;;No seleccionados;No seleccionados;No seleccionados;No seleccionados;No seleccionados;No seleccionados;No seleccionados;No seleccionados;Si;12;No;Si;Si;Vivo;;;
47;21;Mujer;28/03/20;9/04/20;12;Si;No;No;No;No;;No;No;No;No;No seleccionados;No seleccionados;No seleccionados;No seleccionados;No seleccionados;No seleccionados;No seleccionados;No seleccionados;No seleccionados;No seleccionados;No seleccionados;No seleccionados;;;;No;Seleccionados;No seleccionados;No seleccionados;No seleccionados;No seleccionados;No;No;No;No seleccionados;No seleccionados;No seleccionados;No seleccionados;No seleccionados;Seleccionados;No seleccionados;No;Si, con hemodialisis;No;No;No;Si;Urologico;No;No;No;No;Colostomia prolongada (100 dias);21/03/20;Si;Si;Si;No;Si;Seleccionados;No seleccionados;No seleccionados;No seleccionados;No seleccionados;No seleccionados;No seleccionados;No seleccionados;Si;Seleccionados;No seleccionados;No seleccionados;No seleccionados;No seleccionados;No aplica;No;45;149;20,3;140;87;104,7;179;26;No;No;No;No;Si;5120;160;4690;8,3;65000;No information;39,47;No information;2;22,9;No information;0,0073;No information;No information;3,67;137,8;18,7;13,2;Positivo;Si, meticilino sensible;No;No;No;No;No;No;No;No information;Si;Si;1/04/20;64;No;No seleccionados;No seleccionados;No seleccionados;No seleccionados;No seleccionados;No seleccionados;No seleccionados;No seleccionados;No seleccionados;No seleccionados;No seleccionados;No seleccionados;No seleccionados;No seleccionados;No seleccionados;No seleccionados;Seleccionados;No seleccionados;Seleccionados;No seleccionados;Cateter venoso central derecho;1/04/20;Si;Si;Asociada a cateter;Subaguda;Definitivo;no;No;No;No;Seleccionados;No seleccionados;No seleccionados;No seleccionados;No;No;No;No;Si;No;No;No;No;Si;No seleccionados;Seleccionados;No seleccionados;No seleccionados;No seleccionados;No seleccionados;No seleccionados;No seleccionados;No seleccionados;No seleccionados;No seleccionados;No seleccionados;No seleccionados;No seleccionados;Seleccionados;No seleccionados;No seleccionados;No seleccionados;No seleccionados;No information;28;No;;;;;;No seleccionados;No seleccionados;No seleccionados;No seleccionados;No seleccionados;No seleccionados;No seleccionados;No seleccionados;No;No information;No;No;No;Remitido;;;
48;80;Hombre;21/04/20;18/05/20;27;Si;No;No;No;Si;> o igual 50%;No;No;No;Si;Seleccionados;No seleccionados;No seleccionados;No seleccionados;No seleccionados;No seleccionados;No seleccionados;No seleccionados;No seleccionados;No seleccionados;Seleccionados;No seleccionados;Si;No Aplica;Mitral;No;Seleccionados;No seleccionados;No seleccionados;No seleccionados;No seleccionados;No;No;No;Seleccionados;No seleccionados;No seleccionados;No seleccionados;No seleccionados;No seleccionados;No seleccionados;No;No;No;No;No;No;Urologico;Si;No;No;No;Cirugia de reemplazo de valvula en 2013, 2016 y 2019;18/04/20;Si;No;Si;Si;No;No seleccionados;No seleccionados;No seleccionados;No seleccionados;No seleccionados;Seleccionados;No seleccionados;No seleccionados;No;Seleccionados;No seleccionados;No seleccionados;No seleccionados;No seleccionados;Stevenson A;No;71;174;23,5;137;71;93;72;21;No;No;No;No;No;18030;1280;15460;10,4;153000;No information;8,85;No information;1,56;15,5;No information;0,0316;No information;No information;4,92;126,6;15,6;11,4;Positivo;No;No;No;E. faecalis;No;No;No;No;No information;Si;Si;21/04/20;35;Si;Seleccionados;No seleccionados;No seleccionados;No seleccionados;No seleccionados;No seleccionados;No seleccionados;No seleccionados;Seleccionados;No seleccionados;Seleccionados;No seleccionados;No seleccionados;Seleccionados;Seleccionados;No seleccionados;No seleccionados;No seleccionados;No seleccionados;No seleccionados;No information;21/04/20;Si;Si;Protesica;Aguda;Definitivo;Otro;ACV isquemico;Si;No;Seleccionados;No seleccionados;No seleccionados;No seleccionados;No;No;No;No;Si;No;No;No;No;Si;Seleccionados;No seleccionados;No seleccionados;No seleccionados;No seleccionados;No seleccionados;No seleccionados;No seleccionados;No seleccionados;No seleccionados;No seleccionados;No seleccionados;No seleccionados;No seleccionados;No seleccionados;Seleccionados;No seleccionados;No seleccionados;No seleccionados;No information;42;No;;;;;;No seleccionados;No seleccionados;No seleccionados;No seleccionados;No seleccionados;No seleccionados;No seleccionados;No seleccionados;Si;2;No;No;No;Remitido;;;
49;75;Hombre;25/04/20;20/05/20;25;No;No;No;No;Si;> o igual 50%;No;No;No;Si;Seleccionados;No seleccionados;No seleccionados;No seleccionados;No seleccionados;No seleccionados;No seleccionados;No seleccionados;No seleccionados;No seleccionados;Seleccionados;No seleccionados;Si;No Aplica;Mitral;No;Seleccionados;No seleccionados;No seleccionados;No seleccionados;No seleccionados;No;Si;No;Seleccionados;No seleccionados;No seleccionados;No seleccionados;No seleccionados;No seleccionados;No seleccionados;No;No;No;No;No;No;No;No;No;Si;No;No information;29/01/20;Si;Si;No;No;No;Seleccionados;No seleccionados;No seleccionados;No seleccionados;No seleccionados;No seleccionados;No seleccionados;No seleccionados;No;Seleccionados;No seleccionados;No seleccionados;No seleccionados;No seleccionados;Stevenson B;No;57,2;168;20,3;112;81;91,3;77;19;No;No;Si;No;No;8820;2400;4920;12,8;157000;No information;1,6;No information;1,19;19,5;2000;5;No information;No information;4,07;139,8;33,6;24,5;Negativo;No;No;S. pneumoniae;No;No;No;No;Si;Cutibacteriumacnes;Si;Si;28/04/20;65;Si;Seleccionados;No seleccionados;No seleccionados;No seleccionados;No seleccionados;No seleccionados;No seleccionados;No seleccionados;Seleccionados;No seleccionados;Seleccionados;No seleccionados;No seleccionados;No seleccionados;Seleccionados;No seleccionados;No seleccionados;No seleccionados;No seleccionados;No seleccionados;No information;29/04/20;No;Si;Protesica;Cronica;Definitivo;no;No;No;No;No seleccionados;No seleccionados;Seleccionados;No seleccionados;No;No;No;No;Si;No;No;No;No;Si;Seleccionados;Seleccionados;No seleccionados;No seleccionados;No seleccionados;No seleccionados;No seleccionados;No seleccionados;No seleccionados;No seleccionados;No seleccionados;No seleccionados;No seleccionados;No seleccionados;No seleccionados;No seleccionados;No seleccionados;No seleccionados;No seleccionados;No information;42;Si;Abierta;Protesis biologica;Otro;Plastia tricuspide de vega y reseccion de degeneracion mixoide ;No;No seleccionados;No seleccionados;No seleccionados;No seleccionados;No seleccionados;Seleccionados;No seleccionados;No seleccionados;Si;7;Si;Si;Si;Vivo;;;
50;60;Hombre;29/04/20;21/05/20;22;Si;No;No;Sobrepeso (>=25-29.9 IMC);No;;No;Si;No;No;No seleccionados;No seleccionados;No seleccionados;No seleccionados;No seleccionados;No seleccionados;No seleccionados;No seleccionados;No seleccionados;No seleccionados;No seleccionados;No seleccionados;;;;No;Seleccionados;No seleccionados;No seleccionados;No seleccionados;No seleccionados;No;No;No;Seleccionados;No seleccionados;No seleccionados;No seleccionados;No seleccionados;No seleccionados;No seleccionados;No;No;No;No;No;No;No;No;No;Si;No;Cirugia de columna hace 3 meses;29/01/20;Si;No;Si;No;No;Seleccionados;No seleccionados;No seleccionados;No seleccionados;No seleccionados;No seleccionados;No seleccionados;No seleccionados;Si;Seleccionados;No seleccionados;No seleccionados;No seleccionados;No seleccionados;No aplica;No;83;180;26,5;109;62;77;110;35;Si;No;No;No;No;16830;1080;14850;11,4;199000;No information;12,59;No information;1,32;21,2;3620;No information;No information;20;4,37;135,1;18,5;13,7;Positivo;No;No;No;E. faecalis;No;No;No;No;No information;Si;Si;3/05/20;65;Si;No seleccionados;No seleccionados;Seleccionados;No seleccionados;No seleccionados;No seleccionados;No seleccionados;Seleccionados;No seleccionados;No seleccionados;No seleccionados;No seleccionados;No seleccionados;Seleccionados;Seleccionados;No seleccionados;No seleccionados;No seleccionados;No seleccionados;No seleccionados;No information;3/05/20;Si;Si;Nativa;Subaguda;Definitivo;no;No;No;Si;Seleccionados;No seleccionados;No seleccionados;No seleccionados;No;No;No;No;No;No;No;No;No;Si;Seleccionados;No seleccionados;No seleccionados;No seleccionados;No seleccionados;No seleccionados;No seleccionados;No seleccionados;No seleccionados;No seleccionados;No seleccionados;No seleccionados;No seleccionados;No seleccionados;No seleccionados;Seleccionados;No seleccionados;No seleccionados;No seleccionados;No information;42;Si;Abierta;Protesis mecanica;Ninguno;;No;Seleccionados;No seleccionados;No seleccionados;No seleccionados;No seleccionados;No seleccionados;No seleccionados;No seleccionados;Si;2;No;Si;Si;Vivo;;;
51;47;Hombre;21/05/20;30/06/20;40;Si;No;No;Sobrepeso (>=25-29.9 IMC);No;;No;No;No;No;No seleccionados;No seleccionados;No seleccionados;No seleccionados;No seleccionados;No seleccionados;No seleccionados;No seleccionados;No seleccionados;No seleccionados;No seleccionados;No seleccionados;;;;No;Seleccionados;No seleccionados;No seleccionados;No seleccionados;No seleccionados;No;No;No;No seleccionados;Seleccionados;No seleccionados;No seleccionados;No seleccionados;No seleccionados;No seleccionados;No;Si, sin dialisis;No;No;No;No;No;No;No;No;No;Infeccion cutanea dificil por SASM 2 años antes;18/05/20;Si;No;No;No;No;Seleccionados;No seleccionados;No seleccionados;No seleccionados;No seleccionados;No seleccionados;No seleccionados;No seleccionados;No;Seleccionados;No seleccionados;No seleccionados;No seleccionados;No seleccionados;No aplica;No;79,1;176;25,5;150;87;108;79;15;No;No;No;No;No;5690;1130;3590;10,2;322000;No information;3,01;No information;6,44;56,3;No information;No information;No information;No information;3,72;139,6;42,9;28,4;Positivo;Si, meticilino sensible;No;No;No;No;No;No;No;No information;Si;Si;1/06/20;60;No;No seleccionados;No seleccionados;No seleccionados;No seleccionados;No seleccionados;No seleccionados;No seleccionados;No seleccionados;No seleccionados;No seleccionados;No seleccionados;No seleccionados;No seleccionados;No seleccionados;Seleccionados;No seleccionados;No seleccionados;No seleccionados;No seleccionados;No seleccionados;No information;1/06/20;Si;Si;Nativa;Aguda;Definitivo;no;No;No;No;Seleccionados;No seleccionados;No seleccionados;No seleccionados;No;No;No;No;No;No;No;No;No;Si;No seleccionados;Seleccionados;No seleccionados;No seleccionados;No seleccionados;No seleccionados;No seleccionados;No seleccionados;No seleccionados;No seleccionados;No seleccionados;No seleccionados;No seleccionados;No seleccionados;Seleccionados;No seleccionados;No seleccionados;No seleccionados;No seleccionados;No information;42;No;;;;;;No seleccionados;No seleccionados;No seleccionados;No seleccionados;No seleccionados;No seleccionados;No seleccionados;No seleccionados;No;0;No;No;No;Vivo;;;
52;25;Mujer;29/05/20;1/07/20;33;No;No;No;No;No;;No;No;No;No;No seleccionados;No seleccionados;No seleccionados;No seleccionados;No seleccionados;No seleccionados;No seleccionados;No seleccionados;No seleccionados;No seleccionados;No seleccionados;No seleccionados;;;;No;Seleccionados;No seleccionados;No seleccionados;No seleccionados;No seleccionados;No;No;No;Seleccionados;No seleccionados;No seleccionados;No seleccionados;No seleccionados;No seleccionados;No seleccionados;No;No;No;No;No;Si;Gastrointestinal;No;No;No;No;Usuaria de gastrostomia e ileostomia;15/05/20;Si;No;Si;No;No;Seleccionados;No seleccionados;No seleccionados;No seleccionados;No seleccionados;No seleccionados;No seleccionados;No seleccionados;No;Seleccionados;No seleccionados;No seleccionados;No seleccionados;No seleccionados;No aplica;No;52;162;19,8;110;79;89,3;150;24;No;No;No;No;No;5750;1410;3960;9,9;305000;No information;8,83;No information;0,65;23,3;No information;No information;No information;No information;4,11;128,5;111,7;114;Positivo;No;No;No;No;No;No;No;No;Mycobacteriummucogenicum;Si;Si;9/06/20;65;No;No seleccionados;No seleccionados;No seleccionados;No seleccionados;No seleccionados;No seleccionados;No seleccionados;No seleccionados;No seleccionados;No seleccionados;No seleccionados;No seleccionados;No seleccionados;No seleccionados;No seleccionados;No seleccionados;No seleccionados;No seleccionados;Seleccionados;No seleccionados;Punta de cateter venoso central en atrio derecho;9/06/20;No;Si;Asociada a cateter;Cronica;Definitivo;Pulmon;No;No;No;Seleccionados;No seleccionados;No seleccionados;No seleccionados;No;No;No;No;No;No;No;No;No;Si;No seleccionados;No seleccionados;No seleccionados;No seleccionados;No seleccionados;No seleccionados;No seleccionados;No seleccionados;No seleccionados;No seleccionados;No seleccionados;No seleccionados;No seleccionados;No seleccionados;No seleccionados;No seleccionados;No seleccionados;Seleccionados;No seleccionados;Imipenemyclaritromicinayamikacina;70;No;;;;;;No seleccionados;No seleccionados;No seleccionados;No seleccionados;No seleccionados;No seleccionados;No seleccionados;No seleccionados;No;0;No;No;No;Vivo;;;
53;22;Mujer;5/06/20;18/07/20;43;Si;No;No;No;No;;No;No;No;No;No seleccionados;No seleccionados;No seleccionados;No seleccionados;No seleccionados;No seleccionados;No seleccionados;No seleccionados;No seleccionados;No seleccionados;No seleccionados;No seleccionados;;;;No;Seleccionados;No seleccionados;No seleccionados;No seleccionados;No seleccionados;No;No;No;No seleccionados;Seleccionados;No seleccionados;No seleccionados;No seleccionados;Seleccionados;No seleccionados;No;Si, con hemodialisis;No;No;No;Si;No;No;No;No;No;No information;2/06/20;Si;No;No;No;No;Seleccionados;No seleccionados;No seleccionados;No seleccionados;No seleccionados;No seleccionados;No seleccionados;No seleccionados;No;Seleccionados;No seleccionados;No seleccionados;No seleccionados;No seleccionados;No aplica;No;57;155;23,7;131;82;98,3;98;18;No;No;No;No;No;9500;1490;7560;8;353000;No information;5,52;No information;7,38;25,3;No information;No information;No information;No information;4,27;135,1;11,6;5;Positivo;No;S. epidermidis;No;No;No;No;No;No;No information;Si;Si;6/06/20;70;No;No seleccionados;No seleccionados;No seleccionados;No seleccionados;No seleccionados;No seleccionados;No seleccionados;No seleccionados;No seleccionados;No seleccionados;No seleccionados;No seleccionados;No seleccionados;No seleccionados;Seleccionados;No seleccionados;Seleccionados;No seleccionados;No seleccionados;No seleccionados;No information;6/06/20;No;Si;Nativa;Aguda;Definitivo;no;No;No;No;Seleccionados;No seleccionados;No seleccionados;No seleccionados;No;No;No;No;No;No;No;No;No;Si;No seleccionados;Seleccionados;No seleccionados;No seleccionados;No seleccionados;No seleccionados;No seleccionados;Seleccionados;No seleccionados;No seleccionados;No seleccionados;No seleccionados;No seleccionados;No seleccionados;No seleccionados;No seleccionados;No seleccionados;No seleccionados;No seleccionados;No information;42;No;;;;;;No seleccionados;No seleccionados;No seleccionados;No seleccionados;No seleccionados;No seleccionados;No seleccionados;No seleccionados;Si;9;No;No;No;Vivo;;;
54;40;Mujer;28/07/20;17/08/20;20;No;No;No;Obesidad (>=30 IMC);No;;No;No;No;No;No seleccionados;No seleccionados;No seleccionados;No seleccionados;No seleccionados;No seleccionados;No seleccionados;No seleccionados;No seleccionados;No seleccionados;No seleccionados;No seleccionados;;;;No;Seleccionados;No seleccionados;No seleccionados;No seleccionados;No seleccionados;No;No;No;Seleccionados;No seleccionados;No seleccionados;No seleccionados;No seleccionados;No seleccionados;No seleccionados;No;No;No;No;No;No;No;No;No;No;No;Posoperatorio de cesarea reciente (2 meses) + Artritis septica de cadera;25/07/20;Si;Si;Si;No;No;Seleccionados;No seleccionados;No seleccionados;No seleccionados;No seleccionados;No seleccionados;No seleccionados;No seleccionados;No;Seleccionados;No seleccionados;No seleccionados;No seleccionados;No seleccionados;No aplica;Sepsis;80;160;31,3;121;78;92,3;93;21;No;No;No;No;No;25990;1400;21440;11,3;463000;No information;34,22;No information;1,48;25,8;No information;No information;No information;No information;4;143;54,5;45,1;Positivo;Si, meticilino resistente;No;No;No;No;No;No;No;No information;Si;Si;30/07/20;65;No;No seleccionados;No seleccionados;No seleccionados;No seleccionados;No seleccionados;No seleccionados;No seleccionados;No seleccionados;No seleccionados;No seleccionados;No seleccionados;No seleccionados;No seleccionados;No seleccionados;Seleccionados;No seleccionados;No seleccionados;No seleccionados;No seleccionados;No seleccionados;No information;30/07/20;Si;Si;Nativa;Aguda;Definitivo;Pulmon;No;No;Si;Seleccionados;No seleccionados;No seleccionados;No seleccionados;No;No;No;No;No;No;Si;No;No;Si;No seleccionados;Seleccionados;No seleccionados;Seleccionados;No seleccionados;No seleccionados;No seleccionados;Seleccionados;No seleccionados;No seleccionados;No seleccionados;Seleccionados;Seleccionados;No seleccionados;No seleccionados;No seleccionados;No seleccionados;No seleccionados;No seleccionados;No information;42;No;;;;;;No seleccionados;No seleccionados;No seleccionados;No seleccionados;No seleccionados;No seleccionados;No seleccionados;No seleccionados;Si;14;No;No;No;Vivo;;;
55;69;Hombre;26/09/20;20/11/20;55;Si;Si;No;No;No;;No;Si;No;No;No seleccionados;No seleccionados;No seleccionados;No seleccionados;No seleccionados;No seleccionados;No seleccionados;No seleccionados;No seleccionados;No seleccionados;No seleccionados;No seleccionados;;;;No;Seleccionados;No seleccionados;No seleccionados;No seleccionados;No seleccionados;No;No;Si;No seleccionados;No seleccionados;No seleccionados;No seleccionados;No seleccionados;Seleccionados;No seleccionados;No;Si, con hemodialisis;No;No;No;Si;Gastrointestinal;No;No;No;No;No information;22/09/20;No;No;Si;Si;Si;Seleccionados;No seleccionados;No seleccionados;No seleccionados;No seleccionados;No seleccionados;No seleccionados;No seleccionados;No;Seleccionados;No seleccionados;No seleccionados;No seleccionados;No seleccionados;Stevenson B;Shock  septico;66;171;22,6;83;50;61;70;20;No;No;No;No;Si;8700;550;7040;8,8;308000;No information;11,67;No information;7,94;52,3;No information;2,1134;No information;No information;4,16;138,8;49;49,5;Negativo;No information;No information;No information;No information;No information;No information;No information;No information;No information;No;Si;28/09/20;15;No;No seleccionados;No seleccionados;No seleccionados;No seleccionados;No seleccionados;No seleccionados;No seleccionados;No seleccionados;No seleccionados;No seleccionados;No seleccionados;No seleccionados;No seleccionados;No seleccionados;No seleccionados;No seleccionados;Seleccionados;No seleccionados;No seleccionados;No seleccionados;No information;28/09/20;Si;Si;Nativa;Aguda;Improbable;no;No;Si;No;Seleccionados;No seleccionados;No seleccionados;No seleccionados;Si;No;No;No;No;No;Si;No;No;Si;Seleccionados;Seleccionados;No seleccionados;Seleccionados;No seleccionados;No seleccionados;No seleccionados;No seleccionados;No seleccionados;No seleccionados;No seleccionados;No seleccionados;Seleccionados;No seleccionados;No seleccionados;No seleccionados;No seleccionados;No seleccionados;No seleccionados;No information;42;No;;;;;;No seleccionados;No seleccionados;No seleccionados;No seleccionados;No seleccionados;No seleccionados;No seleccionados;No seleccionados;Si;10;No;Si;No;Vivo;;;
56;59;Mujer;28/09/20;16/10/20;18;Si;No;No;Obesidad (>=30 IMC);Si;> o igual 50%;No;No;No;No;No seleccionados;No seleccionados;No seleccionados;No seleccionados;No seleccionados;No seleccionados;No seleccionados;No seleccionados;No seleccionados;No seleccionados;No seleccionados;No seleccionados;;;;No;Seleccionados;No seleccionados;No seleccionados;No seleccionados;No seleccionados;No;Si;No;Seleccionados;No seleccionados;No seleccionados;No seleccionados;No seleccionados;No seleccionados;No seleccionados;No;No;No;No;No;No;No;No;No;No;No;No information;18/09/20;Si;Si;Si;No;No;Seleccionados;No seleccionados;No seleccionados;No seleccionados;No seleccionados;No seleccionados;No seleccionados;No seleccionados;No;Seleccionados;No seleccionados;No seleccionados;No seleccionados;No seleccionados;Stevenson B;No;82,2;170;31,2;114;53;73,3;90;20;No;Si;Si;No;No;17280;15400;1320;7,9;181000;10;8,49;No information;1,08;60;No information;72;No information;50;4,67;132;140;102;Positivo;No;No;S. gallolyticus  (bovis);No;No;No;No;No;No information;Si;Si;28/09/20;65;Si;Seleccionados;No seleccionados;No seleccionados;No seleccionados;No seleccionados;No seleccionados;No seleccionados;No seleccionados;Seleccionados;No seleccionados;Seleccionados;No seleccionados;No seleccionados;No seleccionados;Seleccionados;No seleccionados;No seleccionados;No seleccionados;No seleccionados;No seleccionados;No information;29/09/20;Si;Si;Nativa;Subaguda;Definitivo;no;No;No;No;No seleccionados;No seleccionados;Seleccionados;No seleccionados;No;No;No;No;No;No;No;No;No;Si;Seleccionados;No seleccionados;No seleccionados;No seleccionados;No seleccionados;No seleccionados;No seleccionados;No seleccionados;No seleccionados;No seleccionados;No seleccionados;No seleccionados;No seleccionados;No seleccionados;No seleccionados;No seleccionados;No seleccionados;No seleccionados;No seleccionados;No information;20;Si;Abierta;Protesis biologica;Otro;Exclusion de auriculilla dispositivo Atriclip;No;Seleccionados;No seleccionados;No seleccionados;No seleccionados;No seleccionados;No seleccionados;No seleccionados;No seleccionados;Si;11;Si;No;Si;Vivo;;;
57;27;Mujer;2/10/20;20/10/20;18;No;No;No;No;No;;No;No;No;No;No seleccionados;No seleccionados;No seleccionados;No seleccionados;No seleccionados;No seleccionados;No seleccionados;No seleccionados;No seleccionados;No seleccionados;No seleccionados;No seleccionados;;;;No;Seleccionados;No seleccionados;No seleccionados;No seleccionados;No seleccionados;No;No;No;Seleccionados;No seleccionados;No seleccionados;No seleccionados;No seleccionados;No seleccionados;No seleccionados;No;No;No;No;Si;No;No;No;No;Si;No;Hipertension pulmonar severa;17/09/20;Si;Si;Si;No;No;Seleccionados;No seleccionados;No seleccionados;No seleccionados;No seleccionados;No seleccionados;No seleccionados;No seleccionados;No;No seleccionados;No seleccionados;No seleccionados;Seleccionados;No seleccionados;Stevenson L;No;60;160;23,4;105;68;80;124;20;No;Si;Si;No;No;28490;1670;25040;7,3;24000;No information;21,13;No information;2,3;42,2;10993;26,2;No information;No information;3,82;129,7;36,5;27,7;Positivo;No;No;S. viridans;No;No;No;No;No;No information;Si;Si;3/10/20;65;Si;Seleccionados;No seleccionados;No seleccionados;No seleccionados;No seleccionados;No seleccionados;No seleccionados;No seleccionados;No seleccionados;No seleccionados;Seleccionados;No seleccionados;No seleccionados;No seleccionados;No seleccionados;No seleccionados;Seleccionados;No seleccionados;No seleccionados;No seleccionados;No information;3/10/20;Si;Si;Nativa;Subaguda;Definitivo;no;No;No;No;Seleccionados;No seleccionados;No seleccionados;No seleccionados;No;No;No;No;No;Si;No;No;No;Si;Seleccionados;Seleccionados;No seleccionados;No seleccionados;No seleccionados;No seleccionados;No seleccionados;No seleccionados;No seleccionados;No seleccionados;No seleccionados;No seleccionados;No seleccionados;No seleccionados;No seleccionados;No seleccionados;No seleccionados;No seleccionados;No seleccionados;No information;20;Si;Abierta;Protesis biologica;Cierre de CIV;;No;Seleccionados;No seleccionados;No seleccionados;No seleccionados;No seleccionados;No seleccionados;No seleccionados;No seleccionados;No;0;No;No;No;Vivo;;;
58;25;Hombre;7/10/20;8/03/22;517;No;No;No;No;No;;No;No;No;No;No seleccionados;No seleccionados;No seleccionados;No seleccionados;No seleccionados;No seleccionados;No seleccionados;No seleccionados;No seleccionados;No seleccionados;No seleccionados;No seleccionados;;;;No;Seleccionados;No seleccionados;No seleccionados;No seleccionados;No seleccionados;No;No;No;No seleccionados;No seleccionados;No seleccionados;No seleccionados;No seleccionados;Seleccionados;No seleccionados;No;No;No;No;No;Si;No;No;No;No;No;Gran quemado con sobrecolonizacion bacteriana;1/01/21;Si;No;No;No;No;Seleccionados;No seleccionados;No seleccionados;No seleccionados;No seleccionados;No seleccionados;No seleccionados;No seleccionados;No;Seleccionados;No seleccionados;No seleccionados;No seleccionados;No seleccionados;No aplica;No;75;170;24,5;102;48;66;108;19;No;Si;No;No;No;8004;2540;3640;7,1;483000;48;13,6;No information;0,52;17,1;2000;No information;47;150;4;135,4;150;140;Positivo;No;S. haemolyticus;No;No;No;No;No;No;No information;Si;Si;14/01/21;65;No;No seleccionados;No seleccionados;No seleccionados;No seleccionados;No seleccionados;No seleccionados;No seleccionados;No seleccionados;No seleccionados;No seleccionados;No seleccionados;No seleccionados;No seleccionados;No seleccionados;No seleccionados;No seleccionados;No seleccionados;No seleccionados;Seleccionados;No seleccionados;Valvula de Tebesio;14/01/21;Si;Si;Nativa;Subaguda;Definitivo;no;No;No;No;Seleccionados;No seleccionados;No seleccionados;No seleccionados;No;No;No;No;No;No;No;No;No;Si;No seleccionados;Seleccionados;No seleccionados;Seleccionados;No seleccionados;No seleccionados;No seleccionados;Seleccionados;No seleccionados;No seleccionados;No seleccionados;No seleccionados;No seleccionados;Seleccionados;No seleccionados;Seleccionados;Seleccionados;No seleccionados;No seleccionados;No information;80;No;;;;;;No seleccionados;No seleccionados;No seleccionados;No seleccionados;No seleccionados;No seleccionados;No seleccionados;No seleccionados;Si;45;Si;Si;No;Vivo;;;
59;35;Mujer;14/10/20;14/12/20;61;No;No;No;Sobrepeso (>=25-29.9 IMC);No;;No;No;No;No;No seleccionados;No seleccionados;No seleccionados;No seleccionados;No seleccionados;No seleccionados;No seleccionados;No seleccionados;No seleccionados;No seleccionados;No seleccionados;No seleccionados;;;;No;Seleccionados;No seleccionados;No seleccionados;No seleccionados;No seleccionados;No;No;No;No seleccionados;No seleccionados;Seleccionados;Seleccionados;No seleccionados;No seleccionados;No seleccionados;No;Si, con hemodialisis;No;No;No;Si;No;No;No;No;No;Nefritis Lupica con requerimiento de TRR;7/10/20;No;Si;Si;No;No;Seleccionados;No seleccionados;No seleccionados;No seleccionados;No seleccionados;No seleccionados;No seleccionados;No seleccionados;No;Seleccionados;No seleccionados;No seleccionados;No seleccionados;No seleccionados;No aplica;No;67;160;26,2;153;102;119;70;18;No;No;No;No;No;7240;460;5950;8,4;118000;80;3,91;10;5,04;49,9;4500;50;No information;No information;4,18;137,2;70,3;30,1;Positivo;Si, meticilino sensible;No;No;No;No;Klebsiella spp;No;Si;No information;Si;Si;18/10/20;50;No;No seleccionados;No seleccionados;No seleccionados;No seleccionados;No seleccionados;No seleccionados;No seleccionados;No seleccionados;No seleccionados;No seleccionados;No seleccionados;No seleccionados;No seleccionados;No seleccionados;No seleccionados;No seleccionados;Seleccionados;Seleccionados;No seleccionados;No seleccionados;No information;18/10/20;Si;Si;Asociada a cateter;Subaguda;Definitivo;no;No;No;No;Seleccionados;No seleccionados;No seleccionados;No seleccionados;No;No;No;No;No;No;Si;No;No;Si;Seleccionados;Seleccionados;No seleccionados;No seleccionados;No seleccionados;No seleccionados;No seleccionados;No seleccionados;No seleccionados;No seleccionados;No seleccionados;No seleccionados;Seleccionados;No seleccionados;Seleccionados;No seleccionados;No seleccionados;No seleccionados;No seleccionados;No information;59;No;;;;;;No seleccionados;No seleccionados;No seleccionados;No seleccionados;No seleccionados;No seleccionados;No seleccionados;No seleccionados;No;0;No;No;No;Vivo;;;
60;73;Hombre;21/12/20;17/01/21;27;Si;No;No;No;Si;40-49%;No;Si;No;No;No seleccionados;No seleccionados;No seleccionados;No seleccionados;No seleccionados;No seleccionados;No seleccionados;No seleccionados;No seleccionados;No seleccionados;No seleccionados;No seleccionados;;;;No;Seleccionados;No seleccionados;No seleccionados;No seleccionados;No seleccionados;No;No;No;Seleccionados;No seleccionados;No seleccionados;No seleccionados;No seleccionados;No seleccionados;No seleccionados;No;No;No;No;No;No;No;Si;No;No;No;Bioprotesis aortica no funcional hace 19 años;18/12/20;Si;No;Si;No;No;Seleccionados;No seleccionados;No seleccionados;No seleccionados;No seleccionados;No seleccionados;No seleccionados;No seleccionados;Si;Seleccionados;No seleccionados;No seleccionados;No seleccionados;No seleccionados;Stevenson L;No;60;170;20,8;95;42;59;62;24;No;No;No;No;No;7910;790;6430;10,3;181000;No information;2,94;9;3,79;85,9;5760;50;No information;1000;4,4;133;217;174;Negativo;No;No;No;No;No;No;No;No;No information;No;Si;21/12/20;40;Si;Seleccionados;No seleccionados;No seleccionados;No seleccionados;No seleccionados;No seleccionados;No seleccionados;Seleccionados;Seleccionados;No seleccionados;No seleccionados;No seleccionados;No seleccionados;Seleccionados;No seleccionados;No seleccionados;No seleccionados;No seleccionados;No seleccionados;No seleccionados;No information;21/12/20;No;Si;Protesica;Aguda;Definitivo;no;No;Si;No;No seleccionados;No seleccionados;Seleccionados;No seleccionados;No;No;No;No;Si;No;No;Si;No;Si;Seleccionados;Seleccionados;No seleccionados;No seleccionados;No seleccionados;No seleccionados;No seleccionados;No seleccionados;No seleccionados;No seleccionados;No seleccionados;No seleccionados;No seleccionados;No seleccionados;No seleccionados;No seleccionados;No seleccionados;Seleccionados;No seleccionados;capsofungina;42;Si;Abierta;Protesis biologica;RVM;;No;No seleccionados;No seleccionados;No seleccionados;Seleccionados;No seleccionados;No seleccionados;No seleccionados;No seleccionados;Si;20;Si;Si;No;Remitido;;;
61;57;Hombre;25/12/20;13/03/21;78;Si;No;No;No;No;;No;No;Si;No;No seleccionados;No seleccionados;No seleccionados;No seleccionados;No seleccionados;No seleccionados;No seleccionados;No seleccionados;No seleccionados;No seleccionados;No seleccionados;No seleccionados;;;;No;Seleccionados;No seleccionados;No seleccionados;No seleccionados;No seleccionados;No;No;No;Seleccionados;No seleccionados;No seleccionados;No seleccionados;No seleccionados;No seleccionados;No seleccionados;No;No;No;No;No;Si;No;Si;No;No;No;Valvula mitral biologica y guia metalica abandonada en VCS;24/12/20;Si;No;Si;No;No;Seleccionados;No seleccionados;No seleccionados;No seleccionados;No seleccionados;No seleccionados;No seleccionados;No seleccionados;No;Seleccionados;No seleccionados;No seleccionados;No seleccionados;No seleccionados;No aplica;Sepsis;65;172;21,97;110;70;83;111;18;No;No;No;No;No;14430;570;13560;14,4;104000;No information;30,19;No information;1,52;25,2;No information;128;No information;No information;4,33;133;95;136;Positivo;Si, meticilino resistente;No;No;No;No;No;No;No;No information;Si;Si;26/12/20;70;Si;Seleccionados;No seleccionados;No seleccionados;No seleccionados;No seleccionados;No seleccionados;No seleccionados;No seleccionados;No seleccionados;No seleccionados;Seleccionados;No seleccionados;No seleccionados;No seleccionados;Seleccionados;No seleccionados;Seleccionados;No seleccionados;No seleccionados;No seleccionados;No information;26/12/20;Si;Si;Protesica;Aguda;Definitivo;Pulmon;ACV hemorragico;No;No;Seleccionados;No seleccionados;No seleccionados;No seleccionados;No;No;No;No;No;No;No;No;No;Si;No seleccionados;No seleccionados;No seleccionados;No seleccionados;No seleccionados;Seleccionados;No seleccionados;No seleccionados;No seleccionados;No seleccionados;No seleccionados;Seleccionados;Seleccionados;No seleccionados;No seleccionados;No seleccionados;No seleccionados;No seleccionados;No seleccionados;No information;14;Si;Abierta;Protesis biologica;Otro;Extraccion de guia abandonada ;Retiro quirurgico;Seleccionados;No seleccionados;No seleccionados;No seleccionados;No seleccionados;No seleccionados;No seleccionados;No seleccionados;Si;10;No;Si;No;Vivo;;;
62;58;Hombre;21/01/21;19/03/21;57;Si;Si;No;No;No;;No;No;No;No;No seleccionados;No seleccionados;No seleccionados;No seleccionados;No seleccionados;No seleccionados;No seleccionados;No seleccionados;No seleccionados;No seleccionados;No seleccionados;No seleccionados;;;;No;Seleccionados;No seleccionados;No seleccionados;No seleccionados;No seleccionados;No;No;No;Seleccionados;No seleccionados;No seleccionados;No seleccionados;No seleccionados;No seleccionados;No seleccionados;No;Si, con hemodialisis;No;No;No;Si;Gastrointestinal;No;No;No;No;Bioprotesis aortica;21/01/21;Si;Si;No;No;No;Seleccionados;No seleccionados;No seleccionados;No seleccionados;No seleccionados;No seleccionados;No seleccionados;No seleccionados;No;Seleccionados;No seleccionados;No seleccionados;No seleccionados;No seleccionados;No aplica;Sepsis;68;172;23;136;55;82;97;21;No;No;No;No;No;10610;310;9870;10,5;110000;No information;33,29;No information;9,11;60,5;No information;3178;No information;200;4,77;134;30;33;Positivo;Si, meticilino resistente;No;No;No;No;Klebsiella spp;No;Si;No information;Si;Si;26/01/21;60;No;No seleccionados;No seleccionados;No seleccionados;No seleccionados;No seleccionados;No seleccionados;No seleccionados;No seleccionados;No seleccionados;No seleccionados;No seleccionados;No seleccionados;No seleccionados;Seleccionados;No seleccionados;No seleccionados;No seleccionados;No seleccionados;Seleccionados;No seleccionados;Vena cava superior y pared posterior de la aorta ascendente;26/01/21;Si;Si;Asociada a cateter;Aguda;Definitivo;Pulmon;No;No;Si;Seleccionados;No seleccionados;No seleccionados;No seleccionados;No;No;No;No;No;No;No;No;No;Si;No seleccionados;No seleccionados;No seleccionados;Seleccionados;No seleccionados;No seleccionados;No seleccionados;No seleccionados;No seleccionados;No seleccionados;No seleccionados;Seleccionados;Seleccionados;No seleccionados;No seleccionados;No seleccionados;No seleccionados;No seleccionados;No seleccionados;No information;57;Si;Abierta;Protesis biologica;Ninguno;;No;Seleccionados;No seleccionados;No seleccionados;No seleccionados;No seleccionados;No seleccionados;No seleccionados;No seleccionados;Si;10;Si;Si;Si;Vivo;;;
63;46;Hombre;24/01/21;22/02/21;29;Si;No;No;Obesidad (>=30 IMC);Si;< 40%;No;No;No;No;No seleccionados;No seleccionados;No seleccionados;No seleccionados;No seleccionados;No seleccionados;No seleccionados;No seleccionados;No seleccionados;No seleccionados;No seleccionados;No seleccionados;;;;No;Seleccionados;No seleccionados;No seleccionados;No seleccionados;No seleccionados;No;Si;No;Seleccionados;No seleccionados;No seleccionados;No seleccionados;No seleccionados;No seleccionados;No seleccionados;No;No;No;No;No;No;No;No;Si;Si;No;No information;24/01/21;No;Si;No;No;No;Seleccionados;No seleccionados;No seleccionados;No seleccionados;No seleccionados;No seleccionados;No seleccionados;No seleccionados;No;Seleccionados;No seleccionados;No seleccionados;No seleccionados;No seleccionados;Stevenson L;No;80;165;31,2;110;64;79;84;21;Si;No;Si;No;No;17100;1560;13870;15,7;233000;No information;6,67;No information;2,32;58,3;No information;10,1;No information;No information;5,44;130;10,7;12,4;Positivo;No;No;S. viridans;No;No;No;No;No;No information;Si;Si;29/01/21;30;Si;Seleccionados;No seleccionados;No seleccionados;No seleccionados;No seleccionados;No seleccionados;No seleccionados;Seleccionados;No seleccionados;No seleccionados;Seleccionados;No seleccionados;No seleccionados;Seleccionados;No seleccionados;No seleccionados;No seleccionados;No seleccionados;No seleccionados;No seleccionados;No information;29/01/21;Si;Si;Nativa;Aguda;Definitivo;no;No;Si;No;Seleccionados;No seleccionados;No seleccionados;No seleccionados;No;No;No;No;No;No;No;No;No;Si;Seleccionados;No seleccionados;No seleccionados;No seleccionados;No seleccionados;No seleccionados;No seleccionados;No seleccionados;No seleccionados;No seleccionados;No seleccionados;No seleccionados;No seleccionados;No seleccionados;No seleccionados;No seleccionados;No seleccionados;No seleccionados;No seleccionados;No information;31;Si;Abierta;Protesis mecanica;Otro;Cierre CIV;No;Seleccionados;No seleccionados;No seleccionados;No seleccionados;No seleccionados;No seleccionados;No seleccionados;No seleccionados;Si;3;No;No;Si;Vivo;;;
64;51;Mujer;3/02/21;17/04/21;73;Si;Si;No;Obesidad (>=30 IMC);No;;No;No;Si;No;No seleccionados;No seleccionados;No seleccionados;No seleccionados;No seleccionados;No seleccionados;No seleccionados;No seleccionados;No seleccionados;No seleccionados;No seleccionados;No seleccionados;;;;No;No seleccionados;No seleccionados;No seleccionados;Seleccionados;No seleccionados;No;No;No;No seleccionados;No seleccionados;Seleccionados;Seleccionados;No seleccionados;No seleccionados;No seleccionados;No;Si, sin dialisis;No;Hipotiroidismo;No;No;No;No;No;No;No;No information;1/03/21;No;Si;Si;No;No;No seleccionados;No seleccionados;No seleccionados;No seleccionados;No seleccionados;No seleccionados;Seleccionados;No seleccionados;No;Seleccionados;No seleccionados;No seleccionados;No seleccionados;No seleccionados;Stevenson B;No;80,1;162;30,5;129;34;65;35;22;No;No;No;No;No;8770;1010;6750;8,9;324000;30;0,53;No information;1,08;43,8;No information;50;No information;No information;4,3;140;41,6;49,3;Positivo;No;No;No;No;No;Pseudomonas spp;No;No;No information;Si;Si;1/03/21;50;Si;Seleccionados;No seleccionados;No seleccionados;No seleccionados;No seleccionados;No seleccionados;No seleccionados;No seleccionados;Seleccionados;No seleccionados;No seleccionados;No seleccionados;No seleccionados;No seleccionados;Seleccionados;No seleccionados;No seleccionados;No seleccionados;No seleccionados;No seleccionados;No information;2/03/21;Si;Si;Nativa;Aguda;Definitivo;no;No;No;No;Seleccionados;No seleccionados;No seleccionados;No seleccionados;No;No;No;No;No;No;No;No;No;Si;No seleccionados;No seleccionados;No seleccionados;Seleccionados;Seleccionados;No seleccionados;No seleccionados;No seleccionados;No seleccionados;No seleccionados;No seleccionados;No seleccionados;No seleccionados;No seleccionados;No seleccionados;No seleccionados;No seleccionados;Seleccionados;No seleccionados;Caspofungina;45;Si;Endovascular;Ninguno;Extraccion de masa;;No;Seleccionados;No seleccionados;No seleccionados;No seleccionados;No seleccionados;No seleccionados;No seleccionados;No seleccionados;Si;15;No;Si;Si;Vivo;;;
65;29;Mujer;10/02/21;2/03/21;20;Si;No;No;No;Si;40-49%;No;No;No;Si;Seleccionados;No seleccionados;No seleccionados;No seleccionados;No seleccionados;No seleccionados;No seleccionados;Seleccionados;No seleccionados;No seleccionados;Seleccionados;No seleccionados;Si;No Aplica;Tricuspide;No;Seleccionados;No seleccionados;No seleccionados;No seleccionados;No seleccionados;No;No;No;No seleccionados;No seleccionados;Seleccionados;No seleccionados;No seleccionados;No seleccionados;No seleccionados;No;Si, con hemodialisis;No;No;No;Si;No;Si;No;Si;No;No information;10/02/21;Si;Si;Si;Si;Si;Seleccionados;No seleccionados;No seleccionados;No seleccionados;No seleccionados;No seleccionados;No seleccionados;No seleccionados;No;Seleccionados;No seleccionados;No seleccionados;No seleccionados;No seleccionados;Stevenson B;No;45;159;17,8;113;74;87;71;18;No;No;No;Si;No;4130;500;2470;6,6;62000;10;15;2;3,03;30,8;No information;32;No information;No information;3,3;132;40;47;Positivo;No;No;No;No;No;Klebsiella spp;No;Si;Proteusmirabilis;Si;Si;12/02/21;35;Si;Seleccionados;No seleccionados;No seleccionados;No seleccionados;No seleccionados;No seleccionados;No seleccionados;Seleccionados;Seleccionados;No seleccionados;Seleccionados;No seleccionados;No seleccionados;No seleccionados;No seleccionados;No seleccionados;Seleccionados;Seleccionados;No seleccionados;No seleccionados;Auricula derecha en cateteres;12/02/21;Si;Si;Protesica;Aguda;Definitivo;no;No;Si;Si;Seleccionados;No seleccionados;No seleccionados;No seleccionados;No;No;No;No;No;No;Si;No;No;Si;No seleccionados;No seleccionados;Seleccionados;Seleccionados;No seleccionados;No seleccionados;No seleccionados;No seleccionados;No seleccionados;No seleccionados;No seleccionados;No seleccionados;No seleccionados;No seleccionados;No seleccionados;No seleccionados;No seleccionados;No seleccionados;No seleccionados;No information;56;No;;;;;;No seleccionados;No seleccionados;No seleccionados;No seleccionados;No seleccionados;No seleccionados;No seleccionados;No seleccionados;No;0;No;No;No;Vivo;;;
66;76;Mujer;19/02/21;22/04/21;62;Si;Si;Si;Sobrepeso (>=25-29.9 IMC);No;;No;No;No;No;No seleccionados;No seleccionados;No seleccionados;No seleccionados;No seleccionados;No seleccionados;No seleccionados;No seleccionados;No seleccionados;No seleccionados;No seleccionados;No seleccionados;;;;No;Seleccionados;No seleccionados;No seleccionados;No seleccionados;No seleccionados;No;No information;No;Seleccionados;No seleccionados;No seleccionados;No seleccionados;No seleccionados;No seleccionados;No seleccionados;No;No;No;No;No;No;No;No;No;No;No;No information;20/03/21;No;No;No;No;No;Seleccionados;No seleccionados;No seleccionados;No seleccionados;No seleccionados;No seleccionados;No seleccionados;No seleccionados;No;Seleccionados;No seleccionados;No seleccionados;No seleccionados;No seleccionados;No aplica;Shock  septico;67;161;25,85;95;59;71;74;18;No;No;No;No;No;9740;121;7830;9,2;177000;No information;1,89;No information;1,15;74,9;No information;No information;No information;No information;3,7;152;100;120;Positivo;No;No;No;No;No;No;Candida spp;No;No information;Si;Si;23/03/21;70;Si;Seleccionados;No seleccionados;No seleccionados;No seleccionados;No seleccionados;No seleccionados;No seleccionados;No seleccionados;Seleccionados;No seleccionados;No seleccionados;No seleccionados;No seleccionados;No seleccionados;Seleccionados;No seleccionados;No seleccionados;No seleccionados;No seleccionados;No seleccionados;No information;23/03/21;Si;Si;Nativa;Aguda;Definitivo;no;No;No;No;Seleccionados;No seleccionados;No seleccionados;No seleccionados;Si;No;No;No;Si;No;No;Si;No;Si;No seleccionados;No seleccionados;No seleccionados;No seleccionados;No seleccionados;No seleccionados;No seleccionados;No seleccionados;No seleccionados;No seleccionados;No seleccionados;No seleccionados;No seleccionados;No seleccionados;No seleccionados;No seleccionados;No seleccionados;Seleccionados;No seleccionados;Caspofungina;42;No;;;;;;No seleccionados;No seleccionados;No seleccionados;No seleccionados;No seleccionados;No seleccionados;No seleccionados;No seleccionados;Si;39;Si;Si;Si;Vivo;;;
67;54;Hombre;22/02/21;16/04/21;53;No;Si;No;Sobrepeso (>=25-29.9 IMC);Si;< 40%;No;No;No;No;No seleccionados;No seleccionados;No seleccionados;No seleccionados;No seleccionados;No seleccionados;No seleccionados;No seleccionados;No seleccionados;No seleccionados;No seleccionados;No seleccionados;;;;No;No seleccionados;No seleccionados;No seleccionados;Seleccionados;No seleccionados;No;No;No;Seleccionados;No seleccionados;No seleccionados;No seleccionados;No seleccionados;No seleccionados;No seleccionados;No;No;No;No;Si;No;No;No;No;No;No;No information;22/02/21;Si;No;Si;No;No;Seleccionados;No seleccionados;No seleccionados;No seleccionados;No seleccionados;No seleccionados;No seleccionados;No seleccionados;No;Seleccionados;No seleccionados;No seleccionados;No seleccionados;No seleccionados;No aplica;No;78;174;25,8;160;140;146;105;18;No;No;No;No;Si;8590;530;7190;11,4;71000;40;26,28;No information;1,16;34,2;No information;No information;No information;No information;4,56;115;51;79;Positivo;Si, meticilino resistente;No;No;No;No;No;No;No;No information;Si;Si;26/02/21;15;Si;Seleccionados;No seleccionados;No seleccionados;No seleccionados;No seleccionados;No seleccionados;No seleccionados;No seleccionados;Seleccionados;No seleccionados;Seleccionados;No seleccionados;No seleccionados;No seleccionados;No seleccionados;No seleccionados;Seleccionados;No seleccionados;Seleccionados;No seleccionados;Ventriculo derecho ;26/02/21;Si;Si;Asociada a Dispositvo cardiaco;Aguda;Definitivo;no;No;Si;No;Seleccionados;No seleccionados;No seleccionados;No seleccionados;No;No;No;No;Si;No;No;No;No;Si;No seleccionados;Seleccionados;No seleccionados;No seleccionados;No seleccionados;Seleccionados;No seleccionados;No seleccionados;No seleccionados;No seleccionados;No seleccionados;Seleccionados;Seleccionados;No seleccionados;No seleccionados;No seleccionados;No seleccionados;No seleccionados;No seleccionados;No information;56;Si;Endovascular;Ninguno;Extraccion de masa;;Retiro quirurgico;Seleccionados;No seleccionados;No seleccionados;No seleccionados;No seleccionados;No seleccionados;No seleccionados;No seleccionados;Si;42;No;Si;No;Vivo;;;
68;83;Hombre;15/03/21;6/05/21;52;Si;Si;Si;No;No;;No;No;No;No;No seleccionados;No seleccionados;No seleccionados;No seleccionados;No seleccionados;No seleccionados;No seleccionados;No seleccionados;No seleccionados;No seleccionados;No seleccionados;No seleccionados;;;;No;Seleccionados;No seleccionados;No seleccionados;No seleccionados;No seleccionados;No;No;No;No seleccionados;No seleccionados;No seleccionados;Seleccionados;No seleccionados;No seleccionados;No seleccionados;No;Si, sin dialisis;No;No;No;No;Gastrointestinal;No;No;No;No;No information;14/03/21;Si;No;Si;No;No;No seleccionados;Seleccionados;No seleccionados;No seleccionados;No seleccionados;No seleccionados;No seleccionados;No seleccionados;No;Seleccionados;No seleccionados;No seleccionados;No seleccionados;No seleccionados;No aplica;No;70;168;24,8;98;45;62;63;20;No;No;No;No;No;12740;253;742;12,9;315000;165;5,18;13,2;0,78;11,9;1570;5,04;No information;252;3,69;142;32,5;32;Positivo;Si, meticilino resistente;No;No;No;No;No;No;No;No information;Si;Si;23/03/21;40;Si;Seleccionados;No seleccionados;No seleccionados;No seleccionados;No seleccionados;No seleccionados;No seleccionados;Seleccionados;No seleccionados;No seleccionados;No seleccionados;No seleccionados;No seleccionados;Seleccionados;No seleccionados;No seleccionados;No seleccionados;No seleccionados;No seleccionados;No seleccionados;No information;23/03/21;Si;Si;Nativa;Subaguda;Definitivo;no;No;No;No;Seleccionados;No seleccionados;No seleccionados;No seleccionados;No;No;No;No;No;No;No;No;No;Si;No seleccionados;Seleccionados;No seleccionados;No seleccionados;No seleccionados;No seleccionados;No seleccionados;No seleccionados;No seleccionados;No seleccionados;No seleccionados;Seleccionados;Seleccionados;No seleccionados;No seleccionados;No seleccionados;No seleccionados;No seleccionados;No seleccionados;No information;56;No;;;;;;No seleccionados;No seleccionados;No seleccionados;No seleccionados;No seleccionados;No seleccionados;No seleccionados;No seleccionados;Si;10;Si;Si;Si;Vivo;;;
69;89;Mujer;15/03/21;19/03/21;4;Si;No;Si;No;Si;> o igual 50%;Si;No;No;Si;Seleccionados;No seleccionados;No seleccionados;No seleccionados;No seleccionados;No seleccionados;No seleccionados;No seleccionados;No seleccionados;No seleccionados;Seleccionados;No seleccionados;Si;No Aplica;Mitral;No;Seleccionados;No seleccionados;No seleccionados;No seleccionados;No seleccionados;No;No information;No;Seleccionados;No seleccionados;No seleccionados;No seleccionados;No seleccionados;No seleccionados;No seleccionados;No;No;No;No;No;No;No;No;No;No;No information;;1/02/21;No;Si;No;No;No;Seleccionados;No seleccionados;No seleccionados;No seleccionados;No seleccionados;No seleccionados;No seleccionados;No seleccionados;No;Seleccionados;No seleccionados;No seleccionados;No seleccionados;No seleccionados;Stevenson B;No;50;158;20,3;110;72;84;70;20;No;No;No;No;Si;5800;1640;3390;9,7;114000;65;0,76;No information;0,67;16,5;26217;No information;No information;No information;4,64;129,8;39,7;20;Negativo;No;No;No;No;No;No;No;No;No information;No;Si;17/03/21;35;Si;Seleccionados;No seleccionados;No seleccionados;No seleccionados;No seleccionados;No seleccionados;No seleccionados;Seleccionados;No seleccionados;No seleccionados;Seleccionados;No seleccionados;No seleccionados;Seleccionados;No seleccionados;No seleccionados;No seleccionados;No seleccionados;No seleccionados;No seleccionados;No information;17/03/21;Si;Si;Protesica;Subaguda;Posible;no;No;Si;No;Seleccionados;No seleccionados;No seleccionados;No seleccionados;No;No;No;No;Si;No;No;No;No;Si;Seleccionados;No seleccionados;No seleccionados;No seleccionados;No seleccionados;No seleccionados;No seleccionados;No seleccionados;No seleccionados;No seleccionados;No seleccionados;No seleccionados;Seleccionados;No seleccionados;No seleccionados;No seleccionados;No seleccionados;No seleccionados;No seleccionados;No information;69;No;;;;;;No seleccionados;No seleccionados;No seleccionados;No seleccionados;No seleccionados;No seleccionados;No seleccionados;No seleccionados;No;0;No;No;No;Vivo;;;
70;52;Mujer;16/03/21;20/04/21;35;No;No;No;Obesidad (>=30 IMC);No;;No;No;No;No;No seleccionados;No seleccionados;No seleccionados;No seleccionados;No seleccionados;No seleccionados;No seleccionados;No seleccionados;No seleccionados;No seleccionados;No seleccionados;No seleccionados;;;;No;Seleccionados;No seleccionados;No seleccionados;No seleccionados;No seleccionados;No;No;Si;No seleccionados;No seleccionados;No seleccionados;No seleccionados;No seleccionados;Seleccionados;No seleccionados;No;No;No;No;No;Si;No;No;No;Si;No;No information;10/02/21;Si;No;Si;No;No;Seleccionados;No seleccionados;No seleccionados;No seleccionados;No seleccionados;No seleccionados;No seleccionados;No seleccionados;No;Seleccionados;No seleccionados;No seleccionados;No seleccionados;No seleccionados;No aplica;No;92;158;36;120;73;88;117;18;No;No;No;No;No;9410;1110;7340;13,8;249000;No information;41,3;No information;0,7;2,6;40;567;No information;No information;3,29;145;50;57;Positivo;Si, meticilino sensible;No;No;No;No;No;No;No;No information;Si;Si;24/03/21;65;Si;Seleccionados;No seleccionados;No seleccionados;No seleccionados;No seleccionados;No seleccionados;No seleccionados;Seleccionados;No seleccionados;No seleccionados;No seleccionados;No seleccionados;No seleccionados;No seleccionados;No seleccionados;No seleccionados;No seleccionados;No seleccionados;Seleccionados;No seleccionados;Alrededor de cateter ;24/03/21;Si;Si;Asociada a cateter;Subaguda;Definitivo;no;No;No;No;Seleccionados;No seleccionados;No seleccionados;No seleccionados;No;No;No;No;No;No;No;No;No;Si;No seleccionados;No seleccionados;No seleccionados;No seleccionados;No seleccionados;No seleccionados;No seleccionados;No seleccionados;No seleccionados;No seleccionados;No seleccionados;No seleccionados;No seleccionados;No seleccionados;Seleccionados;No seleccionados;No seleccionados;Seleccionados;No seleccionados;Clindamicina;56;Si;Abierta;Protesis biologica;Ninguno;;No;Seleccionados;No seleccionados;No seleccionados;No seleccionados;No seleccionados;No seleccionados;No seleccionados;No seleccionados;Si;7;Si;No;No;Vivo;;;
71;66;Hombre;18/03/21;13/04/21;26;Si;Si;Si;Obesidad (>=30 IMC);Si;> o igual 50%;No;No;No;Si;Seleccionados;No seleccionados;No seleccionados;No seleccionados;No seleccionados;No seleccionados;No seleccionados;No seleccionados;Seleccionados;No seleccionados;Seleccionados;No seleccionados;Si;No Aplica;Mitral;No;Seleccionados;No seleccionados;No seleccionados;No seleccionados;No seleccionados;No;No;No;Seleccionados;No seleccionados;No seleccionados;No seleccionados;No seleccionados;No seleccionados;No seleccionados;No;No;No;No;No;No;No;No;No;Si;No;No information;18/03/21;Si;No;Si;No;No;Seleccionados;No seleccionados;No seleccionados;No seleccionados;No seleccionados;No seleccionados;No seleccionados;No seleccionados;No;Seleccionados;No seleccionados;No seleccionados;No seleccionados;No seleccionados;Stevenson B;Shock  septico;88;167;31,5;90;50;63,3;100;18;No;No;No;Si;No;16630;1290;14140;10,4;351000;94;41,1;No information;1,05;21,2;No information;151;No information;No information;3,42;141;70;75;Positivo;No;No;S. viridans;No;No;No;No;No;No information;Si;Si;20/03/21;60;Si;Seleccionados;No seleccionados;No seleccionados;No seleccionados;No seleccionados;No seleccionados;No seleccionados;Seleccionados;Seleccionados;No seleccionados;No seleccionados;No seleccionados;No seleccionados;Seleccionados;Seleccionados;No seleccionados;No seleccionados;No seleccionados;No seleccionados;No seleccionados;No information;21/03/21;Si;Si;Protesica;Aguda;Definitivo;no;No;No;No;Seleccionados;No seleccionados;No seleccionados;No seleccionados;Si;No;No;No;No;No;Si;No;No;Si;Seleccionados;Seleccionados;No seleccionados;No seleccionados;No seleccionados;No seleccionados;No seleccionados;No seleccionados;No seleccionados;No seleccionados;No seleccionados;No seleccionados;No seleccionados;No seleccionados;No seleccionados;No seleccionados;No seleccionados;No seleccionados;No seleccionados;No information;31;Si;Abierta;Protesis biologica;Ninguno;;No;Seleccionados;No seleccionados;No seleccionados;No seleccionados;No seleccionados;No seleccionados;No seleccionados;No seleccionados;Si;15;Si;Si;Si;Vivo;;;
72;36;Hombre;28/03/21;10/05/21;43;No;No;No;Obesidad (>=30 IMC);No;;No;No;No;No;No seleccionados;No seleccionados;No seleccionados;No seleccionados;No seleccionados;No seleccionados;No seleccionados;No seleccionados;No seleccionados;No seleccionados;No seleccionados;No seleccionados;;;;No;Seleccionados;No seleccionados;No seleccionados;No seleccionados;No seleccionados;No;No;No;Seleccionados;No seleccionados;No seleccionados;No seleccionados;No seleccionados;No seleccionados;No seleccionados;No;No;No;No;No;No;No;No;No;Si;No;No information;25/03/21;Si;Si;Si;Si;Si;Seleccionados;No seleccionados;No seleccionados;No seleccionados;No seleccionados;No seleccionados;No seleccionados;No seleccionados;No;Seleccionados;No seleccionados;No seleccionados;No seleccionados;No seleccionados;No aplica;No;92,8;173;31;112;65;80,6;111;21;No;No;No;No;No;7430;1000;6110;14,6;201000;No information;3,92;No information;1,21;10,7;No information;4,1;No information;61,8;4;137;43,9;45;Positivo;Si, meticilino resistente;No;No;No;No;No;No;No;No information;Si;Si;11/04/21;60;Si;Seleccionados;No seleccionados;No seleccionados;No seleccionados;No seleccionados;No seleccionados;No seleccionados;Seleccionados;No seleccionados;No seleccionados;No seleccionados;No seleccionados;No seleccionados;Seleccionados;No seleccionados;No seleccionados;No seleccionados;No seleccionados;No seleccionados;No seleccionados;No information;11/04/21;Si;Si;Nativa;Subaguda;Definitivo;no;No;No;No;Seleccionados;No seleccionados;No seleccionados;No seleccionados;No;No;No;No;No;No;No;No;No;Si;No seleccionados;Seleccionados;No seleccionados;No seleccionados;No seleccionados;No seleccionados;No seleccionados;No seleccionados;No seleccionados;No seleccionados;No seleccionados;Seleccionados;No seleccionados;No seleccionados;No seleccionados;No seleccionados;No seleccionados;No seleccionados;No seleccionados;No information;56;No;;;;;;No seleccionados;No seleccionados;No seleccionados;No seleccionados;No seleccionados;No seleccionados;No seleccionados;No seleccionados;Si;38;Si;No;Si;Vivo;;;
73;72;Hombre;10/04/21;12/06/21;63;Si;No;Si;No;Si;< 40%;No;Si;No;Si;Seleccionados;No seleccionados;No seleccionados;No seleccionados;No seleccionados;No seleccionados;No seleccionados;No seleccionados;Seleccionados;No seleccionados;No seleccionados;No seleccionados;Si;Aortica;Mitral;No;Seleccionados;No seleccionados;No seleccionados;No seleccionados;No seleccionados;No;No;No;Seleccionados;No seleccionados;No seleccionados;No seleccionados;No seleccionados;No seleccionados;No seleccionados;No;No;No;No;No;No;Urologico;Si;No;Si;No;No information;19/03/21;Si;Si;Si;No;No;Seleccionados;No seleccionados;No seleccionados;No seleccionados;No seleccionados;No seleccionados;No seleccionados;No seleccionados;No;Seleccionados;No seleccionados;No seleccionados;No seleccionados;No seleccionados;Stevenson L;No;61;165;22;111;59;77;136;19;No;No;No;Si;No;10440;1790;7050;8,6;139000;43;27,8;No information;1,41;22,6;2568;134;No information;69;4,2;135;138;4,1;Positivo;No;No;S. pyogenes;E. faecium;No;No;No;Si;StreptococcusInfantarius;Si;Si;12/04/21;40;Si;Seleccionados;No seleccionados;No seleccionados;No seleccionados;No seleccionados;No seleccionados;No seleccionados;No seleccionados;Seleccionados;No seleccionados;No seleccionados;No seleccionados;No seleccionados;Seleccionados;Seleccionados;No seleccionados;No seleccionados;No seleccionados;No seleccionados;No seleccionados;No information;12/04/21;Si;Si;Protesica;Subaguda;Definitivo;no;No;Si;No;Seleccionados;No seleccionados;No seleccionados;No seleccionados;No;No;No;No;Si;No;No;No;No;Si;Seleccionados;Seleccionados;No seleccionados;No seleccionados;No seleccionados;No seleccionados;No seleccionados;No seleccionados;No seleccionados;No seleccionados;No seleccionados;No seleccionados;Seleccionados;No seleccionados;No seleccionados;No seleccionados;No seleccionados;No seleccionados;No seleccionados;No information;42;Si;Abierta;Protesis biologica;Ninguno;;No;Seleccionados;No seleccionados;No seleccionados;No seleccionados;No seleccionados;No seleccionados;No seleccionados;No seleccionados;Si;44;Si;Si;Si;Vivo;;;
74;19;Mujer;13/04/21;19/06/21;67;Si;No;Si;No;No;;No;No;No;No;No seleccionados;No seleccionados;No seleccionados;No seleccionados;No seleccionados;No seleccionados;No seleccionados;No seleccionados;No seleccionados;No seleccionados;No seleccionados;No seleccionados;;;;No;Seleccionados;No seleccionados;No seleccionados;No seleccionados;No seleccionados;No;No;No;No seleccionados;Seleccionados;No seleccionados;No seleccionados;No seleccionados;No seleccionados;No seleccionados;No;Si, con hemodialisis;No;No;No;Si;Gastrointestinal;No;No;Si;No;No information;31/05/21;Si;No;Si;No;Si;Seleccionados;No seleccionados;No seleccionados;No seleccionados;No seleccionados;No seleccionados;No seleccionados;No seleccionados;No;Seleccionados;No seleccionados;No seleccionados;No seleccionados;No seleccionados;No aplica;No;60;165;22;130;80;96,6;96;16;No;No;No;No;No;7240;1090;5000;8,9;166000;34;26,94;No information;3,28;23,6;No information;No information;No information;132;4,8;136,9;193,4;145;Positivo;No;S. epidermidis;No;No;No;No;No;No;No information;Si;Si;2/06/21;65;Si;Seleccionados;No seleccionados;No seleccionados;No seleccionados;No seleccionados;No seleccionados;No seleccionados;No seleccionados;No seleccionados;No seleccionados;Seleccionados;No seleccionados;No seleccionados;No seleccionados;No seleccionados;No seleccionados;Seleccionados;No seleccionados;No seleccionados;No seleccionados;No information;2/06/21;Si;Si;Asociada a cateter;Aguda;Definitivo;no;No;No;No;Seleccionados;No seleccionados;No seleccionados;No seleccionados;No;No;No;No;Si;No;No;No;No;Si;No seleccionados;Seleccionados;No seleccionados;No seleccionados;No seleccionados;No seleccionados;No seleccionados;No seleccionados;No seleccionados;No seleccionados;No seleccionados;No seleccionados;No seleccionados;No seleccionados;No seleccionados;No seleccionados;No seleccionados;No seleccionados;No seleccionados;No information;42;No;;;;;;No seleccionados;No seleccionados;No seleccionados;No seleccionados;No seleccionados;No seleccionados;No seleccionados;No seleccionados;Si;27;No;No;No;Vivo;;;
75;23;Hombre;2/05/21;13/05/21;11;No;No;No;No;No;;No;No;No;No;No seleccionados;No seleccionados;No seleccionados;No seleccionados;No seleccionados;No seleccionados;No seleccionados;No seleccionados;No seleccionados;No seleccionados;No seleccionados;No seleccionados;;;;Si;Seleccionados;No seleccionados;No seleccionados;No seleccionados;No seleccionados;No;No;No;No seleccionados;No seleccionados;No seleccionados;No seleccionados;Seleccionados;No seleccionados;No seleccionados;No;No;No;No;Si;No;No;No;No;No;Si;No information;18/04/21;Si;No;Si;No;No;Seleccionados;No seleccionados;No seleccionados;No seleccionados;No seleccionados;No seleccionados;No seleccionados;No seleccionados;No;Seleccionados;No seleccionados;No seleccionados;No seleccionados;No seleccionados;No aplica;No;75;175;24,5;104;42;62,6;117;28;No;No;No;No;No;14070;2290;10590;11;202000;520;25,87;No information;1,01;25,04;4310;410;No information;No information;4,32;130;35;24;Positivo;Si, meticilino resistente;No;No;No;No;No;No;No;No information;Si;Si;4/05/21;65;No;No seleccionados;No seleccionados;No seleccionados;No seleccionados;No seleccionados;No seleccionados;No seleccionados;No seleccionados;No seleccionados;No seleccionados;No seleccionados;No seleccionados;No seleccionados;No seleccionados;No seleccionados;No seleccionados;No seleccionados;No seleccionados;Seleccionados;No seleccionados;Dispositivo Amplatzer (oclusor de comunicacion interauricular);4/05/21;Si;Si;Asociada a Dispositvo cardiaco;Subaguda;Definitivo;no;No;No;No;Seleccionados;No seleccionados;No seleccionados;No seleccionados;No;No;No;No;No;No;No;No;No;Si;No seleccionados;Seleccionados;No seleccionados;No seleccionados;No seleccionados;No seleccionados;No seleccionados;Seleccionados;No seleccionados;No seleccionados;No seleccionados;No seleccionados;No seleccionados;No seleccionados;No seleccionados;No seleccionados;No seleccionados;No seleccionados;No seleccionados;No information;31;Si;Abierta;Ninguno;Cierre de CIA;;Retiro quirurgico;Seleccionados;No seleccionados;No seleccionados;No seleccionados;No seleccionados;No seleccionados;No seleccionados;No seleccionados;Si;2;No;No;No;Vivo;;;
76;71;Hombre;13/05/21;23/06/21;41;No;No;No;No;No;;No;No;No;No;No seleccionados;No seleccionados;No seleccionados;No seleccionados;No seleccionados;No seleccionados;No seleccionados;No seleccionados;No seleccionados;No seleccionados;No seleccionados;No seleccionados;;;;No;Seleccionados;No seleccionados;No seleccionados;No seleccionados;No seleccionados;No;No;Si;No seleccionados;No seleccionados;No seleccionados;No seleccionados;No seleccionados;Seleccionados;No seleccionados;No;Si, sin dialisis;No;No;No;Si;No;No;No;Si;No;No information;14/05/21;Si;Si;Si;No;Si;Seleccionados;No seleccionados;No seleccionados;No seleccionados;No seleccionados;No seleccionados;No seleccionados;No seleccionados;No;Seleccionados;No seleccionados;No seleccionados;No seleccionados;No seleccionados;No aplica;Shock  septico;57;161;22;103;60;74,3;100;18;No;No;No;No;No;8080;770;7060;8,5;88000;No information;13,39;No information;1,21;51,4;No information;No information;No information;61,4;4,3;160;142,4;136,1;Positivo;No;No;S. pneumoniae;No;No;Klebsiella spp;No;Si;No information;Si;Si;19/05/21;65;Si;Seleccionados;No seleccionados;No seleccionados;No seleccionados;No seleccionados;No seleccionados;No seleccionados;Seleccionados;No seleccionados;No seleccionados;No seleccionados;No seleccionados;No seleccionados;Seleccionados;No seleccionados;No seleccionados;No seleccionados;No seleccionados;No seleccionados;No seleccionados;No information;20/05/21;Si;Si;Nativa;Aguda;Definitivo;no;No;No;No;Seleccionados;No seleccionados;No seleccionados;No seleccionados;Si;No;No;No;No;No;No;No;No;Si;Seleccionados;Seleccionados;Seleccionados;No seleccionados;No seleccionados;No seleccionados;No seleccionados;No seleccionados;No seleccionados;No seleccionados;No seleccionados;No seleccionados;No seleccionados;No seleccionados;No seleccionados;No seleccionados;No seleccionados;No seleccionados;No seleccionados;No information;90;No;;;;;;No seleccionados;No seleccionados;No seleccionados;No seleccionados;No seleccionados;No seleccionados;No seleccionados;No seleccionados;Si;13;Si;Si;Si;Vivo;;;
77;58;Hombre;21/05/21;11/06/21;21;Si;No;No;Sobrepeso (>=25-29.9 IMC);Si;< 40%;No;No;No;No;No seleccionados;No seleccionados;No seleccionados;No seleccionados;No seleccionados;No seleccionados;No seleccionados;No seleccionados;No seleccionados;No seleccionados;No seleccionados;No seleccionados;;;;No;Seleccionados;No seleccionados;No seleccionados;No seleccionados;No seleccionados;No;Si;No;Seleccionados;No seleccionados;No seleccionados;No seleccionados;No seleccionados;No seleccionados;No seleccionados;No;No;No;No;No;No;No;No;No;Si;No;No information;21/02/21;Si;Si;Si;No;No;Seleccionados;No seleccionados;No seleccionados;No seleccionados;No seleccionados;No seleccionados;No seleccionados;No seleccionados;No;Seleccionados;No seleccionados;No seleccionados;No seleccionados;No seleccionados;No aplica;Shock  septico;80;173;26,7;105;51;69;63;16;No;No;Si;No;No;10300;2560;6630;6,8;287000;No information;12,32;No information;1,5;41;No information;No information;No information;No information;136;4,45;31,5;33;Positivo;No;No;S. viridans;No;No;No;No;No;No information;Si;Si;20/05/21;55;Si;Seleccionados;No seleccionados;No seleccionados;No seleccionados;No seleccionados;No seleccionados;No seleccionados;Seleccionados;No seleccionados;No seleccionados;No seleccionados;No seleccionados;No seleccionados;Seleccionados;No seleccionados;No seleccionados;No seleccionados;No seleccionados;No seleccionados;No seleccionados;No information;21/05/21;Si;Si;Nativa;Cronica;Definitivo;no;No;No;No;Seleccionados;No seleccionados;No seleccionados;No seleccionados;Si;No;No;No;No;No;Si;No;No;Si;Seleccionados;Seleccionados;No seleccionados;No seleccionados;No seleccionados;No seleccionados;No seleccionados;Seleccionados;No seleccionados;No seleccionados;No seleccionados;No seleccionados;No seleccionados;No seleccionados;No seleccionados;Seleccionados;No seleccionados;No seleccionados;No seleccionados;No information;90;Si;Abierta;Protesis biologica;Otro;Drenaje de absceso aortico ;No;Seleccionados;No seleccionados;No seleccionados;No seleccionados;No seleccionados;No seleccionados;No seleccionados;No seleccionados;Si;12;No;No;No;Vivo;;;
78;76;Mujer;12/06/21;16/07/21;34;Si;No;No;Sobrepeso (>=25-29.9 IMC);No;;No;No;Si;No;No seleccionados;No seleccionados;No seleccionados;No seleccionados;No seleccionados;No seleccionados;No seleccionados;No seleccionados;No seleccionados;No seleccionados;No seleccionados;No seleccionados;;;;No;Seleccionados;No seleccionados;No seleccionados;No seleccionados;No seleccionados;No;No;No;Seleccionados;No seleccionados;No seleccionados;No seleccionados;No seleccionados;No seleccionados;No seleccionados;No;No;No;No;No;No;No;No;No;Si;No;No information;22/05/21;Si;No;Si;Si;No;No seleccionados;No seleccionados;No seleccionados;No seleccionados;No seleccionados;No seleccionados;Seleccionados;No seleccionados;No;Seleccionados;No seleccionados;No seleccionados;No seleccionados;No seleccionados;No aplica;Sepsis;68;163;25,6;166;77;106;100;16;No;No;No;No;No;19960;1800;16530;11;350000;No information;14;No information;2,41;42,2;No information;No information;436;No information;3,5;140;17;7,9;Positivo;Si, meticilino sensible;No;No;No;No;No;No;No;No information;Si;Si;13/06/21;71;Si;Seleccionados;No seleccionados;No seleccionados;No seleccionados;No seleccionados;No seleccionados;No seleccionados;No seleccionados;Seleccionados;No seleccionados;Seleccionados;No seleccionados;No seleccionados;No seleccionados;Seleccionados;No seleccionados;No seleccionados;No seleccionados;No seleccionados;No seleccionados;No information;13/06/21;Si;Si;Nativa;Subaguda;Definitivo;Otro;ACV isquemico;No;No;Seleccionados;No seleccionados;No seleccionados;No seleccionados;No;No;No;No;No;No;No;No;No;Si;No seleccionados;No seleccionados;No seleccionados;Seleccionados;No seleccionados;No seleccionados;No seleccionados;No seleccionados;No seleccionados;No seleccionados;No seleccionados;No seleccionados;No seleccionados;No seleccionados;Seleccionados;No seleccionados;No seleccionados;No seleccionados;No seleccionados;No information;42;Si;Abierta;Protesis biologica;RVM;;No;Seleccionados;No seleccionados;No seleccionados;No seleccionados;No seleccionados;No seleccionados;No seleccionados;No seleccionados;Si;16;Si;Si;Si;Vivo;;;
79;24;Hombre;19/06/21;20/08/21;62;No;No;No;No;Si;< 40%;No;No;No;No;No seleccionados;No seleccionados;No seleccionados;No seleccionados;No seleccionados;No seleccionados;No seleccionados;No seleccionados;No seleccionados;No seleccionados;No seleccionados;No seleccionados;;;;Si;No seleccionados;Seleccionados;No seleccionados;No seleccionados;No seleccionados;No;No;No;No seleccionados;No seleccionados;No seleccionados;No seleccionados;No seleccionados;Seleccionados;No seleccionados;No;No;No;No;No;No;No;No;No;Si;No;No information;19/05/21;No;No;No;No;No;Seleccionados;No seleccionados;No seleccionados;No seleccionados;No seleccionados;No seleccionados;No seleccionados;No seleccionados;No;Seleccionados;No seleccionados;No seleccionados;No seleccionados;No seleccionados;Stevenson A;No;55,45;178;17,5;115;83;93,67;72;17;No;No;No;No;No;10380;2490;6780;14,9;325000;21;1,21;No information;0,83;12,2;6780;43,2;No information;No information;3,09;142,6;91,8;110;Positivo;No;No;No;E. faecalis;No;No;No;No;No information;Si;Si;22/06/21;15;Si;Seleccionados;No seleccionados;No seleccionados;No seleccionados;No seleccionados;No seleccionados;No seleccionados;No seleccionados;No seleccionados;No seleccionados;Seleccionados;No seleccionados;No seleccionados;No seleccionados;No seleccionados;No seleccionados;No seleccionados;Seleccionados;Seleccionados;No seleccionados;Vena cava superior;22/06/21;Si;Si;Nativa;Subaguda;Definitivo;no;No;Si;No;Seleccionados;No seleccionados;No seleccionados;No seleccionados;No;No;No;No;No;No;No;No;No;Si;Seleccionados;No seleccionados;No seleccionados;No seleccionados;No seleccionados;No seleccionados;No seleccionados;No seleccionados;No seleccionados;No seleccionados;No seleccionados;No seleccionados;No seleccionados;No seleccionados;No seleccionados;Seleccionados;No seleccionados;No seleccionados;No seleccionados;No information;44;Si;Abierta;Ninguno;Otro;Transplante cardiaco;Retiro quirurgico;Seleccionados;No seleccionados;No seleccionados;No seleccionados;No seleccionados;No seleccionados;No seleccionados;No seleccionados;Si;30;Si;Si;Si;Vivo;;;
80;27;Hombre;11/07/21;8/09/21;59;No;No;No;Obesidad (>=30 IMC);No;;No;No;No;No;No seleccionados;No seleccionados;No seleccionados;No seleccionados;No seleccionados;No seleccionados;No seleccionados;No seleccionados;No seleccionados;No seleccionados;No seleccionados;No seleccionados;;;;No;Seleccionados;No seleccionados;No seleccionados;No seleccionados;No seleccionados;No;No;No;Seleccionados;No seleccionados;No seleccionados;No seleccionados;No seleccionados;No seleccionados;No seleccionados;No;Si, con hemodialisis;No;No;No;Si;No;No;No;No;No;No information;15/07/21;Si;No;No;No;No;No seleccionados;No seleccionados;No seleccionados;Seleccionados;No seleccionados;No seleccionados;No seleccionados;No seleccionados;No;Seleccionados;No seleccionados;No seleccionados;No seleccionados;No seleccionados;No aplica;Sepsis;180;187;51,5;165;81;109;114;26;No;No;No;No;No;8920;840;6800;8,6;70000;No information;23,8;No information;2,53;53,2;2340;No information;No information;No information;4,27;137;12;11,4;Positivo;No;S. epidermidis;No;No;No;Klebsiella spp;Candida spp;Si;Proteusmirabilis;Si;Si;3/08/21;70;No;No seleccionados;No seleccionados;No seleccionados;No seleccionados;No seleccionados;No seleccionados;No seleccionados;No seleccionados;No seleccionados;No seleccionados;No seleccionados;No seleccionados;No seleccionados;No seleccionados;No seleccionados;No seleccionados;No seleccionados;Seleccionados;Seleccionados;No seleccionados;Cateter en VCS;3/08/21;No;Si;Asociada a cateter;Subaguda;Definitivo;Otro;No;No;Si;Seleccionados;No seleccionados;No seleccionados;No seleccionados;Si;No;No;No;Si;No;No;Si;No;No;No seleccionados;Seleccionados;No seleccionados;Seleccionados;No seleccionados;No seleccionados;No seleccionados;No seleccionados;No seleccionados;No seleccionados;No seleccionados;No seleccionados;No seleccionados;No seleccionados;Seleccionados;No seleccionados;No seleccionados;Seleccionados;No seleccionados;Caspofungina;45;No;;;;;;No seleccionados;No seleccionados;No seleccionados;No seleccionados;No seleccionados;No seleccionados;No seleccionados;No seleccionados;Si;0;Si;Si;Si;Vivo;;;
81;61;Hombre;14/07/21;6/10/21;84;No;No;No;Obesidad (>=30 IMC);No;;No;No;No;No;No seleccionados;No seleccionados;No seleccionados;No seleccionados;No seleccionados;No seleccionados;No seleccionados;No seleccionados;No seleccionados;No seleccionados;No seleccionados;No seleccionados;;;;No;Seleccionados;No seleccionados;No seleccionados;No seleccionados;No seleccionados;No;No;No;Seleccionados;No seleccionados;No seleccionados;No seleccionados;No seleccionados;No seleccionados;No seleccionados;No;Si, sin dialisis;No;No;No;No;No;No;No;No;No;No information;19/07/21;Si;Si;Si;No;No;Seleccionados;No seleccionados;No seleccionados;No seleccionados;No seleccionados;No seleccionados;No seleccionados;No seleccionados;No;Seleccionados;No seleccionados;No seleccionados;No seleccionados;No seleccionados;No aplica;No;110;178;34,7;115;49;71;90;16;No;No;No;No;No;15840;880;13020;12,3;209000;79;16,54;No information;7,74;111,8;1673;464;No information;971;5,3;135,5;33,8;49;Positivo;No;No;S. agalactiae;No;No;No;No;No;No information;Si;Si;21/07/21;55;No;No seleccionados;No seleccionados;No seleccionados;No seleccionados;No seleccionados;No seleccionados;No seleccionados;No seleccionados;No seleccionados;No seleccionados;No seleccionados;No seleccionados;No seleccionados;Seleccionados;No seleccionados;No seleccionados;No seleccionados;No seleccionados;No seleccionados;No seleccionados;No information;22/07/21;Si;Si;Asociada a cateter;Aguda;Definitivo;no;No;No;No;Seleccionados;No seleccionados;No seleccionados;No seleccionados;No;No;No;No;No;No;No;No;No;Si;Seleccionados;No seleccionados;No seleccionados;Seleccionados;No seleccionados;No seleccionados;No seleccionados;Seleccionados;No seleccionados;Seleccionados;No seleccionados;No seleccionados;No seleccionados;Seleccionados;No seleccionados;No seleccionados;No seleccionados;No seleccionados;No seleccionados;No information;51;No;;;;;;No seleccionados;No seleccionados;No seleccionados;No seleccionados;No seleccionados;No seleccionados;No seleccionados;No seleccionados;Si;15;No;Si;Si;Vivo;;;
82;52;Mujer;23/07/21;18/08/21;26;No;No;No;Sobrepeso (>=25-29.9 IMC);No;;Si;No;Si;No;No seleccionados;No seleccionados;No seleccionados;No seleccionados;No seleccionados;No seleccionados;No seleccionados;No seleccionados;No seleccionados;No seleccionados;No seleccionados;No seleccionados;;;;No;Seleccionados;No seleccionados;No seleccionados;No seleccionados;No seleccionados;No;No;No;No seleccionados;No seleccionados;Seleccionados;No seleccionados;No seleccionados;No seleccionados;No seleccionados;No;No;No;No;No;No;No;No;No;;;;19/07/21;No;Si;Si;No;No;Seleccionados;No seleccionados;No seleccionados;No seleccionados;No seleccionados;No seleccionados;No seleccionados;No seleccionados;No;Seleccionados;No seleccionados;No seleccionados;No seleccionados;No seleccionados;Stevenson C;No;80;170;27,68;85;52;63;147;25;No;No;No;No;Si;17180;620;13810;9,3;105000;No information;12,38;No information;1,17;52;No information;No information;No information;No information;3,7;139;46,2;55,9;Positivo;Si, meticilino sensible;No;No;No;No;No;No;No;;;Si;27/07/21;35;No;No seleccionados;No seleccionados;No seleccionados;No seleccionados;No seleccionados;No seleccionados;No seleccionados;No seleccionados;No seleccionados;No seleccionados;No seleccionados;No seleccionados;No seleccionados;No seleccionados;Seleccionados;No seleccionados;No seleccionados;No seleccionados;No seleccionados;No seleccionados;;29/07/21;Si;Si;No information;Aguda;Definitivo;no;No;Si;No;Seleccionados;No seleccionados;No seleccionados;No seleccionados;Si;No;No;No;Si;No;No;No;No;Si;No seleccionados;No seleccionados;No seleccionados;No seleccionados;No seleccionados;No seleccionados;No seleccionados;No seleccionados;No seleccionados;No seleccionados;No seleccionados;No seleccionados;No seleccionados;No seleccionados;No seleccionados;No seleccionados;No seleccionados;Seleccionados;No seleccionados;Cefazolina;45;No;;;;;;No seleccionados;No seleccionados;No seleccionados;No seleccionados;No seleccionados;No seleccionados;No seleccionados;No seleccionados;Si;No information;Si;Si;No;Vivo;;;
83;48;Mujer;24/07/21;12/08/21;19;No;No;No;No;No;;No;No;No;No;No seleccionados;No seleccionados;No seleccionados;No seleccionados;No seleccionados;No seleccionados;No seleccionados;No seleccionados;No seleccionados;No seleccionados;No seleccionados;No seleccionados;;;;No;Seleccionados;No seleccionados;No seleccionados;No seleccionados;No seleccionados;No;No;No;Seleccionados;No seleccionados;No seleccionados;No seleccionados;No seleccionados;No seleccionados;No seleccionados;No;No;No;No;No;No;No;No;Si;Si;No;No information;28/07/21;Si;No;No;No;No;Seleccionados;No seleccionados;No seleccionados;No seleccionados;No seleccionados;No seleccionados;No seleccionados;No seleccionados;No;Seleccionados;No seleccionados;No seleccionados;No seleccionados;No seleccionados;No aplica;No;46,75;160;18,3;93;54;67;87;20;No;No;No;No;No;7230;1910;4150;9,2;456000;67;3,43;No information;0,43;14,1;No information;No information;No information;No information;4,75;137,3;40;45;Negativo;No;No;No;No;No;No;No;No;No information;Si;Si;2/08/21;65;Si;Seleccionados;No seleccionados;No seleccionados;No seleccionados;No seleccionados;No seleccionados;No seleccionados;No seleccionados;Seleccionados;No seleccionados;No seleccionados;No seleccionados;No seleccionados;No seleccionados;Seleccionados;No seleccionados;No seleccionados;No seleccionados;No seleccionados;No seleccionados;No information;3/08/21;Si;Si;Nativa;Aguda;Improbable;no;No;No;No;Seleccionados;No seleccionados;No seleccionados;No seleccionados;No;No;No;No;No;No;No;No;No;Si;Seleccionados;No seleccionados;No seleccionados;No seleccionados;No seleccionados;No seleccionados;No seleccionados;No seleccionados;No seleccionados;No seleccionados;No seleccionados;No seleccionados;No seleccionados;Seleccionados;No seleccionados;No seleccionados;No seleccionados;Seleccionados;No seleccionados;Clindamicina;21;No;;;;;;No seleccionados;No seleccionados;No seleccionados;No seleccionados;No seleccionados;No seleccionados;No seleccionados;No seleccionados;Si;4;No;No;Si;Vivo;;;
84;69;Hombre;28/07/21;28/08/21;31;Si;No;No;No;No;;No;No;No;Si;Seleccionados;No seleccionados;No seleccionados;No seleccionados;No seleccionados;No seleccionados;No seleccionados;No seleccionados;No seleccionados;No seleccionados;Seleccionados;No seleccionados;No;;;No;Seleccionados;No seleccionados;No seleccionados;No seleccionados;No seleccionados;No;Si;No;Seleccionados;No seleccionados;No seleccionados;No seleccionados;No seleccionados;No seleccionados;No seleccionados;No;No;No;No;No;No;Gastrointestinal;Si;Si;Si;No;No information;26/07/21;Si;No;Si;No;No;No seleccionados;Seleccionados;No seleccionados;No seleccionados;No seleccionados;No seleccionados;No seleccionados;No seleccionados;No;Seleccionados;No seleccionados;No seleccionados;No seleccionados;No seleccionados;No aplica;Sepsis;64;178;20,2;129;87;101;78;17;No;No;No;No;No;6930;1850;4360;17,6;166000;98;3,89;No information;0,93;11,5;No information;No information;No information;No information;4,15;139;86;34;Positivo;No;No;S. viridans;No;No;No;No;No;No information;Si;Si;30/07/21;60;Si;Seleccionados;No seleccionados;No seleccionados;No seleccionados;No seleccionados;No seleccionados;No seleccionados;No seleccionados;Seleccionados;No seleccionados;No seleccionados;No seleccionados;No seleccionados;No seleccionados;Seleccionados;No seleccionados;No seleccionados;No seleccionados;No seleccionados;No seleccionados;No information;30/07/21;Si;Si;Nativa;Aguda;Definitivo;no;No;No;No;No seleccionados;No seleccionados;Seleccionados;No seleccionados;No;No;Si;No;No;No;No;No;No;Si;Seleccionados;Seleccionados;No seleccionados;No seleccionados;No seleccionados;No seleccionados;No seleccionados;No seleccionados;No seleccionados;No seleccionados;No seleccionados;No seleccionados;No seleccionados;No seleccionados;No seleccionados;No seleccionados;No seleccionados;No seleccionados;No seleccionados;No information;30;Si;Abierta;Protesis biologica;Ninguno;;No;Seleccionados;No seleccionados;No seleccionados;No seleccionados;No seleccionados;No seleccionados;No seleccionados;No seleccionados;No;6;Si;Si;No;Vivo;;;
85;60;Hombre;7/08/21;19/08/21;12;Si;No;No;Obesidad (>=30 IMC);No;;No;No;No;No;No seleccionados;No seleccionados;No seleccionados;No seleccionados;No seleccionados;No seleccionados;No seleccionados;No seleccionados;No seleccionados;No seleccionados;No seleccionados;No seleccionados;;;;No;Seleccionados;No seleccionados;No seleccionados;No seleccionados;No seleccionados;No;No;No;Seleccionados;No seleccionados;No seleccionados;No seleccionados;No seleccionados;No seleccionados;No seleccionados;No;No;No;No;No;No;Urologico;No;No;No;No;No information;26/07/21;Si;Si;Si;No;No;Seleccionados;No seleccionados;No seleccionados;No seleccionados;No seleccionados;No seleccionados;No seleccionados;No seleccionados;No;Seleccionados;No seleccionados;No seleccionados;No seleccionados;No seleccionados;No aplica;No;99,25;180;30,6;118;70;89;76;12;No;No;No;No;No;6320;2080;3170;11,4;265000;53;9,8;No information;1,86;21,7;1140;58;No information;No information;4,62;135,4;24;27;Positivo;Si, meticilino resistente;No;No;No;No;No;No;No;No information;Si;Si;11/08/21;65;Si;Seleccionados;No seleccionados;No seleccionados;No seleccionados;No seleccionados;No seleccionados;No seleccionados;No seleccionados;Seleccionados;No seleccionados;No seleccionados;No seleccionados;No seleccionados;No seleccionados;Seleccionados;No seleccionados;No seleccionados;No seleccionados;No seleccionados;No seleccionados;No information;11/08/21;Si;Si;Nativa;Subaguda;Definitivo;no;No;No;No;Seleccionados;No seleccionados;No seleccionados;No seleccionados;No;No;No;No;No;No;No;No;No;Si;No seleccionados;Seleccionados;No seleccionados;No seleccionados;No seleccionados;No seleccionados;No seleccionados;No seleccionados;No seleccionados;No seleccionados;No seleccionados;No seleccionados;Seleccionados;Seleccionados;Seleccionados;No seleccionados;No seleccionados;No seleccionados;No seleccionados;No information;40;No;;;;;;No seleccionados;No seleccionados;No seleccionados;No seleccionados;No seleccionados;No seleccionados;No seleccionados;No seleccionados;No;No information;No;No;No;Vivo;;;
86;52;Hombre;23/08/21;9/09/21;17;Si;No;No;No;No;;No;No;No;No;No seleccionados;No seleccionados;No seleccionados;No seleccionados;No seleccionados;No seleccionados;No seleccionados;No seleccionados;No seleccionados;No seleccionados;No seleccionados;No seleccionados;;;;No;Seleccionados;No seleccionados;No seleccionados;No seleccionados;No seleccionados;No;No;No;Seleccionados;No seleccionados;No seleccionados;No seleccionados;No seleccionados;No seleccionados;No seleccionados;No;No;No;No;No;No;No;No;No;No;No;No information;20/08/21;Si;Si;Si;No;No;No seleccionados;No seleccionados;Seleccionados;No seleccionados;No seleccionados;No seleccionados;No seleccionados;No seleccionados;No;Seleccionados;No seleccionados;No seleccionados;No seleccionados;No seleccionados;No aplica;No;61,3;182;18,5;96;78;84;88;26;No;No;Si;No;No;11140;1090;9120;10,6;311000;46;7,65;No information;0,93;9,8;No information;No information;No information;No information;4,14;137;73;102;Positivo;No;S. epidermidis;No;No;No;No;No;No;No information;Si;Si;24/08/21;55;Si;Seleccionados;No seleccionados;No seleccionados;No seleccionados;No seleccionados;No seleccionados;No seleccionados;Seleccionados;No seleccionados;No seleccionados;No seleccionados;No seleccionados;No seleccionados;Seleccionados;No seleccionados;No seleccionados;No seleccionados;No seleccionados;No seleccionados;No seleccionados;No information;24/08/21;Si;Si;Nativa;Aguda;Definitivo;no;No;No;No;No seleccionados;No seleccionados;Seleccionados;No seleccionados;No;No;No;No;No;No;No;No;No;Si;No seleccionados;Seleccionados;No seleccionados;No seleccionados;No seleccionados;No seleccionados;No seleccionados;Seleccionados;No seleccionados;No seleccionados;No seleccionados;No seleccionados;No seleccionados;No seleccionados;No seleccionados;No seleccionados;No seleccionados;No seleccionados;No seleccionados;No information;30;Si;Abierta;Protesis mecanica;Ninguno;;No;Seleccionados;No seleccionados;No seleccionados;No seleccionados;No seleccionados;No seleccionados;No seleccionados;No seleccionados;No;0;No;No;No;Vivo;;;
87;53;Hombre;25/09/21;10/11/21;46;Si;No;Si;Sobrepeso (>=25-29.9 IMC);No;;No;No;Si;Si;No seleccionados;No seleccionados;Seleccionados;No seleccionados;No seleccionados;No seleccionados;Seleccionados;No seleccionados;No seleccionados;No seleccionados;No seleccionados;No seleccionados;Si;Aortica;No aplica;No;Seleccionados;No seleccionados;No seleccionados;No seleccionados;No seleccionados;No;No;No;Seleccionados;No seleccionados;No seleccionados;No seleccionados;No seleccionados;No seleccionados;No seleccionados;No;No;No;No;No;No;No;No;No;No;No;No information;26/09/21;Si;No;No;No;No;No seleccionados;No seleccionados;No seleccionados;No seleccionados;No seleccionados;No seleccionados;Seleccionados;No seleccionados;No;Seleccionados;No seleccionados;No seleccionados;No seleccionados;No seleccionados;No aplica;No;68;163;25,6;152;89;109;93;22;No;No;No;No;No;9590;1130;7080;13,1;431000;35,6;15,08;No information;1,01;22;No information;59;No information;No information;4,1;137,7;23;25;Positivo;No;No;No;No;Haemophilus spp;Pseudomonas spp;No;Si;No information;Si;Si;28/09/21;65;Si;Seleccionados;No seleccionados;No seleccionados;No seleccionados;No seleccionados;No seleccionados;Seleccionados;No seleccionados;No seleccionados;No seleccionados;No seleccionados;No seleccionados;No seleccionados;Seleccionados;No seleccionados;No seleccionados;No seleccionados;No seleccionados;No seleccionados;No seleccionados;No information;28/09/21;Si;Si;Protesica;Aguda;Definitivo;no;ACV isquemico;No;No;No seleccionados;Seleccionados;No seleccionados;No seleccionados;No;No;No;No;No;No;No;No;No;Si;Seleccionados;Seleccionados;No seleccionados;Seleccionados;No seleccionados;No seleccionados;No seleccionados;Seleccionados;No seleccionados;No seleccionados;No seleccionados;No seleccionados;No seleccionados;Seleccionados;No seleccionados;No seleccionados;No seleccionados;No seleccionados;No seleccionados;No information;56;Si;Abierta;Protesis mecanica;Ninguno;;No;Seleccionados;No seleccionados;No seleccionados;No seleccionados;No seleccionados;No seleccionados;No seleccionados;No seleccionados;No;No information;No;No;No;Vivo;;;
88;28;Hombre;10/09/21;21/09/21;11;No;No;No;No;No;;No;No;No;No;No seleccionados;No seleccionados;No seleccionados;No seleccionados;No seleccionados;No seleccionados;No seleccionados;No seleccionados;No seleccionados;No seleccionados;No seleccionados;No seleccionados;;;;No;Seleccionados;No seleccionados;No seleccionados;No seleccionados;No seleccionados;No;No;No;Seleccionados;No seleccionados;No seleccionados;No seleccionados;No seleccionados;No seleccionados;No seleccionados;No;No;No;No;No;No;No;No;No;No;No;No information;23/08/21;Si;No;No;Si;No;No seleccionados;No seleccionados;No seleccionados;No seleccionados;No seleccionados;Seleccionados;No seleccionados;No seleccionados;No;Seleccionados;No seleccionados;No seleccionados;No seleccionados;No seleccionados;No aplica;No;66,7;179;23,72;126;62;83;113;19;No;No;Si;No;No;20720;3750;14630;9,6;295000;72;27,38;No information;0,7;14,5;No information;No information;No information;No information;3,73;138,9;14,2;27,7;Positivo;No;No;S. viridans;No;No;No;No;No;No information;Si;Si;10/09/21;70;Si;Seleccionados;No seleccionados;No seleccionados;No seleccionados;No seleccionados;No seleccionados;No seleccionados;No seleccionados;Seleccionados;No seleccionados;No seleccionados;No seleccionados;No seleccionados;No seleccionados;Seleccionados;No seleccionados;No seleccionados;No seleccionados;No seleccionados;No seleccionados;No information;10/09/21;Si;Si;Nativa;Subaguda;Definitivo;no;ACV hemorragico;No;No;Seleccionados;No seleccionados;No seleccionados;No seleccionados;No;No;No;No;No;No;No;No;No;Si;Seleccionados;No seleccionados;No seleccionados;No seleccionados;No seleccionados;No seleccionados;No seleccionados;No seleccionados;No seleccionados;No seleccionados;No seleccionados;No seleccionados;No seleccionados;No seleccionados;No seleccionados;No seleccionados;No seleccionados;No seleccionados;No seleccionados;No information;42;Si;Abierta;Protesis mecanica;Extraccion de masa;;No;Seleccionados;No seleccionados;No seleccionados;No seleccionados;No seleccionados;No seleccionados;No seleccionados;No seleccionados;Si;2;No;No;Si;Vivo;;;
89;51;Hombre;2/08/21;4/09/21;33;Si;Si;No;No;Si;> o igual 50%;No;Si;No;No;No seleccionados;No seleccionados;No seleccionados;No seleccionados;No seleccionados;No seleccionados;No seleccionados;No seleccionados;No seleccionados;No seleccionados;No seleccionados;No seleccionados;;;;No;Seleccionados;No seleccionados;No seleccionados;No seleccionados;No seleccionados;No;No;Si;Seleccionados;No seleccionados;No seleccionados;No seleccionados;No seleccionados;No seleccionados;No seleccionados;No;Si, con hemodialisis;No;Hipotiroidismo;No;No;No;No;No;Si;No;No information;2/08/21;Si;No;No;No;No;Seleccionados;No seleccionados;No seleccionados;No seleccionados;No seleccionados;No seleccionados;No seleccionados;No seleccionados;No;Seleccionados;No seleccionados;No seleccionados;No seleccionados;No seleccionados;No aplica;No;75;175;24,4;170;66;101;72;19;No;No;No;No;No;11970;1010;10190;13,3;533000;29;12,54;No information;2,3;25;890;36,9;No information;No information;4,6;138;12,7;13;Positivo;Si, meticilino sensible;No;No;No;No;No;No;No;No information;Si;Si;12/08/21;65;Si;Seleccionados;No seleccionados;No seleccionados;No seleccionados;No seleccionados;No seleccionados;Seleccionados;No seleccionados;No seleccionados;No seleccionados;No seleccionados;No seleccionados;No seleccionados;No seleccionados;Seleccionados;No seleccionados;No seleccionados;No seleccionados;No seleccionados;No seleccionados;No information;12/08/21;Si;Si;Nativa;Aguda;Definitivo;no;No;No;No;Seleccionados;No seleccionados;No seleccionados;No seleccionados;No;No;No;No;No;No;No;No;No;Si;No seleccionados;Seleccionados;No seleccionados;No seleccionados;No seleccionados;No seleccionados;No seleccionados;No seleccionados;No seleccionados;No seleccionados;No seleccionados;No seleccionados;Seleccionados;No seleccionados;Seleccionados;No seleccionados;No seleccionados;No seleccionados;No seleccionados;No information;30;No;;;;;;No seleccionados;No seleccionados;No seleccionados;No seleccionados;No seleccionados;No seleccionados;No seleccionados;No seleccionados;No;No information;No;No;No;Vivo;;;
90;15;Mujer;10/11/21;21/12/21;41;No;No;No;No;No;;No;No;No;Si;Seleccionados;No seleccionados;No seleccionados;No seleccionados;No seleccionados;No seleccionados;No seleccionados;No seleccionados;Seleccionados;No seleccionados;Seleccionados;No seleccionados;No;;;Si;Seleccionados;No seleccionados;No seleccionados;No seleccionados;No seleccionados;No;No;No;Seleccionados;No seleccionados;No seleccionados;No seleccionados;No seleccionados;No seleccionados;No seleccionados;No;No;No;No;No;No;No;Si;No;No;No;No information;9/11/21;No;Si;No;No;Si;Seleccionados;No seleccionados;No seleccionados;No seleccionados;No seleccionados;No seleccionados;No seleccionados;No seleccionados;No;Seleccionados;No seleccionados;No seleccionados;No seleccionados;No seleccionados;No aplica;No;45;170;15,57;102;51;68;80;22;No;No;No;No;No;9270;1920;6520;13,3;310000;25;1,22;No information;0,83;9,3;9,17;2,25;No information;No information;3,64;134,9;17;15;Positivo;No;No;No;No;No;Acinetobacter spp;No;No;No information;Si;Si;15/11/21;63;No;No seleccionados;No seleccionados;No seleccionados;No seleccionados;No seleccionados;No seleccionados;No seleccionados;No seleccionados;No seleccionados;No seleccionados;No seleccionados;No seleccionados;No seleccionados;Seleccionados;Seleccionados;No seleccionados;No seleccionados;No seleccionados;No seleccionados;No seleccionados;No information;18/11/21;Si;No;Nativa;Aguda;Posible;no;No;No;No;Seleccionados;No seleccionados;No seleccionados;No seleccionados;No;No;No;No;No;No;No;No;No;Si;No seleccionados;No seleccionados;No seleccionados;No seleccionados;Seleccionados;No seleccionados;No seleccionados;Seleccionados;No seleccionados;No seleccionados;No seleccionados;No seleccionados;No seleccionados;No seleccionados;No seleccionados;Seleccionados;No seleccionados;Seleccionados;No seleccionados;No information;30;No;;;;;;No seleccionados;No seleccionados;No seleccionados;No seleccionados;No seleccionados;No seleccionados;No seleccionados;No seleccionados;No;5;No;Si;Si;Vivo;;;
91;80;Hombre;30/11/21;13/01/22;44;Si;No;No;Obesidad (>=30 IMC);Si;< 40%;Si;Si;No;No;No seleccionados;No seleccionados;No seleccionados;No seleccionados;No seleccionados;No seleccionados;No seleccionados;No seleccionados;No seleccionados;No seleccionados;No seleccionados;No seleccionados;;;;Si;No seleccionados;Seleccionados;Seleccionados;Seleccionados;No seleccionados;No;No;Si;No seleccionados;No seleccionados;No seleccionados;No seleccionados;No seleccionados;Seleccionados;No seleccionados;No;Si, con hemodialisis;No;Hipotiroidismo;No;Si;No;No;No;No;No;CABG con endoprotesis fenestrada abdominal + ramas iliacas bilaterales 11/06/2019;30/11/21;Si;No;No;No;No;Seleccionados;No seleccionados;No seleccionados;No seleccionados;No seleccionados;No seleccionados;No seleccionados;No seleccionados;No;Seleccionados;No seleccionados;No seleccionados;No seleccionados;No seleccionados;Stevenson C;Shock  septico;97;178;30,6;127;63;90;60;12;No;No;No;No;No;10630;290;9800;9,9;115000;28;6,7;No information;2,59;65;969;No information;No information;No information;3,6;145;60,8;33,6;Positivo;No;No;No;No;No;Klebsiella spp;No;No;No information;Si;Si;13/12/21;20;No;No seleccionados;No seleccionados;No seleccionados;No seleccionados;No seleccionados;No seleccionados;No seleccionados;No seleccionados;No seleccionados;No seleccionados;No seleccionados;No seleccionados;No seleccionados;No seleccionados;No seleccionados;No seleccionados;No seleccionados;Seleccionados;No seleccionados;No seleccionados;Electrodo de marcapasos dentro de la auricula derecha;13/12/21;Si;Si;Asociada a cateter;Aguda;Definitivo;no;No;Si;No;Seleccionados;No seleccionados;No seleccionados;No seleccionados;Si;No;No;No;No;No;No;No;No;Si;No seleccionados;Seleccionados;No seleccionados;Seleccionados;No seleccionados;No seleccionados;No seleccionados;No seleccionados;No seleccionados;No seleccionados;No seleccionados;No seleccionados;No seleccionados;No seleccionados;No seleccionados;No seleccionados;No seleccionados;No seleccionados;No seleccionados;No information;42;No;;;;;;No seleccionados;No seleccionados;No seleccionados;No seleccionados;No seleccionados;No seleccionados;No seleccionados;No seleccionados;Si;11;Si;Si;Si;Vivo;;;
92;29;Hombre;9/01/22;2/02/22;24;No;No;No;No;No;;No;No;No;No;No seleccionados;No seleccionados;No seleccionados;No seleccionados;No seleccionados;No seleccionados;No seleccionados;No seleccionados;No seleccionados;No seleccionados;No seleccionados;No seleccionados;;;;No;Seleccionados;No seleccionados;No seleccionados;No seleccionados;No seleccionados;No;No;No;Seleccionados;No seleccionados;No seleccionados;No seleccionados;No seleccionados;No seleccionados;No seleccionados;No;No;No;No;No;No;No;No;No;No;Si;Consumo de SPA;28/12/21;Si;No;Si;No;No;Seleccionados;No seleccionados;No seleccionados;No seleccionados;No seleccionados;No seleccionados;No seleccionados;No seleccionados;No;Seleccionados;No seleccionados;No seleccionados;No seleccionados;No seleccionados;No aplica;No;66,2;183;19,8;151;93;112;92;20;No;No;No;No;No;7950;1640;5400;6,6;475000;102;4,48;No information;0,81;16,2;1560;79;No information;No information;3,5;140;39,4;31,8;Positivo;No;No;S. pyogenes;No;No;No;No;No;No information;Si;Si;9/01/22;70;Si;Seleccionados;No seleccionados;No seleccionados;No seleccionados;No seleccionados;No seleccionados;No seleccionados;No seleccionados;Seleccionados;No seleccionados;No seleccionados;No seleccionados;No seleccionados;No seleccionados;Seleccionados;No seleccionados;No seleccionados;No seleccionados;No seleccionados;No seleccionados;No information;9/01/22;Si;Si;Nativa;Aguda;Definitivo;no;No;No;No;Seleccionados;No seleccionados;No seleccionados;No seleccionados;No;No;No;No;No;No;No;No;No;Si;Seleccionados;Seleccionados;No seleccionados;No seleccionados;No seleccionados;No seleccionados;No seleccionados;No seleccionados;No seleccionados;No seleccionados;No seleccionados;No seleccionados;No seleccionados;No seleccionados;No seleccionados;No seleccionados;No seleccionados;No seleccionados;No seleccionados;No information;45;Si;Abierta;Protesis mecanica;Ninguno;;No;Seleccionados;No seleccionados;No seleccionados;No seleccionados;No seleccionados;No seleccionados;No seleccionados;No seleccionados;No;0;No;No;No;Vivo;;;
93;63;Hombre;21/03/22;12/04/22;22;Si;Si;No;No;Si;< 40%;No;No;No;Si;Seleccionados;No seleccionados;No seleccionados;No seleccionados;No seleccionados;No seleccionados;No seleccionados;No seleccionados;Seleccionados;No seleccionados;No seleccionados;No seleccionados;No;;;No;Seleccionados;No seleccionados;No seleccionados;No seleccionados;No seleccionados;No;No;No;Seleccionados;No seleccionados;No seleccionados;No seleccionados;No seleccionados;No seleccionados;No seleccionados;No;No;No;No;No;No;No;No;No;No;No;No information;18/03/22;No;Si;Si;No;No;Seleccionados;No seleccionados;No seleccionados;No seleccionados;No seleccionados;No seleccionados;No seleccionados;No seleccionados;No;Seleccionados;No seleccionados;No seleccionados;No seleccionados;No seleccionados;Stevenson B;No;60;170;20,7;100;45;63;79;18;No;No;No;No;Si;12870;750;11180;9,9;268000;85;8,7;No information;1,4;44;26317;895;No information;No information;4;138,5;37;68;Positivo;No;No;S. viridans;No;No;No;No;No;No information;Si;Si;22/03/22;41;Si;Seleccionados;No seleccionados;No seleccionados;No seleccionados;No seleccionados;No seleccionados;No seleccionados;Seleccionados;Seleccionados;No seleccionados;No seleccionados;No seleccionados;No seleccionados;Seleccionados;No seleccionados;No seleccionados;No seleccionados;No seleccionados;No seleccionados;No seleccionados;No information;22/03/22;Si;Si;Nativa;Aguda;Definitivo;no;No;Si;No;No seleccionados;No seleccionados;Seleccionados;No seleccionados;No;No;No;No;No;No;No;No;No;Si;Seleccionados;Seleccionados;No seleccionados;No seleccionados;No seleccionados;No seleccionados;No seleccionados;Seleccionados;No seleccionados;No seleccionados;No seleccionados;No seleccionados;No seleccionados;No seleccionados;No seleccionados;No seleccionados;No seleccionados;No seleccionados;No seleccionados;No information;42;Si;Abierta;Protesis biologica;Ninguno;;No;Seleccionados;No seleccionados;No seleccionados;No seleccionados;No seleccionados;No seleccionados;No seleccionados;No seleccionados;Si;0;No;No;No;Vivo;;;
94;65;Hombre;6/04/22;19/05/22;43;Si;No;No;No;No;;No;No;No;No;No seleccionados;No seleccionados;No seleccionados;No seleccionados;No seleccionados;No seleccionados;No seleccionados;No seleccionados;No seleccionados;No seleccionados;No seleccionados;No seleccionados;;;;No;Seleccionados;No seleccionados;No seleccionados;No seleccionados;No seleccionados;No;No;No;Seleccionados;No seleccionados;No seleccionados;No seleccionados;No seleccionados;No seleccionados;No seleccionados;No;No;No;No;No;No;No;No;Si;Si;No;No information;15/03/22;Si;Si;Si;No;No;Seleccionados;No seleccionados;No seleccionados;No seleccionados;No seleccionados;No seleccionados;No seleccionados;No seleccionados;No;Seleccionados;No seleccionados;No seleccionados;No seleccionados;No seleccionados;No aplica;No;73;176;23,6;148;94;112;75;18;No;No;No;No;No;11910;1660;9230;9,6;332000;17;6,2;No information;1,17;11,5;365;29,9;No information;No information;3,61;142,2;20;42;Positivo;No;No;No;E. faecalis;No;No;No;No;No information;Si;Si;1/04/22;66;No;No seleccionados;No seleccionados;No seleccionados;No seleccionados;No seleccionados;No seleccionados;No seleccionados;No seleccionados;No seleccionados;No seleccionados;No seleccionados;No seleccionados;No seleccionados;Seleccionados;No seleccionados;No seleccionados;No seleccionados;No seleccionados;No seleccionados;No seleccionados;No information;1/04/22;Si;Si;Protesica;Subaguda;Definitivo;no;No;No;No;Seleccionados;No seleccionados;No seleccionados;No seleccionados;No;No;No;No;No;No;Si;No;No;Si;Seleccionados;Seleccionados;No seleccionados;No seleccionados;Seleccionados;No seleccionados;No seleccionados;No seleccionados;No seleccionados;No seleccionados;No seleccionados;No seleccionados;No seleccionados;No seleccionados;No seleccionados;Seleccionados;No seleccionados;No seleccionados;No seleccionados;No information;45;Si;Abierta;Protesis mecanica;Otro;Reemplazo de aorta ascendente;No;Seleccionados;No seleccionados;No seleccionados;No seleccionados;No seleccionados;No seleccionados;No seleccionados;No seleccionados;No;0;No;No;No;Vivo;;;
95;26;Mujer;25/04/22;27/05/22;32;No;No;No;No;No;;No;No;No;No;No seleccionados;No seleccionados;No seleccionados;No seleccionados;No seleccionados;No seleccionados;No seleccionados;No seleccionados;No seleccionados;No seleccionados;No seleccionados;No seleccionados;;;;No;Seleccionados;No seleccionados;No seleccionados;No seleccionados;No seleccionados;No;No;No;No seleccionados;No seleccionados;Seleccionados;No seleccionados;No seleccionados;No seleccionados;No seleccionados;No;No;No;Hipertiroidismo;No;No;No;No;No;No;No;No information;12/04/22;No;No;No;No;No;Seleccionados;No seleccionados;No seleccionados;No seleccionados;No seleccionados;No seleccionados;No seleccionados;No seleccionados;No;Seleccionados;No seleccionados;No seleccionados;No seleccionados;No seleccionados;No aplica;No;55;157;22,3;130;79;96;116;24;No;No;No;No;No;12120;9180;1980;6,3;60000;27;6,87;7,47;0,46;18;67;14;No information;No information;3,1;140;12,8;12,4;Positivo;Si, meticilino resistente;No;No;No;No;No;No;No;No information;Si;Si;22/04/22;65;Si;Seleccionados;No seleccionados;No seleccionados;No seleccionados;No seleccionados;No seleccionados;No seleccionados;No seleccionados;Seleccionados;No seleccionados;Seleccionados;No seleccionados;No seleccionados;No seleccionados;Seleccionados;No seleccionados;No seleccionados;No seleccionados;No seleccionados;No seleccionados;No information;22/04/22;Si;Si;Nativa;Aguda;Definitivo;no;ACV isquemico;No;No;Seleccionados;No seleccionados;No seleccionados;No seleccionados;Si;No;No;No;No;No;No;No;No;Si;No seleccionados;No seleccionados;No seleccionados;No seleccionados;No seleccionados;No seleccionados;No seleccionados;No seleccionados;No seleccionados;No seleccionados;No seleccionados;Seleccionados;Seleccionados;No seleccionados;No seleccionados;No seleccionados;No seleccionados;No seleccionados;No seleccionados;No information;46;Si;Abierta;Protesis biologica;Ninguno;;No;Seleccionados;No seleccionados;No seleccionados;No seleccionados;No seleccionados;No seleccionados;No seleccionados;No seleccionados;No;0;No;No;No;Vivo;;;
96;34;Mujer;5/05/22;1/07/22;57;No;No;No;No;No;;No;No;No;No;No seleccionados;No seleccionados;No seleccionados;No seleccionados;No seleccionados;No seleccionados;No seleccionados;No seleccionados;No seleccionados;No seleccionados;No seleccionados;No seleccionados;;;;No;Seleccionados;No seleccionados;No seleccionados;No seleccionados;No seleccionados;No;No;Si;Seleccionados;No seleccionados;No seleccionados;No seleccionados;No seleccionados;No seleccionados;No seleccionados;No;No;No;No;No;No;Gastrointestinal;No;No;No;No;No information;27/04/22;Si;Si;Si;No;No;Seleccionados;No seleccionados;No seleccionados;No seleccionados;No seleccionados;No seleccionados;No seleccionados;No seleccionados;No;Seleccionados;No seleccionados;No seleccionados;No seleccionados;No seleccionados;No aplica;Sepsis;56;150;24,9;119;72;87;120;26;No;No;No;No;No;14860;3300;9390;8,8;298000;11;41;0,6;0,62;10;254;No information;No information;0,053;4,1;131;67;62;Positivo;Si, meticilino resistente;No;No;No;No;No;No;No;No information;Si;Si;6/05/22;60;No;No seleccionados;No seleccionados;No seleccionados;No seleccionados;No seleccionados;No seleccionados;No seleccionados;No seleccionados;No seleccionados;No seleccionados;No seleccionados;No seleccionados;No seleccionados;No seleccionados;Seleccionados;No seleccionados;No seleccionados;No seleccionados;No seleccionados;No seleccionados;No information;6/05/22;Si;Si;Nativa;Aguda;Definitivo;no;No;No;No;Seleccionados;No seleccionados;No seleccionados;No seleccionados;Si;No;No;No;No;No;No;No;No;Si;Seleccionados;Seleccionados;No seleccionados;Seleccionados;No seleccionados;No seleccionados;No seleccionados;No seleccionados;No seleccionados;No seleccionados;No seleccionados;Seleccionados;Seleccionados;No seleccionados;No seleccionados;No seleccionados;No seleccionados;No seleccionados;No seleccionados;No information;45;No;;;;;;No seleccionados;No seleccionados;No seleccionados;No seleccionados;No seleccionados;No seleccionados;No seleccionados;No seleccionados;No;11;No;Si;Si;Vivo;;;
97;58;Hombre;8/06/22;14/09/22;98;Si;Si;No;No;No;;No;No;No;No;No seleccionados;No seleccionados;No seleccionados;No seleccionados;No seleccionados;No seleccionados;No seleccionados;No seleccionados;No seleccionados;No seleccionados;No seleccionados;No seleccionados;;;;No;Seleccionados;No seleccionados;No seleccionados;No seleccionados;No seleccionados;No;No;No;Seleccionados;No seleccionados;No seleccionados;No seleccionados;No seleccionados;No seleccionados;No seleccionados;No;Si, con hemodialisis;No;No;No;No;No;No;No;No;No;No information;8/06/22;No;No;No;No;No;Seleccionados;No seleccionados;No seleccionados;No seleccionados;No seleccionados;No seleccionados;No seleccionados;No seleccionados;No;Seleccionados;No seleccionados;No seleccionados;No seleccionados;No seleccionados;No aplica;No;56,9;170;19,7;136;80;98,6;104;18;No;No;No;No;Si;21740;850;20080;9,9;73000;18,22;46;No information;3,14;56;103;No information;No information;No information;4,2;133,4;65,8;73,4;Positivo;Si, meticilino resistente;No;No;No;No;No;No;No;No information;Si;Si;9/06/22;60;No;No seleccionados;No seleccionados;No seleccionados;No seleccionados;No seleccionados;No seleccionados;No seleccionados;No seleccionados;No seleccionados;No seleccionados;No seleccionados;No seleccionados;No seleccionados;No seleccionados;No seleccionados;No seleccionados;No seleccionados;Seleccionados;Seleccionados;No seleccionados;Cateter en auricula derecha;6/09/22;Si;Si;Nativa;Aguda;Definitivo;Pulmon;No;No;No;Seleccionados;No seleccionados;No seleccionados;No seleccionados;Si;Si;No;No;No;No;Si;Si;No;Si;No seleccionados;No seleccionados;No seleccionados;No seleccionados;No seleccionados;No seleccionados;No seleccionados;No seleccionados;No seleccionados;No seleccionados;No seleccionados;Seleccionados;Seleccionados;No seleccionados;No seleccionados;Seleccionados;No seleccionados;No seleccionados;No seleccionados;No information;56;No;;;;;;No seleccionados;No seleccionados;No seleccionados;No seleccionados;No seleccionados;No seleccionados;No seleccionados;No seleccionados;Si;46;Si;Si;Si;Vivo;;;
98;66;Mujer;16/06/22;18/07/22;32;Si;No;No;No;No;;No;No;No;No;No seleccionados;No seleccionados;No seleccionados;No seleccionados;No seleccionados;No seleccionados;No seleccionados;No seleccionados;No seleccionados;No seleccionados;No seleccionados;No seleccionados;;;;No;Seleccionados;No seleccionados;No seleccionados;No seleccionados;No seleccionados;No;No;No;No seleccionados;No seleccionados;Seleccionados;No seleccionados;No seleccionados;No seleccionados;No seleccionados;No;No;No;No;No;No;Urologico;No;No;No;No;No information;16/06/22;Si;No;No;No;No;Seleccionados;No seleccionados;No seleccionados;No seleccionados;No seleccionados;No seleccionados;No seleccionados;No seleccionados;No;Seleccionados;No seleccionados;No seleccionados;No seleccionados;No seleccionados;No aplica;No;60;160;23,44;133;76;95;73;18;No;No;No;No;No;6870;1210;4900;11,2;542000;13,5;12,3;No information;0,3;6,3;No information;No information;No information;0,042;4,19;138;15,1;36,4;Positivo;Si, meticilino resistente;No;No;No;No;No;No;No;No information;Si;Si;23/06/22;65;No;No seleccionados;No seleccionados;No seleccionados;No seleccionados;No seleccionados;No seleccionados;No seleccionados;No seleccionados;No seleccionados;No seleccionados;No seleccionados;No seleccionados;No seleccionados;No seleccionados;Seleccionados;No seleccionados;No seleccionados;No seleccionados;No seleccionados;No seleccionados;No information;24/06/22;Si;Si;Nativa;Aguda;Definitivo;no;No;No;No;Seleccionados;No seleccionados;No seleccionados;No seleccionados;No;No;No;No;No;No;No;No;No;Si;No seleccionados;Seleccionados;No seleccionados;No seleccionados;No seleccionados;No seleccionados;No seleccionados;No seleccionados;No seleccionados;No seleccionados;No seleccionados;No seleccionados;Seleccionados;No seleccionados;No seleccionados;No seleccionados;No seleccionados;No seleccionados;No seleccionados;No information;30;No;;;;;;No seleccionados;No seleccionados;No seleccionados;No seleccionados;No seleccionados;No seleccionados;No seleccionados;No seleccionados;No;0;No;No;No;Vivo;;;
99;23;Hombre;27/06/22;6/08/22;40;No;No;No;Sobrepeso (>=25-29.9 IMC);No;;No;No;No;No;No seleccionados;No seleccionados;No seleccionados;No seleccionados;No seleccionados;No seleccionados;No seleccionados;No seleccionados;No seleccionados;No seleccionados;No seleccionados;No seleccionados;;;;No;Seleccionados;No seleccionados;No seleccionados;No seleccionados;No seleccionados;No;No;No;Seleccionados;No seleccionados;No seleccionados;No seleccionados;No seleccionados;No seleccionados;No seleccionados;No;No;No;No;No;No;No;No;No;Si;No;Osteomielitis cronica;27/06/22;Si;No;No;No;No;Seleccionados;No seleccionados;No seleccionados;No seleccionados;No seleccionados;No seleccionados;No seleccionados;No seleccionados;No;Seleccionados;No seleccionados;No seleccionados;No seleccionados;No seleccionados;No aplica;Shock  septico;85;170;29,4;126;49;74;60;23;No;No;No;No;No;13730;2220;9910;9,7;350000;9,5;13,3;2,5;0,48;12,8;830;No information;No information;0,63;4,13;139,5;14,5;14;Positivo;Si, meticilino resistente;No;No;No;No;No;No;No;No information;Si;Si;30/06/22;25;No;No seleccionados;No seleccionados;No seleccionados;No seleccionados;No seleccionados;No seleccionados;No seleccionados;No seleccionados;No seleccionados;No seleccionados;No seleccionados;No seleccionados;No seleccionados;No seleccionados;No seleccionados;No seleccionados;No seleccionados;No seleccionados;Seleccionados;No seleccionados;Valvula de Eustaquio;30/06/22;Si;Si;Nativa;Aguda;Definitivo;Pulmon;No;No;No;Seleccionados;No seleccionados;No seleccionados;No seleccionados;Si;No;No;No;No;No;No;No;No;Si;No seleccionados;No seleccionados;No seleccionados;No seleccionados;No seleccionados;No seleccionados;No seleccionados;No seleccionados;No seleccionados;No seleccionados;No seleccionados;Seleccionados;Seleccionados;No seleccionados;No seleccionados;No seleccionados;No seleccionados;No seleccionados;No seleccionados;No information;45;No;;;;;;No seleccionados;No seleccionados;No seleccionados;No seleccionados;No seleccionados;No seleccionados;No seleccionados;No seleccionados;Si;8;Si;Si;Si;Vivo;;;
100;30;Hombre;22/07/22;28/07/22;6;No;No;No;No;No;;No;No;No;No;No seleccionados;No seleccionados;No seleccionados;No seleccionados;No seleccionados;No seleccionados;No seleccionados;No seleccionados;No seleccionados;No seleccionados;No seleccionados;No seleccionados;;;;No;Seleccionados;No seleccionados;No seleccionados;No seleccionados;No seleccionados;No;No;No;No seleccionados;No seleccionados;No seleccionados;No seleccionados;Seleccionados;No seleccionados;No seleccionados;No;No;No;No;No;No;Gastrointestinal;No;No;Si;Si;Consumo de SPA (Bazuco y heroina inyectada), Desnutricion;1/05/22;Si;Si;Si;No;Si;Seleccionados;No seleccionados;No seleccionados;No seleccionados;No seleccionados;No seleccionados;No seleccionados;No seleccionados;No;Seleccionados;No seleccionados;No seleccionados;No seleccionados;No seleccionados;No aplica;No;53;170;18,3;102;66;78;100;21;No;No;No;No;Si;9040;2200;5690;10,6;135000;34,7;2,17;No information;0,86;17,6;1010;260;No information;33;4,7;135;351;513;Negativo;No;No;No;No;No;No;No;No;No information;No;Si;25/07/22;60;Si;Seleccionados;No seleccionados;No seleccionados;No seleccionados;No seleccionados;No seleccionados;No seleccionados;No seleccionados;No seleccionados;No seleccionados;Seleccionados;No seleccionados;No seleccionados;No seleccionados;No seleccionados;No seleccionados;Seleccionados;No seleccionados;No seleccionados;No seleccionados;No information;31/05/22;Si;Si;Nativa;Cronica;Definitivo;no;No;No;No;Seleccionados;No seleccionados;No seleccionados;No seleccionados;No;No;No;No;No;No;No;No;No;Si;No seleccionados;Seleccionados;No seleccionados;No seleccionados;No seleccionados;No seleccionados;No seleccionados;Seleccionados;No seleccionados;No seleccionados;No seleccionados;No seleccionados;No seleccionados;No seleccionados;No seleccionados;No seleccionados;No seleccionados;No seleccionados;No seleccionados;Trimetoprimsulfametoxazol;90;No;;;;;;No seleccionados;No seleccionados;No seleccionados;No seleccionados;No seleccionados;No seleccionados;No seleccionados;No seleccionados;No;20;Si;Si;No;Vivo;;;
101;55;Hombre;3/08/22;19/08/22;16;Si;No;No;Obesidad (>=30 IMC);No;;No;No;No;No;No seleccionados;No seleccionados;No seleccionados;No seleccionados;No seleccionados;No seleccionados;No seleccionados;No seleccionados;No seleccionados;No seleccionados;No seleccionados;No seleccionados;;;;No;Seleccionados;No seleccionados;No seleccionados;No seleccionados;No seleccionados;No;No;Si;Seleccionados;No seleccionados;No seleccionados;No seleccionados;No seleccionados;No seleccionados;No seleccionados;No;No;No;No;No;No;No;No;No;Si;No;No information;5/08/22;No;No;No;No;No;Seleccionados;No seleccionados;No seleccionados;No seleccionados;No seleccionados;No seleccionados;No seleccionados;No seleccionados;No;Seleccionados;No seleccionados;No seleccionados;No seleccionados;No seleccionados;No aplica;No;84;166;30;113;72;85;103;18;No;No;No;No;No;18750;1140;16850;10,1;427000;37,4;7,29;No information;1,34;12;127,3;No information;No information;No information;4,32;133;10,4;24,4;Positivo;No;No;No;E. faecalis;No;No;No;No;No information;Si;Si;13/08/22;60;Si;Seleccionados;No seleccionados;No seleccionados;No seleccionados;No seleccionados;No seleccionados;No seleccionados;No seleccionados;Seleccionados;No seleccionados;No seleccionados;No seleccionados;No seleccionados;No seleccionados;Seleccionados;No seleccionados;No seleccionados;No seleccionados;No seleccionados;No seleccionados;No information;13/08/22;No;Si;Nativa;Aguda;Definitivo;no;No;No;No;Seleccionados;No seleccionados;No seleccionados;No seleccionados;No;No;No;No;No;No;No;No;No;Si;Seleccionados;No seleccionados;No seleccionados;No seleccionados;No seleccionados;No seleccionados;No seleccionados;No seleccionados;No seleccionados;No seleccionados;No seleccionados;No seleccionados;No seleccionados;No seleccionados;No seleccionados;Seleccionados;No seleccionados;No seleccionados;No seleccionados;No information;42;Si;Endovascular;Reparo valvular;Ninguno;;Retiro percutaneo;Seleccionados;No seleccionados;No seleccionados;No seleccionados;No seleccionados;No seleccionados;No seleccionados;No seleccionados;No;0;No;No;No;Remitido;;;
102;64;Hombre;25/05/21;24/06/21;30;No;Si;No;No;No;;No;No;No;No;No seleccionados;No seleccionados;No seleccionados;No seleccionados;No seleccionados;No seleccionados;No seleccionados;No seleccionados;No seleccionados;No seleccionados;No seleccionados;No seleccionados;;;;No;Seleccionados;No seleccionados;No seleccionados;No seleccionados;No seleccionados;No;No;No;No seleccionados;No seleccionados;No seleccionados;No seleccionados;No seleccionados;Seleccionados;No seleccionados;No;Si, con hemodialisis;No;No;No;No;No;No;No;No;No;No information;17/05/21;No;No;Si;Si;No;Seleccionados;No seleccionados;No seleccionados;No seleccionados;No seleccionados;No seleccionados;No seleccionados;No seleccionados;No;Seleccionados;No seleccionados;No seleccionados;No seleccionados;No seleccionados;No aplica;Shock  septico;67;172;22,6;126;64;85;92;10;No;No;No;No;No;20580;670;18430;11,3;27000;187;16,1;No information;3,26;22,3;No information;No information;No information;No information;3;134;12,5;11,8;Positivo;No;No;No;No;No;No;No;No;Lactoccocus;Si;Si;28/05/21;66;No;No seleccionados;No seleccionados;No seleccionados;No seleccionados;No seleccionados;No seleccionados;No seleccionados;No seleccionados;No seleccionados;No seleccionados;No seleccionados;No seleccionados;No seleccionados;Seleccionados;No seleccionados;No seleccionados;No seleccionados;No seleccionados;No seleccionados;No seleccionados;No information;28/05/21;No;Si;Nativa;Aguda;Definitivo;no;No;No;No;Seleccionados;No seleccionados;No seleccionados;No seleccionados;Si;No;No;No;Si;No;No;Si;No;Si;Seleccionados;Seleccionados;No seleccionados;Seleccionados;No seleccionados;No seleccionados;No seleccionados;No seleccionados;No seleccionados;Seleccionados;No seleccionados;No seleccionados;No seleccionados;No seleccionados;No seleccionados;No seleccionados;No seleccionados;No seleccionados;No seleccionados;No information;42;No;;;;;;No seleccionados;No seleccionados;No seleccionados;No seleccionados;No seleccionados;No seleccionados;No seleccionados;No seleccionados;Si;8;No;No;No;Vivo;;;
103;14;Mujer;1/06/21;6/07/21;35;No;No;No;No;No;;No;No;No;No;No seleccionados;No seleccionados;No seleccionados;No seleccionados;No seleccionados;No seleccionados;No seleccionados;No seleccionados;No seleccionados;No seleccionados;No seleccionados;No seleccionados;;;;No;Seleccionados;No seleccionados;No seleccionados;No seleccionados;No seleccionados;No;No;No;Seleccionados;No seleccionados;No seleccionados;No seleccionados;No seleccionados;No seleccionados;No seleccionados;No;No;No;No;No;No;No;No;No;No;No;No information;24/05/21;Si;Si;Si;No;Si;Seleccionados;No seleccionados;No seleccionados;No seleccionados;No seleccionados;No seleccionados;No seleccionados;No seleccionados;No;Seleccionados;No seleccionados;No seleccionados;No seleccionados;No seleccionados;No aplica;Shock  septico;50;150;22,2;130;76;94;136;30;Si;Si;No;No;Si;11740;980;10270;11,6;144000;101;31,42;No information;0,38;5,9;No information;425;No information;577;4,17;130;92;112;Positivo;Si, meticilino resistente;No;No;No;No;No;No;No;No information;Si;Si;13/06/21;60;No;No seleccionados;No seleccionados;No seleccionados;No seleccionados;No seleccionados;No seleccionados;No seleccionados;No seleccionados;No seleccionados;No seleccionados;No seleccionados;No seleccionados;No seleccionados;No seleccionados;No seleccionados;No seleccionados;No seleccionados;No seleccionados;Seleccionados;No seleccionados;Pared ventriculo derecho;13/06/21;Si;Si;Nativa;Subaguda;Posible;no;No;No;No;Seleccionados;No seleccionados;No seleccionados;No seleccionados;Si;No;Si;No;Si;No;No;No;No;Si;Seleccionados;Seleccionados;No seleccionados;No seleccionados;No seleccionados;No seleccionados;No seleccionados;No seleccionados;No seleccionados;No seleccionados;No seleccionados;Seleccionados;Seleccionados;No seleccionados;No seleccionados;No seleccionados;No seleccionados;Seleccionados;No seleccionados;Linezolid;56;No;;;;;;No seleccionados;No seleccionados;No seleccionados;No seleccionados;No seleccionados;No seleccionados;No seleccionados;No seleccionados;Si;23;No;No;Si;Vivo;;;
104;40;Hombre;22/05/21;18/06/21;27;No;No;No;Sobrepeso (>=25-29.9 IMC);No;;No;No;No;Si;Seleccionados;No seleccionados;No seleccionados;No seleccionados;No seleccionados;No seleccionados;No seleccionados;No seleccionados;Seleccionados;No seleccionados;Seleccionados;No seleccionados;Si;Aortica;No aplica;No;Seleccionados;No seleccionados;No seleccionados;No seleccionados;No seleccionados;No;No;No;Seleccionados;No seleccionados;No seleccionados;No seleccionados;No seleccionados;No seleccionados;No seleccionados;No;No;No;No;No;No;No;No;Si;Si;No;Multiples tatuajes;29/05/21;Si;No;Si;No;Si;Seleccionados;No seleccionados;No seleccionados;No seleccionados;No seleccionados;No seleccionados;No seleccionados;No seleccionados;No;Seleccionados;No seleccionados;No seleccionados;No seleccionados;No seleccionados;No aplica;Sepsis;77,7;173;26;116;58;77;120;20;No;No;No;Si;No;7840;1560;5450;10;421000;12,2;11,05;No information;0,93;10,7;No information;243,5;No information;No information;4,26;136,9;130,5;131,3;Positivo;No;S. epidermidis;No;No;No;No;No;No;No information;Si;Si;6/06/21;30;Si;Seleccionados;No seleccionados;No seleccionados;No seleccionados;No seleccionados;No seleccionados;No seleccionados;Seleccionados;Seleccionados;No seleccionados;No seleccionados;No seleccionados;Seleccionados;No seleccionados;No seleccionados;No seleccionados;No seleccionados;No seleccionados;No seleccionados;No seleccionados;No information;6/06/21;Si;Si;Nativa;Aguda;Definitivo;no;No;Si;No;No seleccionados;Seleccionados;No seleccionados;No seleccionados;No;No;Si;No;No;No;No;No;No;Si;No seleccionados;No seleccionados;No seleccionados;No seleccionados;No seleccionados;No seleccionados;No seleccionados;No seleccionados;No seleccionados;No seleccionados;No seleccionados;Seleccionados;Seleccionados;No seleccionados;No seleccionados;No seleccionados;No seleccionados;No seleccionados;No seleccionados;No information;56;Si;Abierta;Protesis mecanica;Ninguno;;No;Seleccionados;No seleccionados;No seleccionados;No seleccionados;No seleccionados;No seleccionados;No seleccionados;No seleccionados;Si;10;No;Si;No;Vivo;;;
105;65;Mujer;17/09/22;11/10/22;24;Si;No;No;Obesidad (>=30 IMC);No;;No;No;No;No;No seleccionados;No seleccionados;No seleccionados;No seleccionados;No seleccionados;No seleccionados;No seleccionados;No seleccionados;No seleccionados;No seleccionados;No seleccionados;No seleccionados;;;;No;Seleccionados;No seleccionados;No seleccionados;No seleccionados;No seleccionados;No;No;No;Seleccionados;No seleccionados;No seleccionados;No seleccionados;No seleccionados;No seleccionados;No seleccionados;No;No;No;No;No;No;No;No;No;No;No;No information;8/09/22;Si;No;Si;No;No;Seleccionados;No seleccionados;No seleccionados;No seleccionados;No seleccionados;No seleccionados;No seleccionados;No seleccionados;No;Seleccionados;No seleccionados;No seleccionados;No seleccionados;No seleccionados;No aplica;Shock  septico;110;165;40,4;140;50;80;80;18;No;No;No;No;No;18250;1060;13190;12,9;187000;103;23,1;No information;1,1;35,1;2240;No information;No information;No information;4,18;141,8;10,79;11,5;Positivo;Si, meticilino resistente;No;No;No;No;No;No;No;No information;Si;Si;15/09/22;60;Si;Seleccionados;No seleccionados;No seleccionados;No seleccionados;No seleccionados;No seleccionados;No seleccionados;Seleccionados;No seleccionados;No seleccionados;No seleccionados;No seleccionados;No seleccionados;Seleccionados;No seleccionados;No seleccionados;No seleccionados;No seleccionados;No seleccionados;No seleccionados;No information;15/09/22;Si;Si;Nativa;Aguda;Definitivo;Otro;No;No;No;Seleccionados;No seleccionados;No seleccionados;No seleccionados;No;No;No;No;No;No;No;No;No;Si;No seleccionados;No seleccionados;No seleccionados;No seleccionados;No seleccionados;No seleccionados;No seleccionados;No seleccionados;No seleccionados;No seleccionados;No seleccionados;Seleccionados;Seleccionados;No seleccionados;No seleccionados;No seleccionados;No seleccionados;No seleccionados;No seleccionados;No information;43;No;;;;;;No seleccionados;No seleccionados;No seleccionados;No seleccionados;No seleccionados;No seleccionados;No seleccionados;No seleccionados;Si;9;No;No;Si;Vivo;;;
106;34;Mujer;29/09/21;16/12/21;78;Si;No;No;Obesidad (>=30 IMC);No;;No;No;No;No;No seleccionados;No seleccionados;No seleccionados;No seleccionados;No seleccionados;No seleccionados;No seleccionados;No seleccionados;No seleccionados;No seleccionados;No seleccionados;No seleccionados;;;;No;Seleccionados;No seleccionados;No seleccionados;No seleccionados;No seleccionados;No;No;No;No seleccionados;Seleccionados;No seleccionados;No seleccionados;No seleccionados;No seleccionados;No seleccionados;No;Si, con hemodialisis;No;No;No;Si;No;No;No;Si;No;No information;29/09/21;Si;No;No;Si;No;Seleccionados;No seleccionados;No seleccionados;No seleccionados;No seleccionados;No seleccionados;No seleccionados;No seleccionados;No;Seleccionados;No seleccionados;No seleccionados;No seleccionados;No seleccionados;No aplica;No;83,3;166;30,2;80;50;60;130;17;No;No;No;No;No;21930;980;19960;10,6;210000;No information;15;No information;5;34,6;569;No information;No information;No information;4,5;139;34,7;30;Positivo;Si, meticilino sensible;No;No;No;No;No;No;No;No information;Si;Si;30/09/21;65;Si;No seleccionados;No seleccionados;Seleccionados;No seleccionados;No seleccionados;No seleccionados;Seleccionados;No seleccionados;No seleccionados;No seleccionados;No seleccionados;No seleccionados;No seleccionados;No seleccionados;Seleccionados;No seleccionados;No seleccionados;No seleccionados;No seleccionados;No seleccionados;No information;30/09/21;Si;Si;Asociada a cateter;Aguda;Definitivo;no;No;No;No;Seleccionados;No seleccionados;No seleccionados;No seleccionados;No;No;No;No;No;No;No;No;No;Si;No seleccionados;Seleccionados;No seleccionados;No seleccionados;No seleccionados;No seleccionados;No seleccionados;Seleccionados;No seleccionados;No seleccionados;No seleccionados;No seleccionados;No seleccionados;No seleccionados;Seleccionados;No seleccionados;No seleccionados;No seleccionados;No seleccionados;No information;42;No;;;;;;No seleccionados;No seleccionados;No seleccionados;No seleccionados;No seleccionados;No seleccionados;No seleccionados;No seleccionados;Si;9;No;No;No;Vivo;;;
107;51;Hombre;27/04/17;6/05/17;9;Si;No;No;Obesidad (>=30 IMC);Si;> o igual 50%;No;No;No;No;No seleccionados;No seleccionados;No seleccionados;No seleccionados;No seleccionados;No seleccionados;No seleccionados;No seleccionados;No seleccionados;No seleccionados;No seleccionados;No seleccionados;;;;No;Seleccionados;No seleccionados;No seleccionados;No seleccionados;No seleccionados;No;No;Si;Seleccionados;No seleccionados;No seleccionados;No seleccionados;No seleccionados;No seleccionados;No seleccionados;No;Si, sin dialisis;No;No;No;No;No;Si;No;No;No;No information;27/04/17;No;No;Si;No;No;Seleccionados;No seleccionados;No seleccionados;No seleccionados;No seleccionados;No seleccionados;No seleccionados;No seleccionados;No;Seleccionados;No seleccionados;No seleccionados;No seleccionados;No seleccionados;No aplica;No;89;171;30,3;94;74;81;87;18;No;No;Si;No;Si;7440;1160;5600;8,2;352000;114;4,38;No information;2,37;24,3;No information;51;No information;468;3,45;135;25,2;34,5;Positivo;No;S. warneri;No;No;No;No;No;No;No information;Si;Si;30/04/17;65;Si;Seleccionados;No seleccionados;No seleccionados;No seleccionados;No seleccionados;No seleccionados;No seleccionados;No seleccionados;Seleccionados;No seleccionados;No seleccionados;No seleccionados;No seleccionados;No seleccionados;Seleccionados;No seleccionados;No seleccionados;No seleccionados;No seleccionados;No seleccionados;No information;30/04/17;Si;Si;Nativa;Aguda;Definitivo;no;No;No;No;Seleccionados;No seleccionados;No seleccionados;No seleccionados;No;No;No;No;No;No;No;No;No;Si;Seleccionados;Seleccionados;No seleccionados;No seleccionados;No seleccionados;No seleccionados;No seleccionados;No seleccionados;No seleccionados;No seleccionados;No seleccionados;No seleccionados;No seleccionados;No seleccionados;Seleccionados;No seleccionados;No seleccionados;No seleccionados;No seleccionados;No information;56;No;;;;;;No seleccionados;No seleccionados;No seleccionados;No seleccionados;No seleccionados;No seleccionados;No seleccionados;No seleccionados;Si;8;Si;Si;Si;Vivo;;;
108;53;Hombre;4/05/17;14/06/17;41;Si;Si;No;No;Si;< 40%;No;Si;No;No;No seleccionados;No seleccionados;No seleccionados;No seleccionados;No seleccionados;No seleccionados;No seleccionados;No seleccionados;No seleccionados;No seleccionados;No seleccionados;No seleccionados;;;;No;Seleccionados;No seleccionados;No seleccionados;No seleccionados;No seleccionados;No;No;No;Seleccionados;No seleccionados;No seleccionados;No seleccionados;No seleccionados;No seleccionados;No seleccionados;No;Si, sin dialisis;No;No;No;No;No;No;No;Si;No;No information;13/04/17;Si;No;No;Si;No;Seleccionados;No seleccionados;No seleccionados;No seleccionados;No seleccionados;No seleccionados;No seleccionados;No seleccionados;No;Seleccionados;No seleccionados;No seleccionados;No seleccionados;No seleccionados;Stevenson A;Shock  septico;70;184;20,7;120;51;74;115;20;No;No;No;No;No;19250;2130;16230;7,3;54000;8;33,91;No information;2,82;48,4;266;No information;No information;94,9;4,69;138;132;100;Positivo;Si, meticilino resistente;No;No;No;No;No;No;No;No information;Si;Si;5/05/15;65;No;No seleccionados;No seleccionados;No seleccionados;No seleccionados;No seleccionados;No seleccionados;No seleccionados;No seleccionados;No seleccionados;No seleccionados;No seleccionados;No seleccionados;No seleccionados;No seleccionados;Seleccionados;No seleccionados;No seleccionados;No seleccionados;No seleccionados;No seleccionados;No information;5/05/17;Si;Si;Nativa;Subaguda;Definitivo;Otro;ACV isquemico;No;Si;Seleccionados;No seleccionados;No seleccionados;No seleccionados;Si;No;Si;No;Si;No;No;No;No;Si;No seleccionados;Seleccionados;No seleccionados;No seleccionados;No seleccionados;No seleccionados;No seleccionados;No seleccionados;No seleccionados;No seleccionados;No seleccionados;No seleccionados;Seleccionados;No seleccionados;No seleccionados;No seleccionados;No seleccionados;Seleccionados;No seleccionados;Linezolid;56;No;;;;;;No seleccionados;No seleccionados;No seleccionados;No seleccionados;No seleccionados;No seleccionados;No seleccionados;No seleccionados;Si;30;Si;Si;Si;Vivo;;;
109;80;Mujer;24/10/17;7/11/17;14;Si;Si;No;Obesidad (>=30 IMC);No;;No;No;No;No;No seleccionados;No seleccionados;No seleccionados;No seleccionados;No seleccionados;No seleccionados;No seleccionados;No seleccionados;No seleccionados;No seleccionados;No seleccionados;No seleccionados;;;;No;Seleccionados;No seleccionados;No seleccionados;No seleccionados;No seleccionados;No;No;Si;Seleccionados;No seleccionados;No seleccionados;No seleccionados;No seleccionados;No seleccionados;No seleccionados;No;No;No;No;No;No;Urologico;No;No;No;No;Infeccion urinaria y artritis septica;24/10/17;Si;No;Si;Si;No;Seleccionados;No seleccionados;No seleccionados;No seleccionados;No seleccionados;No seleccionados;No seleccionados;No seleccionados;No;Seleccionados;No seleccionados;No seleccionados;No seleccionados;No seleccionados;No aplica;Shock  septico;98,3;156;40,4;107;46;66,3;99;20;No;No;No;No;No;21090;1330;18050;9,2;156000;106,9;45,49;No information;0,8;27;116;No information;No information;No information;3,72;147;41,6;23,8;Positivo;Si, meticilino sensible;No;No;No;No;No;No;No;No information;Si;Si;1/11/17;70;Si;Seleccionados;No seleccionados;No seleccionados;No seleccionados;No seleccionados;No seleccionados;No seleccionados;No seleccionados;Seleccionados;No seleccionados;No seleccionados;No seleccionados;No seleccionados;No seleccionados;Seleccionados;No seleccionados;No seleccionados;No seleccionados;No seleccionados;No seleccionados;No information;1/11/17;Si;Si;Nativa;Aguda;Definitivo;Periferico;No;No;No;Seleccionados;No seleccionados;No seleccionados;No seleccionados;Si;No;No;No;No;No;Si;No;No;Si;No seleccionados;Seleccionados;No seleccionados;No seleccionados;No seleccionados;No seleccionados;No seleccionados;No seleccionados;No seleccionados;No seleccionados;No seleccionados;No seleccionados;No seleccionados;No seleccionados;Seleccionados;No seleccionados;No seleccionados;No seleccionados;No seleccionados;No information;10;No;;;;;;No seleccionados;No seleccionados;No seleccionados;No seleccionados;No seleccionados;No seleccionados;No seleccionados;No seleccionados;Si;15;No;Si;Si;Muerto;Cardiovascular;No;No
110;75;Hombre;14/09/21;21/10/21;37;No;Si;No;Obesidad (>=30 IMC);No;;No;Si;No;Si;Seleccionados;No seleccionados;No seleccionados;No seleccionados;No seleccionados;No seleccionados;No seleccionados;Seleccionados;No seleccionados;No seleccionados;Seleccionados;No seleccionados;Si;No Aplica;Mitral;No;Seleccionados;No seleccionados;No seleccionados;No seleccionados;No seleccionados;No;No;No;Seleccionados;No seleccionados;No seleccionados;No seleccionados;No seleccionados;No seleccionados;No seleccionados;No;Si, con dialisis peritoneal;No;No;No;No;No;No;No;Si;No;No information;14/09/21;No;No;Si;Si;No;Seleccionados;No seleccionados;No seleccionados;No seleccionados;No seleccionados;No seleccionados;No seleccionados;No seleccionados;No;Seleccionados;No seleccionados;No seleccionados;No seleccionados;No seleccionados;No aplica;No;80;153;34,17;115;59;79;103;20;No;No;No;No;No;17800;850;14900;9,2;45000;No information;6,98;No information;2,83;56,9;70000;No information;No information;1,37;5,4;122;35,7;12,3;Positivo;No;S. epidermidis;No;No;No;No;Candida spp;Si;No information;Si;Si;16/09/21;55;No;No seleccionados;No seleccionados;No seleccionados;No seleccionados;No seleccionados;No seleccionados;No seleccionados;No seleccionados;No seleccionados;No seleccionados;No seleccionados;No seleccionados;No seleccionados;No seleccionados;Seleccionados;No seleccionados;No seleccionados;No seleccionados;No seleccionados;No seleccionados;No information;16/09/21;Si;Si;Protesica;Aguda;Definitivo;Periferico;ACV isquemico;No;No;Seleccionados;No seleccionados;No seleccionados;No seleccionados;No;No;No;No;No;No;No;No;No;Si;No seleccionados;Seleccionados;No seleccionados;Seleccionados;No seleccionados;No seleccionados;No seleccionados;No seleccionados;No seleccionados;No seleccionados;No seleccionados;No seleccionados;No seleccionados;No seleccionados;No seleccionados;No seleccionados;No seleccionados;Seleccionados;No seleccionados;Caspofungina;42;No;;;;;;No seleccionados;No seleccionados;No seleccionados;No seleccionados;No seleccionados;No seleccionados;No seleccionados;No seleccionados;Si;37;No;Si;No;Muerto;Cardiovascular;No;No
111;59;Mujer;10/03/20;19/06/20;101;Si;Si;Si;Obesidad (>=30 IMC);No;;No;No;No;No;No seleccionados;No seleccionados;No seleccionados;No seleccionados;No seleccionados;No seleccionados;No seleccionados;No seleccionados;No seleccionados;No seleccionados;No seleccionados;No seleccionados;;;;No;Seleccionados;No seleccionados;No seleccionados;No seleccionados;No seleccionados;No;No;Si;No seleccionados;No seleccionados;Seleccionados;No seleccionados;No seleccionados;No seleccionados;No seleccionados;No;No;No;No;No;No;Gastrointestinal;No;No;No;No;No information;21/03/20;Si;No;Si;No;No;Seleccionados;No seleccionados;No seleccionados;No seleccionados;No seleccionados;No seleccionados;No seleccionados;No seleccionados;No;Seleccionados;No seleccionados;No seleccionados;No seleccionados;No seleccionados;No aplica;No;108,5;172;35,7;124;73;90;63;18;No;No;No;No;Si;11380;230;10750;9,3;73000;13,44;14,4;No information;0,76;19,7;315;4,2;No information;369;4,65;130,8;45,5;35;Positivo;No;No;No;E. gallinarum;No;No;No;No;No information;Si;Si;7/04/20;65;No;No seleccionados;No seleccionados;No seleccionados;No seleccionados;No seleccionados;No seleccionados;No seleccionados;No seleccionados;No seleccionados;No seleccionados;No seleccionados;No seleccionados;No seleccionados;Seleccionados;No seleccionados;No seleccionados;No seleccionados;No seleccionados;No seleccionados;No seleccionados;No information;7/04/20;No;Si;Nativa;Subaguda;Definitivo;no;No;No;No;No seleccionados;No seleccionados;Seleccionados;No seleccionados;Si;No;Si;No;Si;No;Si;No;No;Si;Seleccionados;No seleccionados;No seleccionados;No seleccionados;No seleccionados;No seleccionados;No seleccionados;No seleccionados;No seleccionados;No seleccionados;No seleccionados;No seleccionados;No seleccionados;No seleccionados;No seleccionados;Seleccionados;No seleccionados;No seleccionados;No seleccionados;No information;42;No;;;;;;No seleccionados;No seleccionados;No seleccionados;No seleccionados;No seleccionados;No seleccionados;No seleccionados;No seleccionados;Si;20;No;Si;No;Vivo;;;
112;73;Hombre;27/02/18;1/03/18;2;Si;Si;No;No;No;;No;No;Si;Si;No seleccionados;No seleccionados;Seleccionados;No seleccionados;No seleccionados;No seleccionados;Seleccionados;No seleccionados;No seleccionados;No seleccionados;No seleccionados;No seleccionados;Si;No Aplica;Aortica;No;Seleccionados;No seleccionados;No seleccionados;No seleccionados;No seleccionados;No;No;No;Seleccionados;No seleccionados;No seleccionados;No seleccionados;No seleccionados;No seleccionados;No seleccionados;No;Si, sin dialisis;No;No;No;No;No;Si;No;No;No;No information;21/02/18;No;Si;No;No;No;No seleccionados;No seleccionados;No seleccionados;No seleccionados;No seleccionados;No seleccionados;Seleccionados;No seleccionados;No;Seleccionados;No seleccionados;No seleccionados;No seleccionados;No seleccionados;No aplica;Shock  septico;64;166;23,2;88;43;58;87;20;No;No;No;No;Si;13860;1110;11500;9,4;243000;No information;8,04;No information;1,77;47;No information;No information;No information;No information;5,04;130;139;218;Negativo;No;No;No;No;No;No;No;No;No information;No;Si;28/02/18;46;Si;No seleccionados;Seleccionados;No seleccionados;No seleccionados;No seleccionados;No seleccionados;No seleccionados;No seleccionados;Seleccionados;No seleccionados;Seleccionados;No seleccionados;No seleccionados;Seleccionados;No seleccionados;No seleccionados;No seleccionados;No seleccionados;No seleccionados;No seleccionados;No information;28/02/18;Si;Si;Protesica;Aguda;Definitivo;no;ACV isquemico;Si;No;Seleccionados;No seleccionados;No seleccionados;No seleccionados;Si;No;No;No;No;No;No;No;No;Si;Seleccionados;Seleccionados;No seleccionados;No seleccionados;No seleccionados;No seleccionados;No seleccionados;No seleccionados;No seleccionados;No seleccionados;No seleccionados;No seleccionados;No seleccionados;No seleccionados;No seleccionados;No seleccionados;No seleccionados;No seleccionados;No seleccionados;No information;1;No;;;;;;No seleccionados;No seleccionados;No seleccionados;No seleccionados;No seleccionados;No seleccionados;No seleccionados;No seleccionados;Si;1;Si;Si;No;Muerto;Cardiovascular;No;No
113;81;Hombre;4/09/18;7/09/18;3;Si;No;No;Sobrepeso (>=25-29.9 IMC);Si;< 40%;Si;Si;No;Si;Seleccionados;No seleccionados;No seleccionados;No seleccionados;No seleccionados;No seleccionados;No seleccionados;No seleccionados;No seleccionados;No seleccionados;Seleccionados;No seleccionados;Si;Aortica;No aplica;No;No seleccionados;No seleccionados;No seleccionados;Seleccionados;No seleccionados;No;No;No;Seleccionados;No seleccionados;No seleccionados;No seleccionados;No seleccionados;No seleccionados;No seleccionados;No;No;No;No;No;No;No;No;No;No;No;No information;4/09/18;Si;Si;Si;No;No;Seleccionados;No seleccionados;No seleccionados;No seleccionados;No seleccionados;No seleccionados;No seleccionados;No seleccionados;No;Seleccionados;No seleccionados;No seleccionados;No seleccionados;No seleccionados;Stevenson B;Sepsis;78;165;28,7;106;57;73;68;24;No;No;No;No;No;16330;210;15330;13,4;64000;No information;27;No information;4,5;88;513;4,2;No information;No information;4,2;136;61,9;22,9;Positivo;Si, meticilino sensible;No;No;No;No;No;No;No;No information;Si;Si;5/09/18;45;No;No seleccionados;No seleccionados;No seleccionados;No seleccionados;No seleccionados;No seleccionados;No seleccionados;No seleccionados;No seleccionados;No seleccionados;No seleccionados;No seleccionados;No seleccionados;Seleccionados;No seleccionados;No seleccionados;No seleccionados;No seleccionados;No seleccionados;No seleccionados;No information;5/09/18;Si;Si;Protesica;Subaguda;Definitivo;no;No;No;No;Seleccionados;No seleccionados;No seleccionados;No seleccionados;Si;No;No;No;No;No;Si;No;No;Si;No seleccionados;Seleccionados;No seleccionados;No seleccionados;No seleccionados;No seleccionados;No seleccionados;No seleccionados;No seleccionados;No seleccionados;No seleccionados;No seleccionados;No seleccionados;No seleccionados;Seleccionados;No seleccionados;No seleccionados;No seleccionados;No seleccionados;No information;1;No;;;;;;No seleccionados;No seleccionados;No seleccionados;No seleccionados;No seleccionados;No seleccionados;No seleccionados;No seleccionados;Si;1;Si;Si;Si;Muerto;Cardiovascular;No;No
114;83;Hombre;21/02/19;24/02/19;3;Si;No;No;No;No;;No;Si;No;No;No seleccionados;No seleccionados;No seleccionados;No seleccionados;No seleccionados;No seleccionados;No seleccionados;No seleccionados;No seleccionados;No seleccionados;No seleccionados;No seleccionados;;;;Si;Seleccionados;No seleccionados;No seleccionados;No seleccionados;No seleccionados;No;No;No;Seleccionados;No seleccionados;No seleccionados;No seleccionados;No seleccionados;No seleccionados;No seleccionados;No;Si, con dialisis peritoneal;No;No;No;Si;No;No;No;No;No;No information;21/02/19;Si;No;No;Si;No;Seleccionados;No seleccionados;No seleccionados;No seleccionados;No seleccionados;No seleccionados;No seleccionados;No seleccionados;No;Seleccionados;No seleccionados;No seleccionados;No seleccionados;No seleccionados;No aplica;Sepsis;60;168;21,3;89;48;61;68;16;No;No;No;No;No;31250;770;29330;6,9;60000;No information;7,58;No information;4,9;78;No information;No information;No information;No information;3,03;137;49,8;40,2;Positivo;No;No;No;Otro;No;No;No;No;Enterococcusavium;Si;Si;22/02/19;55;Si;Seleccionados;No seleccionados;No seleccionados;No seleccionados;No seleccionados;No seleccionados;No seleccionados;No seleccionados;Seleccionados;No seleccionados;No seleccionados;No seleccionados;No seleccionados;No seleccionados;Seleccionados;No seleccionados;No seleccionados;No seleccionados;No seleccionados;No seleccionados;No information;22/02/19;No;Si;Nativa;Aguda;Definitivo;no;No;No;No;Seleccionados;No seleccionados;No seleccionados;No seleccionados;No;No;No;No;No;No;No;No;No;Si;No seleccionados;Seleccionados;No seleccionados;No seleccionados;No seleccionados;No seleccionados;No seleccionados;Seleccionados;No seleccionados;No seleccionados;No seleccionados;No seleccionados;No seleccionados;No seleccionados;No seleccionados;No seleccionados;No seleccionados;No seleccionados;No seleccionados;No information;1;No;;;;;;No seleccionados;No seleccionados;No seleccionados;No seleccionados;No seleccionados;No seleccionados;No seleccionados;No seleccionados;Si;3;Si;No;Si;Muerto;No cardiovascular;No;No
115;84;Hombre;12/08/20;21/08/20;9;No;No;No;No;No;;No;No;No;No;No seleccionados;No seleccionados;No seleccionados;No seleccionados;No seleccionados;No seleccionados;No seleccionados;No seleccionados;No seleccionados;No seleccionados;No seleccionados;No seleccionados;;;;No;Seleccionados;No seleccionados;No seleccionados;No seleccionados;No seleccionados;No;No;Si;Seleccionados;No seleccionados;No seleccionados;No seleccionados;No seleccionados;No seleccionados;No seleccionados;No;No;No;No;No;No;Urologico;No;No;No;No;ITU complicada 2 semanas previas;12/08/20;Si;No;No;Si;No;Seleccionados;No seleccionados;No seleccionados;No seleccionados;No seleccionados;No seleccionados;No seleccionados;No seleccionados;No;Seleccionados;No seleccionados;No seleccionados;No seleccionados;No seleccionados;No aplica;No;65;165;23,9;102;43;62;89;22;No;No;No;No;No;14660;690;13080;7,2;167000;No information;4,5;No information;0,8;19;No information;No information;No information;No information;3,7;144;38,1;50,4;Positivo;No;No;No;No;No;Pseudomonas spp;No;No;No information;Si;Si;18/08/20;80;Si;Seleccionados;No seleccionados;No seleccionados;No seleccionados;No seleccionados;No seleccionados;No seleccionados;Seleccionados;Seleccionados;No seleccionados;No seleccionados;No seleccionados;No seleccionados;Seleccionados;Seleccionados;No seleccionados;No seleccionados;No seleccionados;No seleccionados;No seleccionados;No information;18/08/20;No;Si;Nativa;Aguda;Definitivo;no;No;No;No;Seleccionados;No seleccionados;No seleccionados;No seleccionados;Si;No;No;No;Si;No;No;No;No;Si;No seleccionados;Seleccionados;No seleccionados;Seleccionados;No seleccionados;No seleccionados;No seleccionados;No seleccionados;No seleccionados;No seleccionados;No seleccionados;No seleccionados;No seleccionados;No seleccionados;No seleccionados;No seleccionados;No seleccionados;No seleccionados;No seleccionados;No information;7;No;;;;;;No seleccionados;No seleccionados;No seleccionados;No seleccionados;No seleccionados;No seleccionados;No seleccionados;No seleccionados;Si;9;Si;No;Si;Muerto;Cardiovascular;No;No
116;47;Mujer;11/09/21;15/09/21;4;No;Si;Si;Obesidad (>=30 IMC);No;;No;No;No;No;No seleccionados;No seleccionados;No seleccionados;No seleccionados;No seleccionados;No seleccionados;No seleccionados;No seleccionados;No seleccionados;No seleccionados;No seleccionados;No seleccionados;;;;No;No seleccionados;No seleccionados;No seleccionados;Seleccionados;No seleccionados;No;No;No;Seleccionados;No seleccionados;No seleccionados;No seleccionados;No seleccionados;No seleccionados;No seleccionados;No;No;No;Hipotiroidismo;No;No;No;Si;No;No;No;No information;7/09/21;No;No;No;Si;No;Seleccionados;No seleccionados;No seleccionados;No seleccionados;No seleccionados;No seleccionados;No seleccionados;No seleccionados;No;Seleccionados;No seleccionados;No seleccionados;No seleccionados;No seleccionados;No aplica;Sepsis;121,75;175;39,7;140;70;96;98;20;No;No;No;No;No;24810;3040;19010;9,7;93000;No information;11,69;No information;0,69;5,9;No information;No information;No information;No information;3,99;136;101;30;Positivo;No;S. epidermidis;No;No;No;No;No;Si;Staphylococcuslugdunensis;Si;Si;14/09/21;60;Si;Seleccionados;No seleccionados;No seleccionados;No seleccionados;No seleccionados;No seleccionados;No seleccionados;No seleccionados;No seleccionados;No seleccionados;Seleccionados;No seleccionados;No seleccionados;No seleccionados;No seleccionados;No seleccionados;Seleccionados;No seleccionados;Seleccionados;No seleccionados;Auricula derecha ;14/09/21;Si;Si;Nativa;Aguda;Definitivo;Otro;No;No;No;Seleccionados;No seleccionados;No seleccionados;No seleccionados;Si;No;No;No;No;No;No;No;No;Si;No seleccionados;Seleccionados;No seleccionados;No seleccionados;No seleccionados;No seleccionados;No seleccionados;No seleccionados;No seleccionados;No seleccionados;No seleccionados;No seleccionados;No seleccionados;No seleccionados;No seleccionados;No seleccionados;No seleccionados;Seleccionados;No seleccionados;Cefazolina;3;Si;Endovascular;Ninguno;Ninguno;;Retiro percutaneo;Seleccionados;No seleccionados;No seleccionados;No seleccionados;No seleccionados;No seleccionados;No seleccionados;No seleccionados;No;4;Si;Si;No;Muerto;Cardiovascular;Si;No
117;65;Hombre;22/05/21;3/06/21;12;No;Si;No;Sobrepeso (>=25-29.9 IMC);No;;Si;No;No;Si;Seleccionados;No seleccionados;No seleccionados;No seleccionados;No seleccionados;No seleccionados;No seleccionados;Seleccionados;No seleccionados;No seleccionados;Seleccionados;No seleccionados;Si;No Aplica;Mitral;No;No seleccionados;No seleccionados;No seleccionados;Seleccionados;No seleccionados;Si;No;No;Seleccionados;No seleccionados;No seleccionados;No seleccionados;No seleccionados;No seleccionados;No seleccionados;No;Si, con hemodialisis;No;No;No;No;No;No;No;No;No;No information;21/05/21;Si;No;Si;No;No;Seleccionados;No seleccionados;No seleccionados;No seleccionados;No seleccionados;No seleccionados;No seleccionados;No seleccionados;No;Seleccionados;No seleccionados;No seleccionados;No seleccionados;No seleccionados;No aplica;Sepsis;82;174;27,1;166;77;106;90;18;No;No;No;No;No;9840;390;8800;10,8;201000;No information;1,74;No information;5,11;76;No information;No information;No information;No information;5,19;145;13,6;10;Positivo;No;No;S. pyogenes;No;Haemophilus spp;No;Candida spp;Si;No information;Si;Si;24/05/21;50;Si;Seleccionados;No seleccionados;No seleccionados;No seleccionados;No seleccionados;No seleccionados;No seleccionados;No seleccionados;No seleccionados;No seleccionados;Seleccionados;No seleccionados;No seleccionados;No seleccionados;Seleccionados;No seleccionados;No seleccionados;No seleccionados;No seleccionados;No seleccionados;No information;24/05/21;Si;Si;Protesica;Aguda;Definitivo;no;No;No;No;Seleccionados;No seleccionados;No seleccionados;No seleccionados;No;No;No;No;No;No;No;No;No;Si;Seleccionados;Seleccionados;No seleccionados;No seleccionados;No seleccionados;No seleccionados;No seleccionados;No seleccionados;No seleccionados;No seleccionados;No seleccionados;No seleccionados;No seleccionados;No seleccionados;No seleccionados;No seleccionados;No seleccionados;No seleccionados;No seleccionados;No information;14;No;;;;;;No seleccionados;No seleccionados;No seleccionados;No seleccionados;No seleccionados;No seleccionados;No seleccionados;No seleccionados;No;0;No;No;No;Vivo;;;
118;76;Hombre;16/01/21;25/01/21;9;Si;No;No;No;Si;40-49%;No;No;No;Si;No seleccionados;No seleccionados;Seleccionados;No seleccionados;No seleccionados;No seleccionados;Seleccionados;No seleccionados;No seleccionados;No seleccionados;No seleccionados;No seleccionados;Si;No Aplica;Aortica;No;Seleccionados;No seleccionados;No seleccionados;No seleccionados;No seleccionados;No;No;No;Seleccionados;No seleccionados;No seleccionados;No seleccionados;No seleccionados;No seleccionados;No seleccionados;No;Si, sin dialisis;No;No;No;No;No;No;No;No;No;No information;8/01/21;Si;Si;Si;No;Si;Seleccionados;No seleccionados;No seleccionados;No seleccionados;No seleccionados;No seleccionados;No seleccionados;No seleccionados;No;Seleccionados;No seleccionados;No seleccionados;No seleccionados;No seleccionados;No aplica;No;50;170;17,3;92;62;72;78;17;No;No;No;No;No;22740;690;20850;9,7;34000;415;29,4;No information;1,93;60,4;42955;No information;No information;63700;4,6;132;100;310;Positivo;Si, meticilino sensible;No;No;No;No;No;No;No;No information;Si;Si;18/01/21;45;Si;No seleccionados;Seleccionados;No seleccionados;No seleccionados;No seleccionados;No seleccionados;Seleccionados;No seleccionados;No seleccionados;No seleccionados;No seleccionados;No seleccionados;No seleccionados;Seleccionados;No seleccionados;Seleccionados;No seleccionados;No seleccionados;No seleccionados;No seleccionados;No information;18/01/21;Si;Si;Protesica;Aguda;Definitivo;no;ACV hemorragico;Si;No;Seleccionados;No seleccionados;Seleccionados;No seleccionados;Si;No;No;No;No;No;No;No;No;Si;No seleccionados;Seleccionados;No seleccionados;No seleccionados;No seleccionados;No seleccionados;No seleccionados;Seleccionados;No seleccionados;No seleccionados;No seleccionados;No seleccionados;No seleccionados;Seleccionados;Seleccionados;No seleccionados;No seleccionados;No seleccionados;No seleccionados;No information;8;No;;;;;;No seleccionados;No seleccionados;No seleccionados;No seleccionados;No seleccionados;No seleccionados;No seleccionados;No seleccionados;Si;8;Si;Si;No;Muerto;Cardiovascular;No;No
119;69;Hombre;9/01/17;2/04/17;83;Si;No;Si;No;Si;> o igual 50%;No;Si;No;Si;Seleccionados;No seleccionados;No seleccionados;No seleccionados;No seleccionados;No seleccionados;No seleccionados;No seleccionados;No seleccionados;No seleccionados;Seleccionados;No seleccionados;Si;No Aplica;Mitral;No;Seleccionados;No seleccionados;No seleccionados;No seleccionados;No seleccionados;No;No;Si;No seleccionados;No seleccionados;No seleccionados;Seleccionados;No seleccionados;No seleccionados;No seleccionados;No;No;Si;No;No;No;No;No;Si;Si;No;No information;24/12/16;No;Si;No;Si;Si;Seleccionados;No seleccionados;No seleccionados;No seleccionados;No seleccionados;No seleccionados;No seleccionados;No seleccionados;No;Seleccionados;No seleccionados;No seleccionados;No seleccionados;No seleccionados;Stevenson B;No;50;178;15,8;153;59;87;98;18;No;No;Si;No;Si;20750;550;19720;7,2;169000;No information;7,12;No information;0,7;21;24293;No information;No information;No information;4,3;125;52;34,8;Positivo;No;No;S. viridans;No;No;No;No;No;No information;Si;Si;11/01/17;65;Si;Seleccionados;No seleccionados;No seleccionados;No seleccionados;No seleccionados;No seleccionados;No seleccionados;Seleccionados;Seleccionados;No seleccionados;Seleccionados;No seleccionados;No seleccionados;No seleccionados;Seleccionados;No seleccionados;No seleccionados;No seleccionados;No seleccionados;No seleccionados;No information;11/01/17;No;Si;Nativa;Subaguda;Definitivo;no;ACV hemorragico;Si;No;Seleccionados;No seleccionados;No seleccionados;No seleccionados;No;No;No;Si;Si;No;No;No;No;Si;Seleccionados;Seleccionados;No seleccionados;No seleccionados;No seleccionados;No seleccionados;No seleccionados;No seleccionados;No seleccionados;No seleccionados;No seleccionados;No seleccionados;No seleccionados;No seleccionados;No seleccionados;No seleccionados;No seleccionados;No seleccionados;No seleccionados;No information;32;Si;Endovascular;Protesis biologica;Ninguno;;No;Seleccionados;No seleccionados;No seleccionados;No seleccionados;No seleccionados;No seleccionados;No seleccionados;No seleccionados;Si;20;Si;No;Si;Muerto;No cardiovascular;No;No
120;26;Hombre;16/03/17;2/05/17;47;No;No;No;No;No;;No;No;No;No;No seleccionados;No seleccionados;No seleccionados;No seleccionados;No seleccionados;No seleccionados;No seleccionados;No seleccionados;No seleccionados;No seleccionados;No seleccionados;No seleccionados;;;;No;Seleccionados;No seleccionados;No seleccionados;No seleccionados;No seleccionados;No;No;No;Seleccionados;No seleccionados;No seleccionados;No seleccionados;No seleccionados;No seleccionados;No seleccionados;No;No;No;No;No;No;No;No;No;No;Si;Desnutricion ;16/03/17;Si;Si;No;Si;Si;Seleccionados;No seleccionados;No seleccionados;No seleccionados;No seleccionados;No seleccionados;No seleccionados;No seleccionados;No;Seleccionados;No seleccionados;No seleccionados;No seleccionados;No seleccionados;No aplica;No;57;180;17,6;83;50;61;116;26;No;Si;Si;No;No;12890;1760;9510;7,8;413000;58;12,17;No information;0,86;12,3;No information;No information;No information;No information;4,56;137;8,1;7,3;Positivo;Si, meticilino sensible;S. epidermidis;No;No;No;Serratia marcescens;No;Si;No information;Si;Si;17/03/17;70;Si;Seleccionados;No seleccionados;No seleccionados;No seleccionados;No seleccionados;No seleccionados;No seleccionados;No seleccionados;No seleccionados;No seleccionados;Seleccionados;No seleccionados;No seleccionados;No seleccionados;Seleccionados;No seleccionados;No seleccionados;No seleccionados;No seleccionados;No seleccionados;No information;17/03/17;No;Si;Nativa;Aguda;Definitivo;Pulmon;No;No;No;Seleccionados;No seleccionados;No seleccionados;No seleccionados;No;No;No;No;No;No;No;No;No;Si;No seleccionados;Seleccionados;No seleccionados;No seleccionados;No seleccionados;No seleccionados;No seleccionados;No seleccionados;No seleccionados;No seleccionados;No seleccionados;No seleccionados;No seleccionados;No seleccionados;Seleccionados;No seleccionados;No seleccionados;No seleccionados;No seleccionados;No information;27;No;;;;;;No seleccionados;No seleccionados;No seleccionados;No seleccionados;No seleccionados;No seleccionados;No seleccionados;No seleccionados;No;0;No;No;No;Vivo;;;
121;83;Hombre;3/09/18;5/09/18;2;Si;Si;Si;No;No;;No;Si;No;Si;Seleccionados;No seleccionados;No seleccionados;No seleccionados;No seleccionados;No seleccionados;No seleccionados;No seleccionados;Seleccionados;No seleccionados;No seleccionados;No seleccionados;Si;No Aplica;Aortica;Si;Seleccionados;No seleccionados;No seleccionados;No seleccionados;No seleccionados;No;No;Si;Seleccionados;No seleccionados;No seleccionados;No seleccionados;No seleccionados;No seleccionados;No seleccionados;No;Si, sin dialisis;No;No;No;No;No;No;No;Si;No;No information;27/08/18;Si;Si;Si;Si;Si;Seleccionados;No seleccionados;No seleccionados;No seleccionados;No seleccionados;No seleccionados;No seleccionados;No seleccionados;No;Seleccionados;No seleccionados;No seleccionados;No seleccionados;No seleccionados;No aplica;Shock  septico;68;160;26,6;118;82;94;104;20;No;No;Si;No;No;17230;1290;14220;10,5;107000;No information;30,52;No information;2,29;41,1;No information;No information;No information;No information;5,28;140;70,7;37,7;Positivo;No;No;No;No;No;No;Candida spp;No;No information;No;Si;3/09/18;40;No;No seleccionados;No seleccionados;No seleccionados;No seleccionados;No seleccionados;No seleccionados;No seleccionados;No seleccionados;No seleccionados;No seleccionados;No seleccionados;No seleccionados;No seleccionados;Seleccionados;No seleccionados;No seleccionados;No seleccionados;No seleccionados;No seleccionados;No seleccionados;No information;3/09/18;Si;Si;Protesica;Aguda;Definitivo;Periferico;ACV isquemico;No;No;Seleccionados;No seleccionados;No seleccionados;No seleccionados;Si;No;Si;No;Si;No;No;No;No;Si;Seleccionados;Seleccionados;No seleccionados;Seleccionados;No seleccionados;No seleccionados;No seleccionados;No seleccionados;No seleccionados;No seleccionados;No seleccionados;No seleccionados;No seleccionados;No seleccionados;No seleccionados;No seleccionados;No seleccionados;Seleccionados;No seleccionados;Caspofungina;1;No;;;;;;No seleccionados;No seleccionados;No seleccionados;No seleccionados;No seleccionados;No seleccionados;No seleccionados;No seleccionados;Si;2;Si;Si;Si;Muerto;Cardiovascular;Si;No
122;55;Hombre;29/01/18;21/02/18;23;Si;Si;Si;No;No;;No;No;No;Si;No seleccionados;No seleccionados;Seleccionados;No seleccionados;No seleccionados;No seleccionados;Seleccionados;No seleccionados;No seleccionados;No seleccionados;No seleccionados;No seleccionados;No;;;No;Seleccionados;No seleccionados;No seleccionados;No seleccionados;No seleccionados;No;No;No;Seleccionados;No seleccionados;No seleccionados;No seleccionados;No seleccionados;No seleccionados;No seleccionados;No;No;No;No;No;No;No;Si;No;Si;No;Bacteremia hace 2 meses refractaria a atb;29/09/17;Si;Si;Si;No;No;No seleccionados;Seleccionados;Seleccionados;No seleccionados;No seleccionados;No seleccionados;No seleccionados;No seleccionados;No;Seleccionados;No seleccionados;No seleccionados;No seleccionados;No seleccionados;Stevenson B;No;72;175;23;114;53;73;84;20;No;No;No;Si;Si;7490;1940;4780;11,7;242000;9;4,6;No information;0,65;9;No information;13;No information;No information;4,4;141;69;109;Negativo;No;No;No;No;No;No;No;No;no;No;Si;30/01/18;60;Si;Seleccionados;No seleccionados;No seleccionados;No seleccionados;No seleccionados;No seleccionados;No seleccionados;Seleccionados;No seleccionados;No seleccionados;No seleccionados;No seleccionados;No seleccionados;Seleccionados;No seleccionados;No seleccionados;No seleccionados;No seleccionados;No seleccionados;No seleccionados;No information;30/01/18;Si;Si;Nativa;Cronica;Definitivo;no;No;Si;No;No seleccionados;No seleccionados;Seleccionados;No seleccionados;No;No;No;No;No;No;No;No;No;Si;No seleccionados;Seleccionados;No seleccionados;Seleccionados;No seleccionados;No seleccionados;No seleccionados;Seleccionados;No seleccionados;No seleccionados;No seleccionados;No seleccionados;Seleccionados;No seleccionados;No seleccionados;No seleccionados;No seleccionados;Seleccionados;No seleccionados;ciprofloxacino;24;Si;Abierta;Protesis biologica;Ninguno;;No;No seleccionados;No seleccionados;No seleccionados;Seleccionados;No seleccionados;No seleccionados;No seleccionados;No seleccionados;Si;20;Si;Si;Si;Vivo;;;
123;52;Hombre;30/03/18;8/04/18;9;Si;No;Si;No;No;;No;No;No;No;No seleccionados;No seleccionados;No seleccionados;No seleccionados;No seleccionados;No seleccionados;No seleccionados;No seleccionados;No seleccionados;No seleccionados;No seleccionados;No seleccionados;;;;No;Seleccionados;No seleccionados;No seleccionados;No seleccionados;No seleccionados;No;Si;Si;Seleccionados;No seleccionados;No seleccionados;No seleccionados;No seleccionados;No seleccionados;No seleccionados;No;Si, con hemodialisis;No;No;No;Si;No;No;No;Si;No;Masa abscedada en region mandibular izquierda 3 meses previos;26/02/18;No;Si;No;No;No;Seleccionados;No seleccionados;No seleccionados;No seleccionados;No seleccionados;No seleccionados;No seleccionados;No seleccionados;No;Seleccionados;No seleccionados;No seleccionados;No seleccionados;No seleccionados;No aplica;Sepsis;70;182;21,1;137;72;93;71;15;No;No;Si;No;Si;12990;720;11820;5;68000;18,5;14;No information;3,34;67;No information;10,6;No information;No information;5,6;136;45;18;Positivo;No;No;No;E. faecalis;No;Proteus  mirabilis;No;Si;No information;Si;Si;31/03/18;60;Si;Seleccionados;No seleccionados;No seleccionados;No seleccionados;No seleccionados;No seleccionados;No seleccionados;Seleccionados;Seleccionados;No seleccionados;No seleccionados;No seleccionados;No seleccionados;Seleccionados;Seleccionados;No seleccionados;No seleccionados;No seleccionados;No seleccionados;No seleccionados;No information;31/03/18;Si;Si;Nativa;Subaguda;Definitivo;no;No;No;No;Seleccionados;No seleccionados;No seleccionados;No seleccionados;Si;No;No;No;Si;No;No;No;No;Si;No seleccionados;Seleccionados;No seleccionados;Seleccionados;No seleccionados;No seleccionados;No seleccionados;No seleccionados;No seleccionados;No seleccionados;No seleccionados;No seleccionados;Seleccionados;No seleccionados;No seleccionados;No seleccionados;No seleccionados;No seleccionados;No seleccionados;No information;31;No;;;;;;No seleccionados;No seleccionados;No seleccionados;No seleccionados;No seleccionados;No seleccionados;No seleccionados;No seleccionados;Si;10;Si;Si;Si;Muerto;No cardiovascular;No;Si
124;74;Hombre;1/06/18;17/06/18;16;Si;No;No;Obesidad (>=30 IMC);Si;40-49%;No;No;No;Si;Seleccionados;No seleccionados;No seleccionados;No seleccionados;No seleccionados;No seleccionados;No seleccionados;No seleccionados;Seleccionados;No seleccionados;No seleccionados;No seleccionados;Si;No Aplica;Aortica;No;Seleccionados;No seleccionados;No seleccionados;No seleccionados;No seleccionados;No;No;No;Seleccionados;No seleccionados;No seleccionados;No seleccionados;No seleccionados;No seleccionados;No seleccionados;No;No;No;Hipotiroidismo;No;No;No;Si;No;Si;No;No information;26/05/18;No;Si;Si;No;Si;Seleccionados;No seleccionados;No seleccionados;No seleccionados;No seleccionados;No seleccionados;No seleccionados;No seleccionados;No;Seleccionados;No seleccionados;No seleccionados;No seleccionados;No seleccionados;Stevenson C;No;80;163;30,1;94;67;76;88;27;No;No;No;No;Si;8600;1470;6230;10,3;209000;No information;6,18;15,4;1,04;27,2;No information;No information;No information;No information;3,74;142;9,5;10,3;Positivo;Si, meticilino resistente;No;S. gallolyticus  (bovis);No;No;No;No;No;No information;Si;Si;7/06/18;29;Si;No seleccionados;Seleccionados;No seleccionados;No seleccionados;No seleccionados;No seleccionados;No seleccionados;Seleccionados;Seleccionados;No seleccionados;No seleccionados;No seleccionados;No seleccionados;Seleccionados;No seleccionados;No seleccionados;No seleccionados;No seleccionados;No seleccionados;No seleccionados;No information;7/06/18;Si;Si;Protesica;Aguda;Definitivo;no;No;Si;No;Seleccionados;No seleccionados;No seleccionados;No seleccionados;No;No;No;No;No;No;Si;No;No;Si;Seleccionados;Seleccionados;No seleccionados;Seleccionados;No seleccionados;No seleccionados;No seleccionados;No seleccionados;No seleccionados;No seleccionados;No seleccionados;No seleccionados;No seleccionados;No seleccionados;No seleccionados;No seleccionados;No seleccionados;No seleccionados;No seleccionados;Ninguno;21;No;;;;;;No seleccionados;No seleccionados;No seleccionados;No seleccionados;No seleccionados;No seleccionados;No seleccionados;No seleccionados;Si;12;Si;Si;No;Muerto;No cardiovascular;No;No
125;61;Hombre;5/05/18;3/07/18;59;Si;Si;Si;Sobrepeso (>=25-29.9 IMC);No;;No;No;No;No;No seleccionados;No seleccionados;No seleccionados;No seleccionados;No seleccionados;No seleccionados;No seleccionados;No seleccionados;No seleccionados;No seleccionados;No seleccionados;No seleccionados;;;;No;Seleccionados;No seleccionados;No seleccionados;No seleccionados;No seleccionados;No;No;No;Seleccionados;No seleccionados;No seleccionados;No seleccionados;No seleccionados;No seleccionados;No seleccionados;No;Si, con hemodialisis;No;No;No;Si;No;No;No;Si;No;No information;1/05/18;Si;Si;Si;Si;No;Seleccionados;No seleccionados;No seleccionados;No seleccionados;No seleccionados;No seleccionados;No seleccionados;No seleccionados;No;Seleccionados;No seleccionados;No seleccionados;No seleccionados;No seleccionados;No aplica;Shock  septico;80;178;25,2;139;44;65;99;27;No;No;No;No;No;15290;1000;12570;7,2;45000;450;65;No information;5,7;52;No information;No information;No information;No information;4,4;138;32;42;Positivo;Si, meticilino sensible;No;No;No;No;No;No;No;No information;Si;Si;7/05/18;50;No;No seleccionados;No seleccionados;No seleccionados;No seleccionados;No seleccionados;No seleccionados;No seleccionados;No seleccionados;No seleccionados;No seleccionados;No seleccionados;No seleccionados;No seleccionados;No seleccionados;No seleccionados;No seleccionados;No seleccionados;Seleccionados;No seleccionados;No seleccionados;No information;7/05/18;Si;Si;Asociada a cateter;Aguda;Definitivo;no;No;No;No;No seleccionados;No seleccionados;Seleccionados;No seleccionados;Si;No;No;No;No;No;No;No;No;Si;No seleccionados;Seleccionados;No seleccionados;Seleccionados;No seleccionados;No seleccionados;No seleccionados;No seleccionados;No seleccionados;No seleccionados;No seleccionados;No seleccionados;No seleccionados;No seleccionados;Seleccionados;No seleccionados;No seleccionados;No seleccionados;No seleccionados;No information;56;No;;;;;;No seleccionados;No seleccionados;No seleccionados;No seleccionados;No seleccionados;No seleccionados;No seleccionados;No seleccionados;Si;58;Si;Si;Si;Muerto;No cardiovascular;No;No
126;79;Hombre;10/07/18;5/08/18;26;Si;Si;Si;No;No;;No;No;No;Si;Seleccionados;No seleccionados;No seleccionados;No seleccionados;No seleccionados;No seleccionados;No seleccionados;No seleccionados;No seleccionados;No seleccionados;Seleccionados;No seleccionados;Si;Mitral;No aplica;No;Seleccionados;No seleccionados;No seleccionados;No seleccionados;No seleccionados;No;No;Si;Seleccionados;No seleccionados;No seleccionados;No seleccionados;No seleccionados;No seleccionados;No seleccionados;No;Si, sin dialisis;No;No;No;No;No;No;No;No;No;No information;8/07/18;No;No;Si;Si;No;Seleccionados;No seleccionados;No seleccionados;No seleccionados;No seleccionados;No seleccionados;No seleccionados;No seleccionados;No;Seleccionados;No seleccionados;No seleccionados;No seleccionados;No seleccionados;No aplica;No;54;172;18,2;145;69;96;84;25;No;No;Si;No;No;15650;2250;12100;10;196000;No information;11;No information;1,5;44;No information;No information;No information;No information;3,9;149;26;27;Positivo;No;No;S. pyogenes;No;No;No;No;Si;Streptococcuszooepidemicus;Si;Si;16/07/18;35;No;No seleccionados;No seleccionados;No seleccionados;No seleccionados;No seleccionados;No seleccionados;No seleccionados;No seleccionados;No seleccionados;No seleccionados;No seleccionados;No seleccionados;No seleccionados;No seleccionados;Seleccionados;No seleccionados;No seleccionados;No seleccionados;No seleccionados;No seleccionados;No information;16/07/18;Si;Si;Protesica;Aguda;Definitivo;Otro;ACV hemorragico;No;No;Seleccionados;No seleccionados;No seleccionados;No seleccionados;Si;No;No;Si;No;No;No;No;No;Si;Seleccionados;Seleccionados;No seleccionados;No seleccionados;No seleccionados;No seleccionados;No seleccionados;No seleccionados;No seleccionados;No seleccionados;No seleccionados;No seleccionados;No seleccionados;No seleccionados;No seleccionados;No seleccionados;No seleccionados;No seleccionados;No seleccionados;No information;28;No;;;;;;No seleccionados;No seleccionados;No seleccionados;No seleccionados;No seleccionados;No seleccionados;No seleccionados;No seleccionados;Si;24;No;Si;Si;Muerto;No cardiovascular;No;No
127;23;Mujer;11/03/19;8/04/19;28;No;No;No;No;Si;> o igual 50%;No;No;No;Si;No seleccionados;No seleccionados;No seleccionados;Seleccionados;No seleccionados;No seleccionados;Seleccionados;No seleccionados;No seleccionados;No seleccionados;No seleccionados;No seleccionados;Si;No Aplica;Pulmonar;Si;Seleccionados;No seleccionados;No seleccionados;No seleccionados;No seleccionados;No;No;No;Seleccionados;No seleccionados;No seleccionados;No seleccionados;No seleccionados;No seleccionados;No seleccionados;No;No;No;No;Si;No;No;Si;No;No;No;Mediastinitis reciente (2 meses);6/03/19;No;No;No;Si;Si;Seleccionados;No seleccionados;No seleccionados;No seleccionados;No seleccionados;No seleccionados;No seleccionados;No seleccionados;No;Seleccionados;No seleccionados;No seleccionados;No seleccionados;No seleccionados;Stevenson A;Shock  septico;50;154;21,1;135;55;81;98;17;No;No;No;Si;No;7480;1150;5540;8,8;228000;No information;6,3;No information;0,7;29;11038;347;No information;No information;3,1;141;7,4;9,4;Positivo;Si, meticilino sensible;No;No;No;No;No;No;No;No information;Si;Si;13/03/19;55;Si;Seleccionados;No seleccionados;No seleccionados;No seleccionados;No seleccionados;No seleccionados;No seleccionados;No seleccionados;No seleccionados;No seleccionados;Seleccionados;No seleccionados;No seleccionados;No seleccionados;No seleccionados;Seleccionados;Seleccionados;No seleccionados;No seleccionados;No seleccionados;No information;13/03/19;Si;Si;Protesica;Aguda;Definitivo;no;No;Si;No;Seleccionados;No seleccionados;No seleccionados;No seleccionados;No;No;No;No;No;No;No;No;Si;Si;No seleccionados;Seleccionados;No seleccionados;Seleccionados;No seleccionados;No seleccionados;No seleccionados;No seleccionados;No seleccionados;No seleccionados;No seleccionados;Seleccionados;No seleccionados;No seleccionados;Seleccionados;No seleccionados;No seleccionados;Seleccionados;No seleccionados;Ciprofloxacina;35;No;;;;;;No seleccionados;No seleccionados;No seleccionados;No seleccionados;No seleccionados;No seleccionados;No seleccionados;No seleccionados;Si;9;No;No;Si;Muerto;Cardiovascular;No;No
128;37;Hombre;1/05/19;12/05/19;11;Si;Si;No;Obesidad (>=30 IMC);No;;No;Si;No;No;No seleccionados;No seleccionados;No seleccionados;No seleccionados;No seleccionados;No seleccionados;No seleccionados;No seleccionados;No seleccionados;No seleccionados;No seleccionados;No seleccionados;;;;No;Seleccionados;No seleccionados;No seleccionados;No seleccionados;No seleccionados;No;No;No;Seleccionados;No seleccionados;No seleccionados;No seleccionados;No seleccionados;No seleccionados;No seleccionados;No;No;No;No;No;No;No;No;No;Si;No;No information;1/05/19;Si;Si;Si;No;Si;No seleccionados;Seleccionados;No seleccionados;No seleccionados;No seleccionados;No seleccionados;No seleccionados;No seleccionados;No;Seleccionados;No seleccionados;No seleccionados;No seleccionados;No seleccionados;No aplica;Sepsis;158;168;53;135;32;69;92;35;No;Si;No;No;Si;11190;1330;8930;9,1;319000;7;9,69;No information;0,94;21,1;1650;406;No information;0,084;4;136;450;130;Positivo;No;No;S. viridans;No;No;No;No;No;No information;Si;Si;3/05/19;60;Si;Seleccionados;No seleccionados;No seleccionados;No seleccionados;No seleccionados;No seleccionados;No seleccionados;Seleccionados;Seleccionados;No seleccionados;No seleccionados;No seleccionados;No seleccionados;No seleccionados;Seleccionados;No seleccionados;No seleccionados;No seleccionados;No seleccionados;No seleccionados;No information;3/05/19;Si;Si;Nativa;Aguda;Definitivo;no;No;Si;No;Seleccionados;No seleccionados;Seleccionados;No seleccionados;Si;No;Si;No;Si;No;No;Si;No;Si;Seleccionados;Seleccionados;No seleccionados;Seleccionados;No seleccionados;No seleccionados;No seleccionados;Seleccionados;No seleccionados;No seleccionados;No seleccionados;No seleccionados;Seleccionados;No seleccionados;No seleccionados;No seleccionados;No seleccionados;Seleccionados;No seleccionados;Caspofungina;11;Si;Abierta;Protesis mecanica;Ninguno;;No;Seleccionados;No seleccionados;No seleccionados;No seleccionados;No seleccionados;No seleccionados;No seleccionados;No seleccionados;Si;11;Si;Si;Si;Muerto;Cardiovascular;No;No
129;79;Hombre;1/06/19;10/06/19;9;Si;No;No;Sobrepeso (>=25-29.9 IMC);Si;< 40%;No;No;No;No;No seleccionados;No seleccionados;No seleccionados;No seleccionados;No seleccionados;No seleccionados;No seleccionados;No seleccionados;No seleccionados;No seleccionados;No seleccionados;No seleccionados;;;;No;Seleccionados;No seleccionados;No seleccionados;No seleccionados;No seleccionados;No;No;Si;Seleccionados;No seleccionados;No seleccionados;No seleccionados;No seleccionados;No seleccionados;No seleccionados;No;Si, sin dialisis;No;No;No;No;No;No;No;No;No;No information;27/05/19;Si;Si;Si;Si;No;Seleccionados;No seleccionados;No seleccionados;No seleccionados;No seleccionados;No seleccionados;No seleccionados;No seleccionados;Si;Seleccionados;No seleccionados;No seleccionados;No seleccionados;No seleccionados;No aplica;No;75;165;27,5;115;49;71;88;16;No;No;No;No;Si;9650;1220;6770;7,2;196000;No information;14,16;No information;5;83,2;No information;No information;No information;No information;6,53;138,2;13;8;Positivo;Si, meticilino sensible;No;No;No;No;No;No;No;No information;Si;Si;2/06/19;60;Si;No seleccionados;Seleccionados;No seleccionados;No seleccionados;No seleccionados;No seleccionados;Seleccionados;No seleccionados;No seleccionados;No seleccionados;No seleccionados;No seleccionados;No seleccionados;Seleccionados;No seleccionados;No seleccionados;No seleccionados;No seleccionados;No seleccionados;No seleccionados;No information;2/06/19;Si;Si;Nativa;Aguda;Definitivo;no;ACV isquemico;No;No;No seleccionados;No seleccionados;Seleccionados;No seleccionados;Si;No;No;No;No;No;No;Si;No;Si;Seleccionados;Seleccionados;No seleccionados;No seleccionados;No seleccionados;No seleccionados;No seleccionados;No seleccionados;No seleccionados;No seleccionados;No seleccionados;No seleccionados;No seleccionados;No seleccionados;Seleccionados;No seleccionados;No seleccionados;No seleccionados;No seleccionados;No information;9;No;;;;;;No seleccionados;No seleccionados;No seleccionados;No seleccionados;No seleccionados;No seleccionados;No seleccionados;No seleccionados;Si;5;No;Si;No;Muerto;Cardiovascular;No;No
130;72;Hombre;7/08/19;21/09/19;45;Si;No;No;Obesidad (>=30 IMC);No;;No;No;No;No;No seleccionados;No seleccionados;No seleccionados;No seleccionados;No seleccionados;No seleccionados;No seleccionados;No seleccionados;No seleccionados;No seleccionados;No seleccionados;No seleccionados;;;;No;Seleccionados;No seleccionados;No seleccionados;No seleccionados;No seleccionados;No;No;Si;No seleccionados;No seleccionados;No seleccionados;No seleccionados;No seleccionados;Seleccionados;No seleccionados;No;No;No;No;No;No;No;No;No;No;No;ISO cadera + bacteremia;7/08/19;Si;Si;Si;No;No;Seleccionados;No seleccionados;No seleccionados;No seleccionados;No seleccionados;No seleccionados;No seleccionados;No seleccionados;No;Seleccionados;No seleccionados;No seleccionados;No seleccionados;No seleccionados;No aplica;Shock  septico;60;132;34;117;87;97;77;20;No;No;No;No;No;11910;320;10570;9,7;239000;2,62;4,93;No information;0,67;13,9;243;No information;No information;No information;2,9;146;29;46;Positivo;Si, meticilino resistente;No;No;No;No;No;No;No;No information;Si;Si;9/08/19;60;No;No seleccionados;No seleccionados;No seleccionados;No seleccionados;No seleccionados;No seleccionados;No seleccionados;No seleccionados;No seleccionados;No seleccionados;No seleccionados;No seleccionados;No seleccionados;No seleccionados;Seleccionados;No seleccionados;No seleccionados;No seleccionados;No seleccionados;No seleccionados;No information;9/08/19;Si;Si;Nativa;Aguda;Definitivo;no;No;No;No;Seleccionados;No seleccionados;No seleccionados;No seleccionados;Si;No;Si;No;No;No;No;No;No;Si;No seleccionados;No seleccionados;No seleccionados;Seleccionados;No seleccionados;No seleccionados;No seleccionados;No seleccionados;No seleccionados;No seleccionados;No seleccionados;Seleccionados;Seleccionados;No seleccionados;No seleccionados;No seleccionados;No seleccionados;No seleccionados;No seleccionados;No information;42;No;;;;;;No seleccionados;No seleccionados;No seleccionados;No seleccionados;No seleccionados;No seleccionados;No seleccionados;No seleccionados;Si;26;Si;Si;Si;Muerto;No cardiovascular;No;No
131;55;Hombre;30/12/20;14/01/21;15;Si;No;No;No;No;;No;Si;No;Si;Seleccionados;No seleccionados;No seleccionados;No seleccionados;No seleccionados;No seleccionados;No seleccionados;No seleccionados;No seleccionados;Seleccionados;No seleccionados;No seleccionados;Si;No Aplica;Mitral;No;Seleccionados;No seleccionados;No seleccionados;No seleccionados;No seleccionados;No;No;No;Seleccionados;No seleccionados;No seleccionados;No seleccionados;No seleccionados;No seleccionados;No seleccionados;No;Si, con hemodialisis;No;No;No;No;No;No;No;No;No;Ninguno;27/12/20;Si;Si;Si;Si;No;Seleccionados;No seleccionados;No seleccionados;No seleccionados;No seleccionados;No seleccionados;No seleccionados;No seleccionados;No;Seleccionados;No seleccionados;No seleccionados;No seleccionados;No seleccionados;No aplica;No;74,5;174;24,4;155;85;108;131;24;No;No;No;No;No;4270;580;3340;8,8;32000;No information;56,49;No information;11,91;69;No information;5247;No information;No information;4,85;137;12,5;10;Positivo;Si, meticilino resistente;No;No;No;No;No;No;No;No information;Si;Si;30/12/20;40;Si;No seleccionados;No seleccionados;Seleccionados;No seleccionados;No seleccionados;No seleccionados;Seleccionados;No seleccionados;No seleccionados;No seleccionados;No seleccionados;No seleccionados;No seleccionados;No seleccionados;Seleccionados;No seleccionados;No seleccionados;No seleccionados;No seleccionados;No seleccionados;No information;30/12/20;Si;Si;Protesica;Aguda;Definitivo;no;ACV hemorragico;No;No;Seleccionados;No seleccionados;No seleccionados;No seleccionados;No;No;No;No;Si;No;No;No;No;Si;No seleccionados;Seleccionados;No seleccionados;No seleccionados;Seleccionados;No seleccionados;No seleccionados;No seleccionados;No seleccionados;No seleccionados;No seleccionados;Seleccionados;Seleccionados;No seleccionados;Seleccionados;No seleccionados;No seleccionados;No seleccionados;No seleccionados;No information;15;No;;;;;;No seleccionados;No seleccionados;No seleccionados;No seleccionados;No seleccionados;No seleccionados;No seleccionados;No seleccionados;Si;15;No;Si;No;Muerto;Cardiovascular;No;No
132;66;Hombre;29/12/21;15/01/22;17;Si;Si;No;Sobrepeso (>=25-29.9 IMC);Si;> o igual 50%;Si;No;Si;Si;Seleccionados;No seleccionados;No seleccionados;No seleccionados;No seleccionados;No seleccionados;No seleccionados;No seleccionados;No seleccionados;No seleccionados;Seleccionados;No seleccionados;Si;No Aplica;Mitral;No;No seleccionados;No seleccionados;No seleccionados;Seleccionados;No seleccionados;No;No;No;Seleccionados;No seleccionados;No seleccionados;No seleccionados;No seleccionados;No seleccionados;No seleccionados;No;Si, con hemodialisis;No;Hipotiroidismo;No;No;No;Si;No;No;No;No information;28/12/21;No;No;Si;No;No;Seleccionados;No seleccionados;No seleccionados;No seleccionados;No seleccionados;No seleccionados;No seleccionados;No seleccionados;No;Seleccionados;No seleccionados;No seleccionados;No seleccionados;No seleccionados;No aplica;No;78;174;25,8;125;72;89;91;19;No;No;No;No;No;22260;1160;19050;12,6;181000;No information;20;No information;0,83;49;No information;No information;No information;No information;5,2;132;35;20;Positivo;Si, meticilino sensible;No;No;No;No;No;No;No;No information;Si;Si;1/01/22;60;No;No seleccionados;No seleccionados;No seleccionados;No seleccionados;No seleccionados;No seleccionados;No seleccionados;No seleccionados;No seleccionados;No seleccionados;No seleccionados;No seleccionados;No seleccionados;No seleccionados;Seleccionados;No seleccionados;No seleccionados;No seleccionados;No seleccionados;No seleccionados;No information;1/01/22;Si;Si;Protesica;Aguda;Definitivo;no;No;No;Si;Seleccionados;No seleccionados;No seleccionados;No seleccionados;No;No;No;No;No;No;No;No;No;Si;No seleccionados;Seleccionados;No seleccionados;No seleccionados;No seleccionados;No seleccionados;No seleccionados;No seleccionados;No seleccionados;No seleccionados;No seleccionados;No seleccionados;Seleccionados;No seleccionados;Seleccionados;No seleccionados;No seleccionados;No seleccionados;No seleccionados;No information;15;No;;;;;;No seleccionados;No seleccionados;No seleccionados;No seleccionados;No seleccionados;No seleccionados;No seleccionados;No seleccionados;No;0;No;No;No;Muerto;Cardiovascular;No;No
133;53;Hombre;20/07/22;27/07/22;7;Si;No;No;Obesidad (>=30 IMC);No;;No;No;No;No;No seleccionados;No seleccionados;No seleccionados;No seleccionados;No seleccionados;No seleccionados;No seleccionados;No seleccionados;No seleccionados;No seleccionados;No seleccionados;No seleccionados;;;;No;Seleccionados;No seleccionados;No seleccionados;No seleccionados;No seleccionados;No;No;No;Seleccionados;No seleccionados;No seleccionados;No seleccionados;No seleccionados;No seleccionados;No seleccionados;No;No;No;No;No;No;No;No;No;Si;No;No information;10/07/20;Si;Si;Si;No;Si;Seleccionados;No seleccionados;No seleccionados;No seleccionados;No seleccionados;No seleccionados;No seleccionados;No seleccionados;No;Seleccionados;No seleccionados;No seleccionados;No seleccionados;No seleccionados;No aplica;No;93;172;31,5;156;87;110;92;18;No;No;No;No;No;9760;2120;6500;10,7;341000;No information;6,5;No information;1,02;55;No information;378;No information;No information;4,12;144;18,7;13;Positivo;No;No;S. gallolyticus  (bovis);No;No;No;No;No;No information;Si;Si;20/07/22;65;Si;Seleccionados;No seleccionados;No seleccionados;No seleccionados;No seleccionados;No seleccionados;No seleccionados;Seleccionados;Seleccionados;No seleccionados;No seleccionados;No seleccionados;No seleccionados;Seleccionados;Seleccionados;No seleccionados;No seleccionados;No seleccionados;No seleccionados;No seleccionados;No information;20/07/22;Si;Si;Nativa;Aguda;Definitivo;Otro;ACV hemorragico;Si;No;Seleccionados;No seleccionados;No seleccionados;No seleccionados;No;No;No;Si;No;No;No;No;No;Si;Seleccionados;Seleccionados;No seleccionados;No seleccionados;Seleccionados;No seleccionados;No seleccionados;Seleccionados;No seleccionados;No seleccionados;No seleccionados;No seleccionados;No seleccionados;No seleccionados;No seleccionados;No seleccionados;No seleccionados;No seleccionados;No seleccionados;No information;7;No;;;;;;No seleccionados;No seleccionados;No seleccionados;No seleccionados;No seleccionados;No seleccionados;No seleccionados;No seleccionados;Si;7;No;No;Si;Muerto;No cardiovascular;No;No
134;13;Mujer;1/04/22;16/04/22;15;No;No;No;No;No;;No;No;No;Si;No seleccionados;No seleccionados;Seleccionados;No seleccionados;No seleccionados;No seleccionados;No seleccionados;No seleccionados;Seleccionados;No seleccionados;No seleccionados;No seleccionados;Si;No Aplica;Aortica;Si;No seleccionados;No seleccionados;No seleccionados;Seleccionados;No seleccionados;Si;No;No;Seleccionados;No seleccionados;No seleccionados;No seleccionados;No seleccionados;No seleccionados;No seleccionados;No;No;No;No;Si;No;No;No;Si;No;No;No information;18/03/22;Si;No;No;Si;No;Seleccionados;No seleccionados;No seleccionados;No seleccionados;No seleccionados;No seleccionados;No seleccionados;No seleccionados;No;Seleccionados;No seleccionados;No seleccionados;No seleccionados;No seleccionados;No aplica;No;45;162;17;99;56;70,33;68;24;No;No;No;Si;No;14420;2690;9120;11,1;141000;28;27,08;No information;0,69;16,1;1576;No information;No information;No information;3,93;133,9;30,6;25,6;Positivo;Si, meticilino sensible;No;No;No;No;No;No;No;No information;Si;Si;2/04/22;72;Si;No seleccionados;Seleccionados;No seleccionados;No seleccionados;No seleccionados;No seleccionados;No seleccionados;No seleccionados;Seleccionados;No seleccionados;No seleccionados;No seleccionados;No seleccionados;Seleccionados;No seleccionados;No seleccionados;No seleccionados;No seleccionados;No seleccionados;No seleccionados;No information;2/04/22;Si;Si;Protesica;Subaguda;Definitivo;no;No;Si;No;Seleccionados;No seleccionados;No seleccionados;No seleccionados;Si;No;No;No;No;No;No;No;No;Si;Seleccionados;No seleccionados;No seleccionados;No seleccionados;Seleccionados;No seleccionados;No seleccionados;No seleccionados;No seleccionados;No seleccionados;No seleccionados;No seleccionados;Seleccionados;No seleccionados;Seleccionados;No seleccionados;No seleccionados;Seleccionados;No seleccionados;Fluconazol;15;No;;;;;;No seleccionados;No seleccionados;No seleccionados;No seleccionados;No seleccionados;No seleccionados;No seleccionados;No seleccionados;Si;1;Si;Si;Si;Muerto;No cardiovascular;No;No
135;45;Hombre;19/09/22;31/10/22;42;Si;No;No;Obesidad (>=30 IMC);No;;No;No;No;No;No seleccionados;No seleccionados;No seleccionados;No seleccionados;No seleccionados;No seleccionados;No seleccionados;No seleccionados;No seleccionados;No seleccionados;No seleccionados;No seleccionados;;;;No;Seleccionados;No seleccionados;No seleccionados;No seleccionados;No seleccionados;No;No;Si;Seleccionados;No seleccionados;No seleccionados;No seleccionados;No seleccionados;No seleccionados;No seleccionados;No;No;No;No;No;No;No;No;No;Si;No;No information;16/09/22;No;No;No;Si;No;Seleccionados;No seleccionados;No seleccionados;No seleccionados;No seleccionados;No seleccionados;No seleccionados;No seleccionados;No;Seleccionados;No seleccionados;No seleccionados;No seleccionados;No seleccionados;No aplica;Sepsis;100;178;31,6;112;67;82;130;20;No;No;No;No;No;6430;2370;2750;10,1;292000;No information;9,15;No information;0,56;4,6;No information;No information;No information;No information;4,41;142;22;16;Positivo;No;No;No;E. faecalis;No;Pseudomonas spp;No;Si;No information;Si;Si;23/09/22;60;No;No seleccionados;No seleccionados;No seleccionados;No seleccionados;No seleccionados;No seleccionados;No seleccionados;No seleccionados;No seleccionados;No seleccionados;No seleccionados;No seleccionados;No seleccionados;No seleccionados;No seleccionados;No seleccionados;Seleccionados;No seleccionados;No seleccionados;No seleccionados;Ninguno;23/09/22;No;Si;Nativa;Aguda;Definitivo;no;No;No;No;Seleccionados;No seleccionados;No seleccionados;No seleccionados;No;No;No;No;No;No;No;No;No;Si;No seleccionados;Seleccionados;No seleccionados;No seleccionados;No seleccionados;No seleccionados;No seleccionados;Seleccionados;No seleccionados;No seleccionados;No seleccionados;No seleccionados;No seleccionados;No seleccionados;No seleccionados;Seleccionados;No seleccionados;No seleccionados;No seleccionados;No information;28;No;;;;;;No seleccionados;No seleccionados;No seleccionados;No seleccionados;No seleccionados;No seleccionados;No seleccionados;No seleccionados;No;0;No;No;No;Vivo;;;
136;76;Mujer;5/11/22;2/12/22;27;Si;No;Si;Sobrepeso (>=25-29.9 IMC);No;;No;Si;Si;Si;Seleccionados;No seleccionados;No seleccionados;No seleccionados;No seleccionados;No seleccionados;No seleccionados;No seleccionados;Seleccionados;No seleccionados;No seleccionados;No seleccionados;Si;No Aplica;Aortica;Si;Seleccionados;No seleccionados;No seleccionados;No seleccionados;No seleccionados;No;Si;No;Seleccionados;No seleccionados;No seleccionados;No seleccionados;No seleccionados;No seleccionados;No seleccionados;No;No;No;Hipotiroidismo;Si;No;No;No;No;No;No;Ninguno;22/10/22;No;No;Si;No;No;Seleccionados;No seleccionados;No seleccionados;No seleccionados;No seleccionados;No seleccionados;No seleccionados;No seleccionados;No;Seleccionados;No seleccionados;No seleccionados;No seleccionados;No seleccionados;No aplica;No;73;168;25,86;97;62;73,67;80;18;No;No;No;No;No;9110;760;7740;9;167000;No information;23;No information;1,02;20;No information;No information;No information;No information;3,51;128;14,1;10,7;Positivo;No;No;S. gallolyticus  (bovis);No;No;No;No;No;No information;Si;Si;11/11/22;60;No;No seleccionados;No seleccionados;No seleccionados;No seleccionados;No seleccionados;No seleccionados;No seleccionados;No seleccionados;No seleccionados;No seleccionados;No seleccionados;No seleccionados;No seleccionados;Seleccionados;No seleccionados;No seleccionados;No seleccionados;No seleccionados;No seleccionados;No seleccionados;No information;11/11/22;No;Si;Protesica;Subaguda;Definitivo;no;ACV hemorragico;No;No;Seleccionados;No seleccionados;No seleccionados;No seleccionados;No;No;No;No;No;No;No;No;No;Si;Seleccionados;Seleccionados;No seleccionados;No seleccionados;No seleccionados;No seleccionados;No seleccionados;No seleccionados;No seleccionados;No seleccionados;No seleccionados;No seleccionados;No seleccionados;Seleccionados;No seleccionados;No seleccionados;No seleccionados;No seleccionados;No seleccionados;No information;42;No;;;;;;No seleccionados;No seleccionados;No seleccionados;No seleccionados;No seleccionados;No seleccionados;No seleccionados;No seleccionados;No;56;No;No;No;Muerto;No cardiovascular;No;No
137;44;Mujer;17/11/19;4/12/19;17;Si;Si;No;Sobrepeso (>=25-29.9 IMC);No;;No;No;No;No;No seleccionados;No seleccionados;No seleccionados;No seleccionados;No seleccionados;No seleccionados;No seleccionados;No seleccionados;No seleccionados;No seleccionados;No seleccionados;No seleccionados;;;;No;Seleccionados;No seleccionados;No seleccionados;No seleccionados;No seleccionados;No;No;No;Seleccionados;No seleccionados;No seleccionados;No seleccionados;No seleccionados;No seleccionados;No seleccionados;No;Si, con hemodialisis;No;No;No;Si;No;No;No;No;No;No information;17/11/19;No;No;Si;No;No;Seleccionados;No seleccionados;No seleccionados;No seleccionados;No seleccionados;No seleccionados;No seleccionados;No seleccionados;No;Seleccionados;No seleccionados;No seleccionados;No seleccionados;No seleccionados;No aplica;Sepsis;71,5;159;28,3;179;87;117,7;100;18;No;No;No;No;No;13680;8,3;85,7;7,8;290000;85;18;No information;3,91;45;No information;No information;No information;189;4,4;139;72;60;Positivo;Si, meticilino sensible;No;No;No;No;Proteus  mirabilis;No;Si;No information;Si;Si;4/12/19;44;No;No seleccionados;No seleccionados;No seleccionados;No seleccionados;No seleccionados;No seleccionados;No seleccionados;No seleccionados;No seleccionados;No seleccionados;No seleccionados;No seleccionados;No seleccionados;No seleccionados;No seleccionados;No seleccionados;No seleccionados;No seleccionados;Seleccionados;No seleccionados;Techo de la auricula derecha;4/12/19;Si;Si;Asociada a cateter;Aguda;Definitivo;Periferico;No;No;No;Seleccionados;No seleccionados;No seleccionados;No seleccionados;Si;No;No;No;No;No;No;No;No;Si;Seleccionados;Seleccionados;No seleccionados;Seleccionados;No seleccionados;No seleccionados;No seleccionados;No seleccionados;No seleccionados;No seleccionados;No seleccionados;No seleccionados;No seleccionados;No seleccionados;No seleccionados;No seleccionados;No seleccionados;No seleccionados;No seleccionados;No information;17;Si;Endovascular;Ninguno;Extraccion de masa;;No;Seleccionados;No seleccionados;No seleccionados;No seleccionados;No seleccionados;No seleccionados;No seleccionados;No seleccionados;Si;17;Si;Si;Si;Muerto;No cardiovascular;No;No
138;45;Hombre;20/02/20;6/04/20;46;Si;No;No;Sobrepeso (>=25-29.9 IMC);No;;No;No;No;No;No seleccionados;No seleccionados;No seleccionados;No seleccionados;No seleccionados;No seleccionados;No seleccionados;No seleccionados;No seleccionados;No seleccionados;No seleccionados;No seleccionados;;;;No;Seleccionados;No seleccionados;No seleccionados;No seleccionados;No seleccionados;No;No;No;No seleccionados;Seleccionados;No seleccionados;No seleccionados;No seleccionados;No seleccionados;No seleccionados;No;Si, sin dialisis;No;No;No;No;No;No;No;No;No;No information;13/02/20;Si;No;Si;No;Si;Seleccionados;No seleccionados;No seleccionados;No seleccionados;No seleccionados;No seleccionados;No seleccionados;No seleccionados;No;Seleccionados;No seleccionados;No seleccionados;No seleccionados;No seleccionados;No aplica;Shock  septico;80,8;175;26,4;100;70;80;84;12;No;No;No;No;No;8180;1370;5710;7,1;211000;47;26,37;No information;1,3;50;367;No information;No information;No information;3,4;145;18;15;Positivo;Si, meticilino resistente;No;No;No;No;No;No;No;No information;Si;Si;24/02/20;60;No;No seleccionados;No seleccionados;No seleccionados;No seleccionados;No seleccionados;No seleccionados;No seleccionados;No seleccionados;No seleccionados;No seleccionados;No seleccionados;No seleccionados;No seleccionados;Seleccionados;No seleccionados;No seleccionados;No seleccionados;No seleccionados;No seleccionados;No seleccionados;No information;24/02/20;Si;Si;Nativa;Aguda;Definitivo;Periferico;ACV hemorragico;Si;No;Seleccionados;No seleccionados;No seleccionados;No seleccionados;Si;No;No;No;No;No;No;No;No;Si;No seleccionados;Seleccionados;No seleccionados;Seleccionados;No seleccionados;No seleccionados;No seleccionados;No seleccionados;No seleccionados;No seleccionados;No seleccionados;No seleccionados;No seleccionados;No seleccionados;No seleccionados;No seleccionados;No seleccionados;No seleccionados;No seleccionados;No information;42;Si;Abierta;Reparo valvular;Ninguno;;No;Seleccionados;No seleccionados;No seleccionados;No seleccionados;No seleccionados;No seleccionados;No seleccionados;No seleccionados;Si;24;Si;Si;Si;Vivo;;;
139;75;Mujer;11/03/20;8/04/20;28;Si;Si;No;Sobrepeso (>=25-29.9 IMC);No;;No;No;No;No;No seleccionados;No seleccionados;No seleccionados;No seleccionados;No seleccionados;No seleccionados;No seleccionados;No seleccionados;No seleccionados;No seleccionados;No seleccionados;No seleccionados;;;;No;Seleccionados;No seleccionados;No seleccionados;No seleccionados;No seleccionados;No;No;Si;Seleccionados;No seleccionados;No seleccionados;No seleccionados;No seleccionados;No seleccionados;No seleccionados;No;No;No;No;No;Si;No;No;No;No;No;No information;7/02/20;No;No;Si;No;No;Seleccionados;No seleccionados;No seleccionados;No seleccionados;No seleccionados;No seleccionados;No seleccionados;No seleccionados;No;Seleccionados;No seleccionados;No seleccionados;No seleccionados;No seleccionados;No aplica;Sepsis;78,1;172;26,4;133;60;84,33;87;19;No;No;Si;No;No;5590;1410;3310;7,3;410000;187;17,4;No information;0,69;5,3;No information;No information;No information;No information;3,17;142;95,4;72;Positivo;No;S. epidermidis;No;No;No;No;No;No;No information;Si;Si;21/03/20;55;Si;Seleccionados;No seleccionados;No seleccionados;No seleccionados;No seleccionados;No seleccionados;No seleccionados;Seleccionados;No seleccionados;No seleccionados;No seleccionados;No seleccionados;No seleccionados;Seleccionados;No seleccionados;No seleccionados;No seleccionados;No seleccionados;No seleccionados;No seleccionados;No information;21/03/20;Si;Si;Nativa;Subaguda;Definitivo;no;No;No;No;Seleccionados;No seleccionados;No seleccionados;No seleccionados;No;No;No;No;No;No;No;No;No;Si;No seleccionados;Seleccionados;No seleccionados;No seleccionados;No seleccionados;No seleccionados;No seleccionados;No seleccionados;No seleccionados;No seleccionados;No seleccionados;No seleccionados;No seleccionados;No seleccionados;Seleccionados;No seleccionados;No seleccionados;No seleccionados;No seleccionados;No information;37;No;;;;;;No seleccionados;No seleccionados;No seleccionados;No seleccionados;No seleccionados;No seleccionados;No seleccionados;No seleccionados;No;0;No;No;No;Vivo;;;
140;10;Hombre;7/04/20;9/05/20;32;No;No;No;No;No;;No;No;No;No;No seleccionados;No seleccionados;No seleccionados;No seleccionados;No seleccionados;No seleccionados;No seleccionados;No seleccionados;No seleccionados;No seleccionados;No seleccionados;No seleccionados;;;;No;Seleccionados;No seleccionados;No seleccionados;No seleccionados;No seleccionados;No;No;No;Seleccionados;No seleccionados;No seleccionados;No seleccionados;No seleccionados;No seleccionados;No seleccionados;No;No;No;No;Si;No;No;No;No;No;No;No information;30/03/20;Si;No;Si;No;No;Seleccionados;No seleccionados;No seleccionados;No seleccionados;No seleccionados;No seleccionados;No seleccionados;No seleccionados;Si;Seleccionados;No seleccionados;No seleccionados;No seleccionados;No seleccionados;No aplica;Sepsis;28;118;20,11;101;83;89;78;29;No;No;No;No;No;12200;1200;8200;9,9;92000;125;87,7;No information;0,72;15,4;No information;No information;No information;No information;3,8;135;25;32;Positivo;Si, meticilino sensible;No;No;No;No;No;No;No;No information;Si;Si;9/04/20;45;No;No seleccionados;No seleccionados;No seleccionados;No seleccionados;No seleccionados;No seleccionados;No seleccionados;No seleccionados;No seleccionados;No seleccionados;No seleccionados;No seleccionados;No seleccionados;Seleccionados;No seleccionados;No seleccionados;No seleccionados;No seleccionados;No seleccionados;No seleccionados;No information;9/04/20;No;Si;Nativa;Aguda;Definitivo;no;ACV isquemico;Si;No;Seleccionados;No seleccionados;No seleccionados;No seleccionados;No;No;Si;No;Si;No;No;No;No;Si;Seleccionados;Seleccionados;No seleccionados;No seleccionados;Seleccionados;No seleccionados;No seleccionados;No seleccionados;No seleccionados;No seleccionados;No seleccionados;No seleccionados;No seleccionados;No seleccionados;No seleccionados;No seleccionados;No seleccionados;Seleccionados;No seleccionados;No information;28;Si;Abierta;Protesis mecanica;Ninguno;;No;No seleccionados;Seleccionados;No seleccionados;No seleccionados;No seleccionados;No seleccionados;No seleccionados;No seleccionados;Si;15;Si;Si;Si;Vivo;;;
141;0;Mujer;11/09/20;28/02/21;170;No;No;No;No;No;;No;No;No;No;No seleccionados;No seleccionados;No seleccionados;No seleccionados;No seleccionados;No seleccionados;No seleccionados;No seleccionados;No seleccionados;No seleccionados;No seleccionados;No seleccionados;;;;No;Seleccionados;No seleccionados;No seleccionados;No seleccionados;No seleccionados;No;No;No;Seleccionados;No seleccionados;No seleccionados;No seleccionados;No seleccionados;No seleccionados;No seleccionados;No;No;No;No;Si;No;No;No;No;No;No;Alto riesgo de transmision vertical de infecciones perinatales;19/11/20;Si;Si;Si;Si;No;Seleccionados;No seleccionados;No seleccionados;No seleccionados;No seleccionados;No seleccionados;No seleccionados;No seleccionados;No;Seleccionados;No seleccionados;No seleccionados;No seleccionados;No seleccionados;Stevenson A;Shock  septico;3,8;62,1;9,85;89;47;61;141;50;No;No;No;Si;No;18410;2500;2940;11,2;125000;16,2;4,51;No information;0,27;18,4;No information;131;No information;No information;2,6;141;61,8;54,5;Positivo;No;No;No;E. faecium;No;No;No;No;No information;Si;Si;15/12/20;15;No;No seleccionados;No seleccionados;No seleccionados;No seleccionados;No seleccionados;No seleccionados;No seleccionados;No seleccionados;No seleccionados;No seleccionados;No seleccionados;No seleccionados;No seleccionados;Seleccionados;No seleccionados;No seleccionados;No seleccionados;No seleccionados;No seleccionados;No seleccionados;No information;15/12/20;Si;Si;Nativa;Subaguda;Definitivo;Pulmon;No;Si;No;Seleccionados;No seleccionados;No seleccionados;No seleccionados;Si;No;Si;No;No;No;No;No;No;Si;Seleccionados;Seleccionados;No seleccionados;No seleccionados;No seleccionados;No seleccionados;No seleccionados;Seleccionados;No seleccionados;No seleccionados;No seleccionados;No seleccionados;No seleccionados;No seleccionados;Seleccionados;No seleccionados;No seleccionados;No seleccionados;No seleccionados;No information;90;No;;;;;;No seleccionados;No seleccionados;No seleccionados;No seleccionados;No seleccionados;No seleccionados;No seleccionados;No seleccionados;Si;30;Si;Si;Si;Vivo;;;
142;40;Mujer;31/01/21;13/02/21;13;Si;Si;No;Sobrepeso (>=25-29.9 IMC);No;;No;No;No;No;No seleccionados;No seleccionados;No seleccionados;No seleccionados;No seleccionados;No seleccionados;No seleccionados;No seleccionados;No seleccionados;No seleccionados;No seleccionados;No seleccionados;;;;No;Seleccionados;No seleccionados;No seleccionados;No seleccionados;No seleccionados;No;No;No;Seleccionados;No seleccionados;No seleccionados;No seleccionados;No seleccionados;No seleccionados;No seleccionados;No;Si, con hemodialisis;No;No;No;Si;No;No;No;No;No;No information;22/01/21;Si;No;Si;Si;No;Seleccionados;No seleccionados;No seleccionados;No seleccionados;No seleccionados;No seleccionados;No seleccionados;No seleccionados;No;Seleccionados;No seleccionados;No seleccionados;No seleccionados;No seleccionados;No aplica;Sepsis;67;154;28,2;144;68;93,33;98;18;No;No;No;No;No;36990;2940;29090;6;345000;14,6;37,68;No information;3,5;87,9;No information;No information;No information;No information;5,3;128,1;45;32;Positivo;Si, meticilino sensible;No;No;No;No;No;No;No;No information;Si;Si;31/01/21;65;Si;Seleccionados;No seleccionados;No seleccionados;No seleccionados;No seleccionados;No seleccionados;No seleccionados;No seleccionados;No seleccionados;No seleccionados;Seleccionados;No seleccionados;No seleccionados;No seleccionados;No seleccionados;No seleccionados;Seleccionados;No seleccionados;No seleccionados;No seleccionados;No information;31/01/21;No;Si;Nativa;Aguda;Definitivo;Pulmon;No;No;No;No seleccionados;No seleccionados;Seleccionados;No seleccionados;Si;No;No;No;No;No;No;No;No;Si;No seleccionados;Seleccionados;No seleccionados;No seleccionados;No seleccionados;No seleccionados;No seleccionados;Seleccionados;No seleccionados;No seleccionados;No seleccionados;No seleccionados;No seleccionados;No seleccionados;Seleccionados;No seleccionados;No seleccionados;No seleccionados;No seleccionados;No information;13;Si;Abierta;Protesis biologica;Ninguno;;No;No seleccionados;No seleccionados;No seleccionados;Seleccionados;No seleccionados;No seleccionados;No seleccionados;No seleccionados;Si;13;Si;Si;Si;Muerto;Cardiovascular;Si;Si
143;45;Hombre;22/04/20;30/04/20;8;Si;No;No;No;No;;No;No;No;No;No seleccionados;No seleccionados;No seleccionados;No seleccionados;No seleccionados;No seleccionados;No seleccionados;No seleccionados;No seleccionados;No seleccionados;No seleccionados;No seleccionados;;;;No;Seleccionados;No seleccionados;No seleccionados;No seleccionados;No seleccionados;No;No;No;Seleccionados;No seleccionados;No seleccionados;No seleccionados;No seleccionados;No seleccionados;No seleccionados;No;Si, sin dialisis;No;No;No;Si;No;Si;Si;Si;No;No information;22/04/20;Si;No;Si;No;Si;Seleccionados;No seleccionados;No seleccionados;No seleccionados;No seleccionados;No seleccionados;No seleccionados;No seleccionados;No;Seleccionados;No seleccionados;No seleccionados;No seleccionados;No seleccionados;No aplica;Shock  septico;56;168;19,84;96;59;71;87;28;No;No;No;No;No;13500;2413;5930;9,6;159000;No information;44,1;No information;2,4;36;459;No information;No information;No information;3,7;139,3;67,5;28,3;Positivo;Si, meticilino resistente;No;No;No;No;No;No;No;No information;Si;Si;23/04/20;70;Si;Seleccionados;No seleccionados;No seleccionados;No seleccionados;No seleccionados;No seleccionados;Seleccionados;No seleccionados;No seleccionados;No seleccionados;No seleccionados;No seleccionados;No seleccionados;Seleccionados;Seleccionados;No seleccionados;No seleccionados;No seleccionados;No seleccionados;No seleccionados;No information;23/04/20;Si;Si;Nativa;Aguda;Definitivo;Pulmon;No;Si;No;Seleccionados;No seleccionados;No seleccionados;No seleccionados;Si;No;Si;No;No;No;No;No;No;Si;No seleccionados;Seleccionados;No seleccionados;No seleccionados;No seleccionados;No seleccionados;No seleccionados;No seleccionados;No seleccionados;No seleccionados;No seleccionados;Seleccionados;Seleccionados;No seleccionados;No seleccionados;No seleccionados;No seleccionados;No seleccionados;No seleccionados;No information;6;No;;;;;;No seleccionados;No seleccionados;No seleccionados;No seleccionados;No seleccionados;No seleccionados;No seleccionados;No seleccionados;Si;6;No;No;Si;Muerto;Cardiovascular;Si;Si
144;71;Hombre;18/11/22;3/12/22;15;Si;No;No;Sobrepeso (>=25-29.9 IMC);Si;< 40%;No;No;No;No;No seleccionados;No seleccionados;No seleccionados;No seleccionados;No seleccionados;No seleccionados;No seleccionados;No seleccionados;No seleccionados;No seleccionados;No seleccionados;No seleccionados;;;;No;No seleccionados;No seleccionados;Seleccionados;No seleccionados;No seleccionados;No;No;No;Seleccionados;No seleccionados;No seleccionados;No seleccionados;No seleccionados;No seleccionados;No seleccionados;No;No;Si;No;No;No;No;No;No;No;No;POP cardio de resincronizador 13-09-22;20/10/22;No;No;No;No;No;Seleccionados;No seleccionados;No seleccionados;No seleccionados;No seleccionados;No seleccionados;No seleccionados;No seleccionados;No;Seleccionados;No seleccionados;No seleccionados;No seleccionados;No seleccionados;No aplica;No;75;167;26,9;94;68;76;61;18;No;No;No;No;No;5850;940;3570;12;181000;No information;1,52;No information;2,64;50,8;4520;No information;No information;No information;3,74;136,8;74,3;70,2;Negativo;No;No;No;No;No;No;No;No;No information;No;Si;19/11/22;30;Si;Seleccionados;No seleccionados;No seleccionados;No seleccionados;No seleccionados;No seleccionados;No seleccionados;No seleccionados;Seleccionados;No seleccionados;Seleccionados;No seleccionados;No seleccionados;No seleccionados;No seleccionados;No seleccionados;No seleccionados;Seleccionados;No seleccionados;No seleccionados;Ninguno ;19/11/22;Si;Si;Asociada a Dispositvo cardiaco;Subaguda;Definitivo;no;No;Si;No;No seleccionados;Seleccionados;No seleccionados;No seleccionados;Si;No;No;No;No;No;No;No;No;Si;No seleccionados;Seleccionados;Seleccionados;Seleccionados;No seleccionados;No seleccionados;No seleccionados;Seleccionados;No seleccionados;No seleccionados;No seleccionados;No seleccionados;Seleccionados;No seleccionados;No seleccionados;No seleccionados;No seleccionados;No seleccionados;No seleccionados;No information;35;Si;Endovascular;Ninguno;Ninguno;;Retiro percutaneo;Seleccionados;No seleccionados;No seleccionados;No seleccionados;No seleccionados;No seleccionados;No seleccionados;No seleccionados;Si;12;Si;Si;No;Muerto;Cardiovascular;No;No
145;80;Hombre;2/01/22;1/02/22;30;Si;No;No;No;No;;No;No;No;No;No seleccionados;No seleccionados;No seleccionados;No seleccionados;No seleccionados;No seleccionados;No seleccionados;No seleccionados;No seleccionados;No seleccionados;No seleccionados;No seleccionados;;;;No;Seleccionados;No seleccionados;No seleccionados;No seleccionados;No seleccionados;No;No;Si;Seleccionados;No seleccionados;No seleccionados;No seleccionados;No seleccionados;No seleccionados;No seleccionados;No;No;No;No;No;No;No;No;No;Si;No;No information;31/12/21;No;No;No;No;No;Seleccionados;No seleccionados;No seleccionados;No seleccionados;No seleccionados;No seleccionados;No seleccionados;No seleccionados;No;Seleccionados;No seleccionados;No seleccionados;No seleccionados;No seleccionados;No aplica;No;61;162;23,2;115;60;78;104;19;No;No;No;No;No;14670;620;12090;12;76000;No information;24;No information;2,2;37;No information;No information;No information;No information;3,2;138;10,2;8,5;Positivo;Si, meticilino sensible;No;No;No;No;No;No;No;No information;Si;Si;17/01/22;50;Si;Seleccionados;No seleccionados;No seleccionados;No seleccionados;No seleccionados;No seleccionados;No seleccionados;No seleccionados;Seleccionados;No seleccionados;No seleccionados;No seleccionados;No seleccionados;No seleccionados;Seleccionados;No seleccionados;No seleccionados;No seleccionados;No seleccionados;No seleccionados;No information;17/01/22;No;Si;Nativa;Subaguda;Definitivo;no;No;Si;Si;Seleccionados;No seleccionados;No seleccionados;No seleccionados;No;No;No;No;Si;No;No;No;No;Si;No seleccionados;Seleccionados;No seleccionados;Seleccionados;No seleccionados;No seleccionados;No seleccionados;No seleccionados;No seleccionados;No seleccionados;No seleccionados;Seleccionados;Seleccionados;No seleccionados;No seleccionados;No seleccionados;No seleccionados;Seleccionados;No seleccionados;Linezolid;24;No;;;;;;No seleccionados;No seleccionados;No seleccionados;No seleccionados;No seleccionados;No seleccionados;No seleccionados;No seleccionados;No;0;No;No;No;Vivo;;;
146;40;Hombre;28/03/21;21/05/21;54;Si;No;No;Sobrepeso (>=25-29.9 IMC);No;;No;No;No;No;No seleccionados;No seleccionados;No seleccionados;No seleccionados;No seleccionados;No seleccionados;No seleccionados;No seleccionados;No seleccionados;No seleccionados;No seleccionados;No seleccionados;;;;No;Seleccionados;No seleccionados;No seleccionados;No seleccionados;No seleccionados;No;No;Si;Seleccionados;No seleccionados;No seleccionados;No seleccionados;No seleccionados;No seleccionados;No seleccionados;No;Si, con hemodialisis;No;No;No;Si;No;No;No;No;No;Infecciones recurrentes en tejidos blandos;10/03/21;Si;No;Si;No;No;Seleccionados;No seleccionados;No seleccionados;No seleccionados;No seleccionados;No seleccionados;No seleccionados;No seleccionados;No;Seleccionados;No seleccionados;No seleccionados;No seleccionados;No seleccionados;No aplica;Sepsis;84,6;178;26,7;120;80;93,33;74;14;No;No;No;No;No;16320;1637;8310;7,6;119000;No information;27;No information;0,73;22,5;No information;No information;No information;No information;3,9;138;115,7;120;Positivo;Si, meticilino resistente;No;No;No;No;No;No;No;No information;Si;Si;30/03/21;60;Si;Seleccionados;No seleccionados;No seleccionados;No seleccionados;No seleccionados;No seleccionados;No seleccionados;No seleccionados;Seleccionados;No seleccionados;Seleccionados;No seleccionados;No seleccionados;No seleccionados;Seleccionados;No seleccionados;No seleccionados;No seleccionados;No seleccionados;No seleccionados;No information;30/03/21;Si;Si;Nativa;Subaguda;Definitivo;Periferico;ACV hemorragico;Si;No;Seleccionados;No seleccionados;No seleccionados;No seleccionados;Si;No;No;No;Si;No;No;No;No;Si;No seleccionados;Seleccionados;No seleccionados;Seleccionados;No seleccionados;No seleccionados;No seleccionados;No seleccionados;No seleccionados;No seleccionados;No seleccionados;Seleccionados;Seleccionados;No seleccionados;No seleccionados;No seleccionados;No seleccionados;No seleccionados;No seleccionados;No information;42;Si;Abierta;Protesis biologica;Cierre de CIA;;No;No seleccionados;No seleccionados;No seleccionados;No seleccionados;No seleccionados;Seleccionados;No seleccionados;No seleccionados;Si;35;No;No;No;Vivo;;;
147;54;Mujer;19/04/21;21/06/21;63;Si;No;No;No;No;;No;No;Si;No;No seleccionados;No seleccionados;No seleccionados;No seleccionados;No seleccionados;No seleccionados;No seleccionados;No seleccionados;No seleccionados;No seleccionados;No seleccionados;No seleccionados;;;;No;Seleccionados;No seleccionados;No seleccionados;No seleccionados;No seleccionados;No;No;No;No seleccionados;No seleccionados;No seleccionados;No seleccionados;Seleccionados;No seleccionados;No seleccionados;No;Si, con dialisis peritoneal;No;No;No;Si;No;No;No;No;No;No information;17/04/21;No;Si;Si;No;No;Seleccionados;No seleccionados;No seleccionados;No seleccionados;No seleccionados;No seleccionados;No seleccionados;No seleccionados;No;Seleccionados;No seleccionados;No seleccionados;No seleccionados;No seleccionados;No aplica;No;43;157;17,5;78;42;54;95;17;No;No;No;No;No;10960;2080;7510;7,7;34000;145;1,77;No information;0,97;10;No information;No information;No information;No information;3,8;136;245,8;110;Positivo;No;No;No;No;No;Pseudomonas spp;No;No;No information;Si;Si;28/04/21;73;Si;Seleccionados;No seleccionados;No seleccionados;No seleccionados;No seleccionados;No seleccionados;No seleccionados;Seleccionados;No seleccionados;No seleccionados;No seleccionados;No seleccionados;No seleccionados;Seleccionados;No seleccionados;No seleccionados;No seleccionados;No seleccionados;No seleccionados;No seleccionados;No information;28/04/21;Si;Si;Asociada a cateter;Aguda;Definitivo;no;No;No;No;Seleccionados;No seleccionados;No seleccionados;No seleccionados;Si;No;No;No;No;No;No;Si;No;Si;No seleccionados;Seleccionados;Seleccionados;Seleccionados;No seleccionados;No seleccionados;No seleccionados;No seleccionados;No seleccionados;No seleccionados;No seleccionados;No seleccionados;No seleccionados;No seleccionados;No seleccionados;No seleccionados;No seleccionados;No seleccionados;No seleccionados;No information;62;Si;Abierta;Protesis biologica;Extraccion de masa;;Retiro quirurgico;No seleccionados;No seleccionados;Seleccionados;No seleccionados;No seleccionados;No seleccionados;No seleccionados;No seleccionados;Si;62;Si;Si;Si;Muerto;No cardiovascular;No;No
148;2;Hombre;19/04/21;20/05/21;31;No;No;No;No;No;;No;No;No;No;No seleccionados;No seleccionados;No seleccionados;No seleccionados;No seleccionados;No seleccionados;No seleccionados;No seleccionados;No seleccionados;No seleccionados;No seleccionados;No seleccionados;;;;No;Seleccionados;No seleccionados;No seleccionados;No seleccionados;No seleccionados;No;No;No;Seleccionados;No seleccionados;No seleccionados;No seleccionados;No seleccionados;No seleccionados;No seleccionados;No;No;No;No;No;No;Gastrointestinal;No;No;;No;;No information;No;No;No;No;No;Seleccionados;No seleccionados;No seleccionados;No seleccionados;No seleccionados;No seleccionados;No seleccionados;No seleccionados;No;Seleccionados;No seleccionados;No seleccionados;No seleccionados;No seleccionados;No aplica;No information;7,2;75;12,8;99;35;56;157;48;No;No;No;No;No;;;;;;;;;;;;;;;;;;;;;;;;;;;;;;;;;;No seleccionados;No seleccionados;No seleccionados;No seleccionados;No seleccionados;No seleccionados;No seleccionados;No seleccionados;No seleccionados;No seleccionados;No seleccionados;No seleccionados;No seleccionados;No seleccionados;No seleccionados;No seleccionados;No seleccionados;No seleccionados;No seleccionados;No seleccionados;;;;;;;;;;;;No seleccionados;No seleccionados;No seleccionados;No seleccionados;;;;;;;;;;;No seleccionados;No seleccionados;No seleccionados;No seleccionados;No seleccionados;No seleccionados;No seleccionados;No seleccionados;No seleccionados;No seleccionados;No seleccionados;No seleccionados;No seleccionados;No seleccionados;No seleccionados;No seleccionados;No seleccionados;No seleccionados;No seleccionados;;;;;;;;;No seleccionados;No seleccionados;No seleccionados;No seleccionados;No seleccionados;No seleccionados;No seleccionados;No seleccionados;;;;;;;;;
149;2;Hombre;26/04/21;20/05/21;24;No;No;No;No;No;;No;No;No;No;No seleccionados;No seleccionados;No seleccionados;No seleccionados;No seleccionados;No seleccionados;No seleccionados;No seleccionados;No seleccionados;No seleccionados;No seleccionados;No seleccionados;;;;No;Seleccionados;No seleccionados;No seleccionados;No seleccionados;No seleccionados;No;No;No;Seleccionados;No seleccionados;No seleccionados;No seleccionados;No seleccionados;No seleccionados;No seleccionados;No;No;No;No;No;Si;Gastrointestinal;No;No;No;No;Sd intestino corto por antecedente de enterocolitis necrotizante;17/04/21;Si;No;Si;No;No;Seleccionados;No seleccionados;No seleccionados;No seleccionados;No seleccionados;No seleccionados;No seleccionados;No seleccionados;No;Seleccionados;No seleccionados;No seleccionados;No seleccionados;No seleccionados;No aplica;Sepsis;7,2;82,5;10,6;96;59;71;149;36;No;No;No;No;No;20880;4810;10910;5,8;410000;No information;14,14;No information;0,21;6,7;No information;No information;No information;No information;4,99;140;69,4;41,9;Positivo;No;S. saprophyticus;No;No;No;No;Candida spp;Si;No information;Si;Si;20/04/21;67;No;No seleccionados;No seleccionados;No seleccionados;No seleccionados;No seleccionados;No seleccionados;No seleccionados;No seleccionados;No seleccionados;No seleccionados;No seleccionados;No seleccionados;No seleccionados;No seleccionados;No seleccionados;No seleccionados;No seleccionados;Seleccionados;No seleccionados;No seleccionados;No information;20/04/21;No;Si;Asociada a cateter;Aguda;Definitivo;Coronarias;No;No;No;Seleccionados;No seleccionados;No seleccionados;No seleccionados;No;No;No;No;No;No;No;No;No;Si;No seleccionados;Seleccionados;No seleccionados;Seleccionados;No seleccionados;No seleccionados;No seleccionados;No seleccionados;No seleccionados;No seleccionados;No seleccionados;No seleccionados;No seleccionados;No seleccionados;No seleccionados;No seleccionados;No seleccionados;Seleccionados;No seleccionados;AnfotericinaB;31;Si;Abierta;Ninguno;Extraccion de masa;;Retiro percutaneo;Seleccionados;No seleccionados;No seleccionados;No seleccionados;No seleccionados;No seleccionados;No seleccionados;No seleccionados;Si;21;No;No;No;Remitido;;;
150;54;Hombre;25/05/21;12/06/21;18;Si;Si;No;Obesidad (>=30 IMC);No;;No;No;No;No;No seleccionados;No seleccionados;No seleccionados;No seleccionados;No seleccionados;No seleccionados;No seleccionados;No seleccionados;No seleccionados;No seleccionados;No seleccionados;No seleccionados;;;;No;Seleccionados;No seleccionados;No seleccionados;No seleccionados;No seleccionados;No;No information;No;Seleccionados;No seleccionados;No seleccionados;No seleccionados;No seleccionados;No seleccionados;No seleccionados;No;Si, con hemodialisis;No;No;No;Si;No;No;Si;Si;No;Neumonia severa por SARS CoV2 + VMI prolongada;25/05/21;Si;No;Si;Si;No;Seleccionados;No seleccionados;No seleccionados;No seleccionados;No seleccionados;No seleccionados;No seleccionados;No seleccionados;No;Seleccionados;No seleccionados;No seleccionados;No seleccionados;No seleccionados;No aplica;Shock  septico;107;180;33;119;73;88;75;20;No;No;No;No;Si;12900;800;11680;10,9;35000;107;13;No information;1,8;18;2626;29,7;No information;No information;2,9;138;80;131;Positivo;No;No;No;No;No;Serratia marcescens;Candida spp;Si;No information;Si;Si;27/05/21;60;Si;Seleccionados;No seleccionados;No seleccionados;No seleccionados;No seleccionados;No seleccionados;No seleccionados;Seleccionados;No seleccionados;No seleccionados;No seleccionados;No seleccionados;No seleccionados;Seleccionados;No seleccionados;No seleccionados;No seleccionados;No seleccionados;No seleccionados;No seleccionados;No information;27/05/21;No;Si;Nativa;Aguda;Definitivo;no;No;No;Si;Seleccionados;No seleccionados;No seleccionados;No seleccionados;Si;No;Si;No;Si;No;No;Si;No;Si;No seleccionados;No seleccionados;No seleccionados;Seleccionados;No seleccionados;No seleccionados;No seleccionados;No seleccionados;No seleccionados;No seleccionados;No seleccionados;No seleccionados;No seleccionados;No seleccionados;No seleccionados;No seleccionados;No seleccionados;Seleccionados;No seleccionados;CaspofunginayAntofericinaB;17;No;;;;;;No seleccionados;No seleccionados;No seleccionados;No seleccionados;No seleccionados;No seleccionados;No seleccionados;No seleccionados;Si;17;Si;Si;Si;Muerto;Cardiovascular;No;No
151;71;Hombre;29/06/21;11/08/21;43;Si;Si;No;Sobrepeso (>=25-29.9 IMC);No;;No;No;No;No;No seleccionados;No seleccionados;No seleccionados;No seleccionados;No seleccionados;No seleccionados;No seleccionados;No seleccionados;No seleccionados;No seleccionados;No seleccionados;No seleccionados;;;;No;Seleccionados;No seleccionados;No seleccionados;No seleccionados;No seleccionados;No;No;Si;Seleccionados;No seleccionados;No seleccionados;No seleccionados;No seleccionados;No seleccionados;No seleccionados;No;No;No;No;No;No;Gastrointestinal;No;No;Si;No;No information;13/06/21;Si;No;No;Si;No;Seleccionados;No seleccionados;No seleccionados;No seleccionados;No seleccionados;No seleccionados;No seleccionados;No seleccionados;No;Seleccionados;No seleccionados;No seleccionados;No seleccionados;No seleccionados;No aplica;Shock  septico;80;175;26;126;43;71;50;10;No;No;No;No;Si;6370;1640;4190;7,1;221000;145;13,98;No information;2,46;22,4;149;105;No information;68;3,68;154;20,9;23,7;Positivo;Si, meticilino resistente;No;No;No;No;No;No;No;No information;Si;Si;3/07/21;65;Si;Seleccionados;No seleccionados;No seleccionados;No seleccionados;No seleccionados;No seleccionados;No seleccionados;Seleccionados;No seleccionados;No seleccionados;No seleccionados;No seleccionados;No seleccionados;Seleccionados;No seleccionados;No seleccionados;No seleccionados;No seleccionados;No seleccionados;No seleccionados;No information;3/07/21;Si;Si;Nativa;Subaguda;Definitivo;no;No;No;No;Seleccionados;No seleccionados;No seleccionados;No seleccionados;Si;No;Si;No;No;No;No;No;Si;Si;No seleccionados;No seleccionados;No seleccionados;No seleccionados;No seleccionados;No seleccionados;No seleccionados;No seleccionados;No seleccionados;No seleccionados;No seleccionados;Seleccionados;Seleccionados;No seleccionados;No seleccionados;No seleccionados;No seleccionados;No seleccionados;No seleccionados;No information;38;No;;;;;;No seleccionados;No seleccionados;No seleccionados;No seleccionados;No seleccionados;No seleccionados;No seleccionados;No seleccionados;Si;30;Si;Si;Si;Vivo;;;
152;0;Mujer;25/03/22;27/05/22;63;No;No;No;No;No;;No;No;No;No;No seleccionados;No seleccionados;No seleccionados;No seleccionados;No seleccionados;No seleccionados;No seleccionados;No seleccionados;No seleccionados;No seleccionados;No seleccionados;No seleccionados;;;;No;Seleccionados;No seleccionados;No seleccionados;No seleccionados;No seleccionados;No;No;No;Seleccionados;No seleccionados;No seleccionados;No seleccionados;No seleccionados;No seleccionados;No seleccionados;No;No;No;No;Si;Si;No;No;No;No;No;No information;25/03/22;Si;Si;Si;No;No;Seleccionados;No seleccionados;No seleccionados;No seleccionados;No seleccionados;No seleccionados;No seleccionados;No seleccionados;No;Seleccionados;No seleccionados;No seleccionados;No seleccionados;No seleccionados;No aplica;Sepsis;2,6;55;8,6;76;42;53;159;42;No;No;No;No;No;13370;19320;9740;13,3;321000;No information;4;No information;0,5;43,9;No information;No information;No information;No information;1,9;148;677;156;Positivo;No;No;No;E. faecalis;No;No;No;No;No information;Si;Si;25/05/22;10;Si;Seleccionados;No seleccionados;No seleccionados;No seleccionados;No seleccionados;No seleccionados;No seleccionados;No seleccionados;Seleccionados;No seleccionados;Seleccionados;No seleccionados;No seleccionados;No seleccionados;Seleccionados;No seleccionados;Seleccionados;No seleccionados;No seleccionados;No seleccionados;No information;25/05/22;No;Si;Nativa;Cronica;Definitivo;no;No;Si;No;Seleccionados;No seleccionados;No seleccionados;No seleccionados;Si;No;No;No;No;No;No;No;No;Si;No seleccionados;Seleccionados;No seleccionados;Seleccionados;Seleccionados;No seleccionados;No seleccionados;No seleccionados;No seleccionados;No seleccionados;No seleccionados;No seleccionados;No seleccionados;No seleccionados;No seleccionados;Seleccionados;No seleccionados;No seleccionados;No seleccionados;No information;47;Si;Abierta;Reparo valvular;Otro;Valvuloplastia tricuspidea y atrioseptostomia;No;Seleccionados;No seleccionados;No seleccionados;No seleccionados;No seleccionados;No seleccionados;No seleccionados;No seleccionados;Si;47;Si;Si;Si;Muerto;Cardiovascular;No;Si